state,n_transitions,expectancy_R,win_rate_pct,avg_R,profit_factor,n_up,n_down
late_high_pos_high,20,1.9253501777562985,85.0,1.925,36.90407901911988,17.0,2.0
late_high_pos_med,18,1.688206868777293,66.7,1.688,9.165723764764572,12.0,6.0
late_med_pos_low,20,1.4818212986681307,60.0,1.482,2.7086980733842347,12.0,8.0
late_med_pos_med,21,1.4737650034288552,76.2,1.474,4.460194236739857,16.0,5.0
late_med_pos_high,21,1.4206434188779533,76.2,1.421,12.458963227795692,16.0,5.0
late_low_pos_high,17,1.362865812253976,58.8,1.363,3.999166956680127,10.0,6.0
late_low_pos_med,22,1.1786160982518636,68.2,1.179,2.2277794536480644,15.0,7.0
late_med_neg_high,6,1.0532260108290739,50.0,1.053,6.241669664291659,3.0,3.0
ny_med_pos_low,121,0.6541169585663176,53.7,0.654,1.940547370058136,65.0,54.0
london_low_pos_high,101,0.6038185436744387,58.4,0.604,1.603652132616686,59.0,42.0
london_med_pos_high,103,0.5943944871061966,68.0,0.594,1.5284068271702531,70.0,33.0
ny_high_pos_low,90,0.5533122243803672,56.7,0.553,1.944708952551143,51.0,39.0
ny_low_neg_high,51,0.553191293983756,62.7,0.553,1.8392761913865747,32.0,19.0
ny_high_neg_low,95,0.5368386366088858,63.2,0.537,1.7257458196376556,60.0,35.0
ny_low_pos_low,133,0.5270195119409048,56.4,0.527,1.6027741796021593,75.0,57.0
asia_med_pos_med,76,0.46832398069831827,63.2,0.468,1.5580633390431746,48.0,28.0
asia_high_pos_high,74,0.4579877702220714,59.5,0.458,1.454441428568046,44.0,30.0
ny_med_pos_med,110,0.4232557747578162,60.0,0.423,1.5360820019998764,66.0,44.0
asia_low_neg_high,54,0.361402803710897,44.4,0.361,1.3047346862565599,24.0,30.0
asia_med_pos_high,79,0.3514282379013639,59.5,0.351,1.2910960107444134,47.0,32.0
asia_med_pos_low,66,0.3379187536445147,60.6,0.338,1.303016725909329,40.0,26.0
asia_high_pos_low,50,0.2280437726112341,62.0,0.228,1.1518871174088816,31.0,19.0
asia_low_pos_low,77,0.21483699796376177,53.2,0.215,1.1540077272748446,41.0,35.0
london_low_neg_low,31,0.1826962043041096,45.2,0.183,1.1889456127585558,14.0,17.0
london_med_pos_low,56,0.178489494123995,58.9,0.178,1.1254151176566443,33.0,23.0
london_low_pos_med,63,0.1408043088543434,46.0,0.141,1.0989734521953065,29.0,34.0
ny_high_neg_high,50,0.1057382057070293,58.0,0.106,1.1130719205105202,29.0,21.0
asia_low_pos_high,57,0.07989214513205552,63.2,0.08,1.0569571751617095,36.0,21.0
london_med_pos_med,73,0.07307902439927112,53.4,0.073,1.0482402481033586,39.0,33.0
asia_low_neg_low,52,0.06488056830104486,50.0,0.065,1.0447495998158216,26.0,25.0
ny_low_pos_med,95,0.03711468783454269,54.7,0.037,1.0352812384963594,52.0,43.0
ny_low_neg_low,72,-0.022942613244830726,44.4,-0.023,0.9800754283413939,32.0,39.0
ny_high_neg_med,85,-0.033416375204560526,45.9,-0.033,0.9597337654889416,39.0,46.0
asia_med_neg_med,39,-0.06456887490730222,51.3,-0.065,0.9428579398778622,20.0,19.0
london_high_pos_high,100,-0.0910281773886987,49.0,-0.091,0.9178559473916615,49.0,50.0
late_low_neg_med,14,-0.09577191183180037,50.0,-0.096,0.926414071634511,7.0,7.0
asia_high_neg_low,42,-0.11060790723759598,38.1,-0.111,0.9107595411606546,16.0,26.0
london_high_neg_high,44,-0.11287937885135184,47.7,-0.113,0.931359822717818,21.0,23.0
late_high_pos_low,19,-0.1608228244106878,63.2,-0.161,0.8962718606166621,12.0,7.0
london_high_pos_med,66,-0.1862468432137332,53.0,-0.186,0.8712214460018315,35.0,31.0
asia_med_neg_low,44,-0.2748426754315799,38.6,-0.275,0.8068702849011397,17.0,27.0
asia_high_pos_med,74,-0.2827142037067008,58.1,-0.283,0.8315265328157725,43.0,31.0
late_med_neg_low,26,-0.30125481472741283,42.3,-0.301,0.7785490160205008,11.0,15.0
ny_high_pos_med,128,-0.309849691511754,53.9,-0.31,0.7829735112006126,69.0,59.0
ny_low_pos_high,96,-0.34947026085535726,42.7,-0.349,0.7004970225736579,41.0,55.0
ny_med_neg_med,50,-0.42484313438078525,44.0,-0.425,0.6678697279445295,22.0,28.0
ny_low_neg_med,53,-0.4370380054618268,50.9,-0.437,0.6941947224030257,27.0,26.0
asia_high_neg_med,47,-0.4645073759191426,44.7,-0.465,0.6215561306148385,21.0,26.0
asia_high_neg_high,49,-0.5024092387373882,34.7,-0.502,0.6019970499040193,17.0,32.0
london_high_neg_low,21,-0.5047879601712473,42.9,-0.505,0.6829036047029876,9.0,12.0
ny_med_neg_high,44,-0.5052731001570726,43.2,-0.505,0.5711553930428459,19.0,25.0
late_high_neg_low,19,-0.5107184574212299,52.6,-0.511,0.643228392085954,10.0,8.0
asia_low_pos_med,74,-0.5263551779747133,43.2,-0.526,0.6575078845485945,32.0,41.0
late_low_neg_high,6,-0.5317759083016401,50.0,-0.532,0.5221942887969648,3.0,3.0
late_med_neg_med,13,-0.5330621289149025,38.5,-0.533,0.5495809150890918,5.0,8.0
late_high_neg_med,14,-0.6484369871043201,28.6,-0.648,0.3724983289208962,4.0,10.0
ny_high_pos_high,106,-0.6488652499236934,49.1,-0.649,0.5350148355007306,52.0,53.0
london_low_neg_med,30,-0.6506206660162396,40.0,-0.651,0.6125089380840344,12.0,18.0
london_high_pos_low,40,-0.6582854384488415,50.0,-0.658,0.6473503603709096,20.0,20.0
ny_med_neg_low,89,-0.6798500192678698,31.5,-0.68,0.5713043637292241,28.0,61.0
london_low_neg_high,40,-0.701668554445599,40.0,-0.702,0.6072375076126905,16.0,23.0
ny_med_pos_high,87,-0.7770687314908579,44.8,-0.777,0.5142859091456277,39.0,48.0
london_low_pos_low,57,-0.7874565654757106,45.6,-0.787,0.6535266249242155,26.0,31.0
asia_low_neg_med,48,-0.8311560151588604,45.8,-0.831,0.5523179893521721,22.0,25.0
london_med_neg_med,35,-0.849081191632967,48.6,-0.849,0.6315409108382923,17.0,18.0
late_high_neg_high,5,-0.9566797817978177,20.0,-0.957,0.385848841387764,1.0,4.0
asia_med_neg_high,47,-1.012512073354734,34.0,-1.013,0.3812261107758638,16.0,31.0
late_low_pos_low,32,-1.1259582651581086,43.8,-1.126,0.5047558937174083,14.0,18.0
london_med_neg_low,29,-1.1898092322040554,51.7,-1.19,0.516434330665756,15.0,14.0
london_med_neg_high,30,-1.2682046140447931,43.3,-1.268,0.39128687185664635,13.0,17.0
london_high_neg_med,31,-1.6615900403338812,35.5,-1.662,0.3978613821892459,11.0,20.0
late_low_neg_low,10,-2.5164683262932757,30.0,-2.516,0.10553110443291992,3.0,7.0
