symbol,entry_time,exit_time,entry_price,exit_price,pnl_r,pnl_usd,exit_reason,decile,aggression,candles_held,mae,mfe,risk_pct,entry_atr,equity_after,confirmations,vol_z
NMRUSDT,2026-02-02T07:19:59.999000+00:00,2026-02-02T08:59:59.999000+00:00,9.1208238,9.237580685714287,0.4482,179.26,vol_trail,2,68.2,20,-0.4856,1.3015,0.04,0.1005,10172.73,"{""breakout"": true, ""imb"": false, ""vol"": true, ""body"": true, ""impulse"": true, ""momentum"": true}",4.927603585043651
UNIUSDT,2026-02-13T13:04:59.999000+00:00,2026-02-13T13:29:59.999000+00:00,3.3436686,3.3562214785714284,0.3914,159.26,vol_trail,9,82.8,5,-0.1772,0.7443,0.04,0.011285714285714375,10310.29,"{""breakout"": true, ""imb"": false, ""vol"": true, ""body"": true, ""impulse"": true, ""momentum"": true}",5.649507478001635
BNBUSDT,2026-02-13T14:29:59.999000+00:00,2026-02-13T18:19:59.999000+00:00,598.739724,614.0200285714285,2.9627,1221.85,vol_trail,2,68.6,46,0.0,3.7478,0.04,2.0257142857142867,11510.2,"{""breakout"": false, ""imb"": false, ""vol"": true, ""body"": true, ""impulse"": true, ""momentum"": true}",3.9489241811713396
ZECUSDT,2026-02-14T21:14:59.999000+00:00,2026-02-15T00:39:59.999000+00:00,328.785744,320.10418064285716,-1.032,-475.15,stop_loss,7,80.1,41,-1.0512,0.373,0.04,3.420714285714285,11027.08,"{""breakout"": true, ""imb"": false, ""vol"": true, ""body"": true, ""impulse"": true, ""momentum"": true}",5.19018946660615
ZECUSDT,2026-02-16T12:54:59.999000+00:00,2026-02-16T13:19:59.999000+00:00,299.989986,301.7175015714286,0.2791,123.1,vol_trail,2,69.2,5,-0.0491,1.5446,0.04,2.281428571428575,11139.74,"{""breakout"": true, ""imb"": false, ""vol"": true, ""body"": false, ""impulse"": true, ""momentum"": true}",5.645030446462556
TAOUSDT,2026-02-16T19:49:59.999000+00:00,2026-02-16T20:59:59.999000+00:00,192.568506,195.0045627142857,0.7493,333.89,vol_trail,8,80.9,14,-0.2968,1.5316,0.04,1.2535714285714314,11461.31,"{""breakout"": false, ""imb"": false, ""vol"": true, ""body"": true, ""impulse"": true, ""momentum"": true}",3.3866334719792253
DOTUSDT,2026-02-25T01:09:59.999000+00:00,2026-02-25T01:14:59.999000+00:00,1.2442488,1.264318514285714,2.1001,962.79,vol_trail,5,75.8,1,0.0,3.1231,0.04,0.0037142857142857494,12396.45,"{""breakout"": false, ""imb"": false, ""vol"": true, ""body"": true, ""impulse"": true, ""momentum"": true}",3.5814344994456833
ARBUSDT,2026-02-25T01:19:59.999000+00:00,2026-02-25T02:29:59.999000+00:00,0.09511902,0.09513097,-0.0243,-12.07,vol_trail,9,84.0,14,-0.3155,0.1577,0.04,0.0005071428571428538,12353.63,"{""breakout"": true, ""imb"": false, ""vol"": true, ""body"": false, ""impulse"": true, ""momentum"": true}",4.526975179655015
APTUSDT,2026-02-25T01:49:59.999000+00:00,2026-02-25T03:24:59.999000+00:00,0.8601719999999999,0.8461521642857143,-1.0528,-521.33,stop_loss,2,68.8,19,-1.0454,0.2924,0.04,0.0054714285714285715,11832.3,"{""breakout"": false, ""imb"": false, ""vol"": true, ""body"": true, ""impulse"": true, ""momentum"": true}",4.020690422985249
ARBUSDT,2026-02-25T16:54:59.999000+00:00,2026-02-25T20:19:59.999000+00:00,0.10332066000000001,0.10357928,0.1079,51.04,vol_trail,3,72.4,41,-0.7127,0.56,0.04,0.0007857142857142854,11861.98,"{""breakout"": true, ""imb"": false, ""vol"": true, ""body"": false, ""impulse"": true, ""momentum"": true}",3.15825674268149
DOTUSDT,2026-02-25T11:54:59.999000+00:00,2026-02-25T22:39:59.999000+00:00,1.3892778000000001,1.6691661,9.59,4538.87,vol_trail,2,67.8,129,-0.481,12.0589,0.04,0.011642857142857146,16400.85,"{""breakout"": true, ""imb"": false, ""vol"": true, ""body"": true, ""impulse"": true, ""momentum"": true}",4.0409189403502666
1000LUNCUSDT,2026-02-27T01:34:59.999000+00:00,2026-02-27T02:29:59.999000+00:00,0.039197838000000006,0.040956449928571434,1.9568,1283.75,vol_trail,8,81.0,11,-0.4273,2.1365,0.04,0.0003557142857142851,17671.58,"{""breakout"": true, ""imb"": false, ""vol"": true, ""body"": true, ""impulse"": true, ""momentum"": true}",3.679884740895855
1000LUNCUSDT,2026-02-27T15:29:59.999000+00:00,2026-02-27T15:39:59.999000+00:00,0.041468292,0.03997343228571428,-1.0232,-723.25,stop_loss,5,76.2,2,-0.8928,0.0,0.04,0.0005914285714285707,16939.41,"{""breakout"": false, ""imb"": false, ""vol"": true, ""body"": true, ""impulse"": true, ""momentum"": true}",4.050990868312095
PENDLEUSDT,2026-03-01T02:09:59.999000+00:00,2026-03-01T02:24:59.999000+00:00,1.38157626,1.3510475935714286,-1.0385,-703.67,stop_loss,8,82.1,3,-0.9839,0.0,0.04,0.011992857142857123,16221.69,"{""breakout"": true, ""imb"": false, ""vol"": true, ""body"": false, ""impulse"": true, ""momentum"": true}",4.964942426558394
NEARUSDT,2026-03-02T01:14:59.999000+00:00,2026-03-02T01:24:59.999000+00:00,1.1862371999999999,1.1636243714285712,-1.0449,-677.98,stop_loss,8,82.4,2,-1.1742,0.0,0.04,0.008857142857142897,15528.07,"{""breakout"": true, ""imb"": false, ""vol"": true, ""body"": false, ""impulse"": true, ""momentum"": true}",5.173038929600182
ARBUSDT,2026-03-02T14:44:59.999000+00:00,2026-03-02T15:34:59.999000+00:00,0.10422084,0.10591095642857143,0.8844,549.32,vol_trail,7,79.2,10,0.0,1.9923,0.04,0.0007428571428571423,16002.38,"{""breakout"": true, ""imb"": false, ""vol"": true, ""body"": true, ""impulse"": true, ""momentum"": true}",6.430336139858807
XRPUSDT,2026-03-02T14:44:59.999000+00:00,2026-03-02T17:14:59.999000+00:00,1.3657731,1.4012482657142857,2.47,1532.62,vol_trail,7,79.7,30,0.0,3.6365,0.04,0.005642857142857172,17535.01,"{""breakout"": true, ""imb"": false, ""vol"": true, ""body"": true, ""impulse"": true, ""momentum"": true}",3.9380381044952295
XLMUSDT,2026-03-02T15:09:59.999000+00:00,2026-03-02T17:14:59.999000+00:00,0.158451684,0.15910531542857143,0.2449,151.68,vol_trail,2,69.4,25,0.0,1.4642,0.04,0.0009507142857142868,17686.69,"{""breakout"": true, ""imb"": false, ""vol"": true, ""body"": true, ""impulse"": true, ""momentum"": true}",4.182625355473267
ENAUSDT,2026-03-02T15:14:59.999000+00:00,2026-03-02T21:24:59.999000+00:00,0.10812162,0.11510554571428572,3.1561,1952.58,vol_trail,1,66.8,74,-0.0911,4.1886,0.04,0.000878571428571428,19639.27,"{""breakout"": true, ""imb"": false, ""vol"": true, ""body"": true, ""impulse"": true, ""momentum"": true}",3.492665043503507
SOLUSDT,2026-03-03T16:09:59.999000+00:00,2026-03-03T16:44:59.999000+00:00,86.307258,84.76232985714286,-1.0479,-823.2,stop_loss,2,70.2,7,-0.94,0.6156,0.04,0.6042857142857139,18795.88,"{""breakout"": true, ""imb"": false, ""vol"": true, ""body"": true, ""impulse"": true, ""momentum"": true}",3.299844650111556
RENDERUSDT,2026-03-13T00:19:59.999000+00:00,2026-03-13T02:19:59.999000+00:00,1.715343,1.7212271142857143,0.149,112.05,vol_trail,7,80.3,24,-0.4375,0.8167,0.04,0.013714285714285743,18855.89,"{""breakout"": true, ""imb"": false, ""vol"": true, ""body"": true, ""impulse"": true, ""momentum"": true}",5.281060756038988
FETUSDT,2026-03-13T00:19:59.999000+00:00,2026-03-13T02:39:59.999000+00:00,0.18173634,0.1845595092857143,0.5641,423.76,vol_trail,8,82.3,28,0.0,1.2559,0.04,0.001942857142857139,19279.65,"{""breakout"": true, ""imb"": false, ""vol"": true, ""body"": false, ""impulse"": true, ""momentum"": true}",6.83251165466584
TAOUSDT,2026-03-13T00:19:59.999000+00:00,2026-03-13T02:59:59.999000+00:00,220.164024,229.5633638571429,2.8079,2107.73,vol_trail,8,81.9,32,-0.1238,3.6457,0.04,1.3242857142857116,21387.37,"{""breakout"": true, ""imb"": false, ""vol"": true, ""body"": true, ""impulse"": true, ""momentum"": true}",8.305401863175911
RENDERUSDT,2026-03-13T07:09:59.999000+00:00,2026-03-13T07:29:59.999000+00:00,1.8913782000000001,1.8477732285714286,-1.0369,-887.02,stop_loss,9,82.7,4,-0.8633,0.0,0.04,0.017142857142857158,20483.36,"{""breakout"": true, ""imb"": false, ""vol"": true, ""body"": true, ""impulse"": true, ""momentum"": true}",6.897317794728913
TAOUSDT,2026-03-13T09:49:59.999000+00:00,2026-03-13T10:04:59.999000+00:00,240.778146,241.82591085714287,0.2677,219.35,vol_trail,6,77.7,3,0.0,1.1006,0.04,1.402857142857146,20677.41,"{""breakout"": true, ""imb"": false, ""vol"": true, ""body"": true, ""impulse"": true, ""momentum"": true}",3.525295527804564
FETUSDT,2026-03-15T01:04:59.999000+00:00,2026-03-15T03:19:59.999000+00:00,0.18133626,0.19124745714285712,4.9126,4063.17,vol_trail,3,72.8,27,-0.1,5.9,0.04,0.0007999999999999952,24671.07,"{""breakout"": true, ""imb"": false, ""vol"": true, ""body"": true, ""impulse"": true, ""momentum"": true}",3.4293484561000027
RENDERUSDT,2026-03-15T01:34:59.999000+00:00,2026-03-15T04:09:59.999000+00:00,1.9263852,1.89187155,-1.0479,-864.65,stop_loss,3,71.4,31,-0.9778,0.4444,0.04,0.013499999999999988,23806.42,"{""breakout"": true, ""imb"": false, ""vol"": true, ""body"": true, ""impulse"": true, ""momentum"": true}",3.3205381779945626
TAOUSDT,2026-03-15T01:19:59.999000+00:00,2026-03-15T04:24:59.999000+00:00,256.481286,264.38425542857146,1.1897,982.39,vol_trail,2,70.1,37,-0.0764,2.0786,0.04,2.6171428571428583,24788.8,"{""breakout"": true, ""imb"": false, ""vol"": true, ""body"": false, ""impulse"": true, ""momentum"": true}",4.094550209210382
FETUSDT,2026-03-15T12:24:59.999000+00:00,2026-03-15T12:29:59.999000+00:00,0.19413882,0.1961321942857143,0.762,755.61,vol_trail,7,80.6,1,0.0,1.96,0.04,0.000999999999999995,25509.76,"{""breakout"": true, ""imb"": false, ""vol"": true, ""body"": true, ""impulse"": true, ""momentum"": true}",3.5908030068415533
TAOUSDT,2026-03-15T14:09:59.999000+00:00,2026-03-15T16:19:59.999000+00:00,268.463682,271.26359357142854,0.499,509.21,vol_trail,8,82.2,26,-0.2758,1.4238,0.04,2.1464285714285722,25996.0,"{""breakout"": false, ""imb"": false, ""vol"": true, ""body"": true, ""impulse"": true, ""momentum"": true}",4.977100930887854
NEARUSDT,2026-03-16T03:24:59.999000+00:00,2026-03-16T06:04:59.999000+00:00,1.3872774,1.405433142857143,0.846,879.65,vol_trail,5,75.8,32,-0.3379,1.3517,0.04,0.008285714285714276,26844.31,"{""breakout"": true, ""imb"": false, ""vol"": true, ""body"": true, ""impulse"": true, ""momentum"": true}",4.229863574301113
FETUSDT,2026-03-16T07:04:59.999000+00:00,2026-03-16T07:24:59.999000+00:00,0.20684136,0.20744421714285713,0.1204,129.27,vol_trail,3,71.6,4,0.0,0.9688,0.04,0.0016928571428571407,26949.97,"{""breakout"": true, ""imb"": false, ""vol"": true, ""body"": true, ""impulse"": true, ""momentum"": true}",3.2564178071212138
FETUSDT,2026-03-16T12:04:59.999000+00:00,2026-03-16T12:19:59.999000+00:00,0.2215443,0.22248406571428572,0.134,144.31,vol_trail,6,77.6,3,-0.0798,1.037,0.04,0.0025071428571428528,27058.22,"{""breakout"": true, ""imb"": false, ""vol"": true, ""body"": true, ""impulse"": true, ""momentum"": true}",4.532522255053391
TAOUSDT,2026-03-16T11:29:59.999000+00:00,2026-03-16T14:39:59.999000+00:00,288.25764,290.9039504285714,0.3403,366.88,vol_trail,2,68.2,38,-0.1475,1.3868,0.04,2.9564285714285745,27395.24,"{""breakout"": false, ""imb"": false, ""vol"": true, ""body"": true, ""impulse"": true, ""momentum"": true}",3.1901638154045937
NEARUSDT,2026-03-16T13:54:59.999000+00:00,2026-03-16T14:54:59.999000+00:00,1.4232846000000001,1.399505757142857,-1.0514,-1138.01,stop_loss,1,60.4,12,-0.6462,0.4308,0.04,0.009285714285714357,26257.22,"{""breakout"": false, ""imb"": false, ""vol"": true, ""body"": true, ""impulse"": true, ""momentum"": true}",3.357721086523771
FETUSDT,2026-03-16T16:14:59.999000+00:00,2026-03-16T18:14:59.999000+00:00,0.23644728,0.24459392857142856,0.9784,1027.57,vol_trail,2,68.5,24,0.0,2.3739,0.04,0.0032857142857142846,27245.86,"{""breakout"": true, ""imb"": false, ""vol"": true, ""body"": false, ""impulse"": true, ""momentum"": true}",5.1673390829720605
ZECUSDT,2026-03-16T17:14:59.999000+00:00,2026-03-16T18:24:59.999000+00:00,247.689528,258.7396702857143,2.3668,2484.52,vol_trail,5,76.6,14,0.0,3.6583,0.04,1.8478571428571453,29730.38,"{""breakout"": true, ""imb"": false, ""vol"": true, ""body"": true, ""impulse"": true, ""momentum"": true}",4.498656566160056
ZECUSDT,2026-03-17T17:54:59.999000+00:00,2026-03-17T18:04:59.999000+00:00,277.065402,279.65977114285715,0.6324,752.03,vol_trail,3,71.8,2,0.0,1.7446,0.04,1.5614285714285725,30444.43,"{""breakout"": true, ""imb"": false, ""vol"": true, ""body"": false, ""impulse"": true, ""momentum"": true}",3.390736625318849
FETUSDT,2026-03-20T01:44:59.999000+00:00,2026-03-20T04:49:59.999000+00:00,0.22134426,0.22604049714285715,1.1138,1356.39,vol_trail,6,77.9,37,-0.9212,1.8909,0.04,0.0016499999999999948,31771.41,"{""breakout"": true, ""imb"": false, ""vol"": true, ""body"": true, ""impulse"": true, ""momentum"": true}",6.093544099064757
TAOUSDT,2026-03-20T05:14:59.999000+00:00,2026-03-20T06:09:59.999000+00:00,305.771142,294.8403058571429,-1.0234,-1300.57,stop_loss,3,71.1,11,-0.9657,0.1304,0.04,4.324285714285712,30454.66,"{""breakout"": true, ""imb"": false, ""vol"": true, ""body"": true, ""impulse"": true, ""momentum"": true}",4.322546793918515
QNTUSDT,2026-03-20T08:34:59.999000+00:00,2026-03-20T13:34:59.999000+00:00,79.75594799999999,80.64850992857143,0.8687,1058.21,vol_trail,8,81.0,60,-0.4159,1.6232,0.04,0.39428571428571296,31468.52,"{""breakout"": true, ""imb"": false, ""vol"": true, ""body"": true, ""impulse"": true, ""momentum"": true}",4.783553404148477
FETUSDT,2026-03-20T22:04:59.999000+00:00,2026-03-20T22:24:59.999000+00:00,0.23164632,0.22691175142857142,-1.0417,-1311.29,stop_loss,7,80.7,4,-1.12,0.0,0.04,0.001857142857142857,30128.97,"{""breakout"": true, ""imb"": false, ""vol"": true, ""body"": true, ""impulse"": true, ""momentum"": true}",5.946593681879065
TAOUSDT,2026-03-24T02:04:59.999000+00:00,2026-03-24T03:49:59.999000+00:00,301.90036799999996,308.3511745714286,0.8152,982.46,vol_trail,5,76.0,21,-0.1899,1.4065,0.04,3.09714285714285,31090.28,"{""breakout"": true, ""imb"": false, ""vol"": true, ""body"": false, ""impulse"": true, ""momentum"": true}",4.315524562257858
QNTUSDT,2026-03-24T21:39:59.999000+00:00,2026-03-24T22:29:59.999000+00:00,76.825362,77.22598028571429,0.2699,335.7,vol_trail,3,72.9,10,-0.0369,0.9444,0.04,0.5421428571428584,31394.26,"{""breakout"": false, ""imb"": false, ""vol"": true, ""body"": true, ""impulse"": true, ""momentum"": true}",5.003800300913246
TAOUSDT,2026-03-25T07:14:59.999000+00:00,2026-03-25T08:59:59.999000+00:00,343.878762,345.9600798571429,0.3521,442.11,vol_trail,8,82.3,21,-0.4498,1.0074,0.04,2.1878571428571507,31800.84,"{""breakout"": true, ""imb"": false, ""vol"": true, ""body"": false, ""impulse"": true, ""momentum"": true}",5.462341113582387
CHZUSDT,2026-03-28T04:09:59.999000+00:00,2026-03-28T05:09:59.999000+00:00,0.036067212,0.03565643871428571,-1.0767,-1369.55,stop_loss,1,66.1,12,-0.9586,0.0,0.04,0.00015857142857143004,30379.21,"{""breakout"": false, ""imb"": false, ""vol"": true, ""body"": true, ""impulse"": true, ""momentum"": true}",3.461864783988323
CHZUSDT,2026-03-30T00:19:59.999000+00:00,2026-03-30T00:39:59.999000+00:00,0.040828164,0.04096323428571428,0.1799,218.65,vol_trail,3,73.1,4,-0.5091,0.8176,0.04,0.0002592857142857144,30563.42,"{""breakout"": true, ""imb"": false, ""vol"": true, ""body"": true, ""impulse"": true, ""momentum"": true}",3.8628265218675337
CHZUSDT,2026-03-30T07:04:59.999000+00:00,2026-03-30T08:04:59.999000+00:00,0.043328663999999996,0.04349844142857143,0.1998,244.26,vol_trail,8,82.2,12,0.0,1.0375,0.04,0.0003007142857142851,30775.97,"{""breakout"": true, ""imb"": false, ""vol"": true, ""body"": true, ""impulse"": true, ""momentum"": true}",3.9471034691544697
CHZUSDT,2026-03-30T11:14:59.999000+00:00,2026-03-30T12:04:59.999000+00:00,0.044488896,0.04341238721428571,-1.0351,-1274.19,stop_loss,2,70.3,10,-0.8121,0.2455,0.04,0.0004235714285714274,29478.51,"{""breakout"": true, ""imb"": false, ""vol"": true, ""body"": false, ""impulse"": true, ""momentum"": true}",3.5192974486816406
BNBUSDT,2026-04-04T06:19:59.999000+00:00,2026-04-04T07:34:59.999000+00:00,592.138404,590.7000506428571,-1.418,-1672.06,stop_loss,7,80.4,15,-1.2731,0.0,0.04,0.48071428571429514,27545.01,"{""breakout"": true, ""imb"": false, ""vol"": true, ""body"": true, ""impulse"": false, ""momentum"": true}",4.468176417799091
NMRUSDT,2026-04-06T03:49:59.999000+00:00,2026-04-06T05:14:59.999000+00:00,7.7555508,7.872996514285714,1.5634,1722.52,vol_trail,3,72.7,17,-0.302,2.2647,0.04,0.029142857142857168,29214.76,"{""breakout"": false, ""imb"": false, ""vol"": true, ""body"": true, ""impulse"": true, ""momentum"": true}",3.4666768126769396
ZECUSDT,2026-04-07T15:29:59.999000+00:00,2026-04-07T15:54:59.999000+00:00,271.014192,266.3210108571428,-1.0496,-1225.23,stop_loss,3,71.4,5,-0.8461,0.0,0.04,1.8342857142857107,27927.94,"{""breakout"": true, ""imb"": false, ""vol"": true, ""body"": true, ""impulse"": true, ""momentum"": true}",4.042997606207903
NMRUSDT,2026-04-07T14:34:59.999000+00:00,2026-04-07T16:09:59.999000+00:00,7.9135824,8.020966914285713,0.7617,890.06,vol_trail,3,71.0,19,-0.5358,1.4018,0.04,0.054499999999999806,28818.0,"{""breakout"": false, ""imb"": false, ""vol"": true, ""body"": true, ""impulse"": true, ""momentum"": true}",4.014249966411597
WLDUSDT,2026-04-07T18:24:59.999000+00:00,2026-04-07T18:59:59.999000+00:00,0.25395078,0.24983216642857142,-1.0531,-1213.88,stop_loss,7,79.1,7,-0.9458,0.3236,0.04,0.0016071428571428664,27571.33,"{""breakout"": true, ""imb"": false, ""vol"": true, ""body"": false, ""impulse"": true, ""momentum"": true}",3.0549485514160253
DOTUSDT,2026-04-07T22:34:59.999000+00:00,2026-04-07T23:04:59.999000+00:00,1.2982596,1.3078812285714285,0.4287,472.78,vol_trail,5,75.5,6,0.0,1.0915,0.04,0.008428571428571372,28013.53,"{""breakout"": true, ""imb"": false, ""vol"": true, ""body"": true, ""impulse"": true, ""momentum"": true}",4.762041148832102
DASHUSDT,2026-04-10T08:39:59.999000+00:00,2026-04-10T10:09:59.999000+00:00,40.648128,41.889120500000004,0.8587,962.23,vol_trail,7,79.8,18,-0.5199,1.7777,0.04,0.5692857142857152,28961.36,"{""breakout"": true, ""imb"": false, ""vol"": true, ""body"": true, ""impulse"": true, ""momentum"": true}",4.988929866462394
TONUSDT,2026-04-11T07:24:59.999000+00:00,2026-04-11T07:54:59.999000+00:00,1.31516298,1.3207072342857145,0.6777,785.13,vol_trail,5,76.6,6,0.0,1.4787,0.04,0.002921428571428567,29652.62,"{""breakout"": false, ""imb"": false, ""vol"": true, ""body"": true, ""impulse"": true, ""momentum"": true}",3.069677384570041
DASHUSDT,2026-04-11T09:44:59.999000+00:00,2026-04-11T11:39:59.999000+00:00,46.969392,45.50982478571429,-1.027,-1218.18,stop_loss,3,70.6,23,-0.6592,0.4233,0.04,0.5764285714285714,28379.84,"{""breakout"": true, ""imb"": false, ""vol"": true, ""body"": false, ""impulse"": true, ""momentum"": true}",3.0075323104895664
TONUSDT,2026-04-11T11:19:59.999000+00:00,2026-04-11T12:39:59.999000+00:00,1.39597914,1.3975632885714286,0.0477,56.57,vol_trail,5,76.5,16,-0.2398,0.8542,0.04,0.008007142857142864,28436.41,"{""breakout"": true, ""imb"": false, ""vol"": true, ""body"": true, ""impulse"": true, ""momentum"": true}",3.71457524580149
TONUSDT,2026-04-11T17:44:59.999000+00:00,2026-04-11T19:54:59.999000+00:00,1.45589112,1.4883736942857144,1.2662,1440.23,vol_trail,2,67.5,26,0.0,2.1731,0.04,0.010050000000000019,29846.98,"{""breakout"": false, ""imb"": false, ""vol"": true, ""body"": true, ""impulse"": true, ""momentum"": true}",3.6274019511169397
WLDUSDT,2026-04-13T01:14:59.999000+00:00,2026-04-13T01:44:59.999000+00:00,0.29515902,0.2978689857142857,0.6469,772.28,vol_trail,9,84.7,6,0.0,1.13,0.04,0.001592857142857142,30579.44,"{""breakout"": true, ""imb"": false, ""vol"": true, ""body"": true, ""impulse"": true, ""momentum"": true}",4.68475657464691
WLDUSDT,2026-04-13T12:09:59.999000+00:00,2026-04-13T12:54:59.999000+00:00,0.30006,0.30178963,0.4132,505.43,vol_trail,7,80.0,9,-0.2852,1.6333,0.04,0.0015428571428571475,30944.52,"{""breakout"": true, ""imb"": false, ""vol"": true, ""body"": true, ""impulse"": true, ""momentum"": true}",3.784541513558146
APTUSDT,2026-04-13T12:49:59.999000+00:00,2026-04-13T13:49:59.999000+00:00,0.830166,0.8344545042857142,0.8364,1021.59,vol_trail,7,79.6,12,0.0,2.9282,0.04,0.0018714285714285714,31938.08,"{""breakout"": true, ""imb"": false, ""vol"": true, ""body"": true, ""impulse"": true, ""momentum"": true}",3.470566464486602
ENAUSDT,2026-04-13T13:49:59.999000+00:00,2026-04-13T14:59:59.999000+00:00,0.09363872399999999,0.09426257228571429,0.3125,386.78,vol_trail,9,84.9,14,-0.3923,0.8491,0.04,0.0007442857142857141,32324.86,"{""breakout"": false, ""imb"": false, ""vol"": true, ""body"": true, ""impulse"": true, ""momentum"": true}",3.5167061420365937
ENAUSDT,2026-04-13T18:34:59.999000+00:00,2026-04-13T19:14:59.999000+00:00,0.094828962,0.09518060292857143,0.2192,283.4,vol_trail,8,81.9,8,0.0,1.1995,0.04,0.0005635714285714312,32569.1,"{""breakout"": false, ""imb"": false, ""vol"": true, ""body"": true, ""impulse"": true, ""momentum"": true}",3.0722233102678334
ENAUSDT,2026-04-13T22:14:59.999000+00:00,2026-04-13T22:19:59.999000+00:00,0.097789554,0.0983189037142857,0.3246,422.83,vol_trail,9,84.5,1,0.0,0.9568,0.04,0.000597857142857146,32953.57,"{""breakout"": true, ""imb"": false, ""vol"": true, ""body"": true, ""impulse"": true, ""momentum"": true}",3.026191013497895
WLDUSDT,2026-04-14T07:39:59.999000+00:00,2026-04-14T08:19:59.999000+00:00,0.32676534,0.3215820992857143,-1.0543,-1389.71,stop_loss,6,78.5,8,-1.0686,0.0,0.04,0.0020214285714285746,31525.51,"{""breakout"": true, ""imb"": false, ""vol"": true, ""body"": false, ""impulse"": true, ""momentum"": true}",4.889908069486566
ETHUSDT,2026-04-14T08:34:59.999000+00:00,2026-04-14T10:39:59.999000+00:00,2390.3879819999997,2377.795060142857,-1.1739,-1480.27,stop_loss,6,78.4,25,-1.1255,0.1641,0.04,4.655714285714274,29928.7,"{""breakout"": true, ""imb"": false, ""vol"": true, ""body"": true, ""impulse"": true, ""momentum"": true}",6.6571429620639595
PENDLEUSDT,2026-04-16T03:54:59.999000+00:00,2026-04-16T04:49:59.999000+00:00,1.12862568,1.1362727000000001,0.6244,746.04,vol_trail,3,72.7,11,-0.2012,1.3475,0.04,0.00457142857142856,30564.62,"{""breakout"": false, ""imb"": false, ""vol"": true, ""body"": true, ""impulse"": true, ""momentum"": true}",3.026592538798156
XLMUSDT,2026-04-16T03:34:59.999000+00:00,2026-04-16T04:49:59.999000+00:00,0.1595319,0.15968234285714286,0.0521,62.42,vol_trail,6,77.5,15,0.0,0.5773,0.04,0.0006028571428571451,30581.18,"{""breakout"": false, ""imb"": false, ""vol"": true, ""body"": true, ""impulse"": true, ""momentum"": true}",5.227612350735623
ENAUSDT,2026-04-16T04:49:59.999000+00:00,2026-04-16T06:34:59.999000+00:00,0.102110418,0.10287656342857142,0.5876,718.43,vol_trail,3,72.0,21,-0.1224,1.2816,0.04,0.0004899999999999993,31256.45,"{""breakout"": false, ""imb"": false, ""vol"": true, ""body"": true, ""impulse"": true, ""momentum"": true}",3.1032626252317805
DOTUSDT,2026-04-16T05:44:59.999000+00:00,2026-04-16T07:54:59.999000+00:00,1.2322464,1.2581768857142857,1.6141,1974.43,vol_trail,3,71.4,26,-0.0636,2.4818,0.04,0.0062857142857142756,33230.88,"{""breakout"": true, ""imb"": false, ""vol"": true, ""body"": true, ""impulse"": true, ""momentum"": true}",5.981886605057514
PENDLEUSDT,2026-04-16T09:19:59.999000+00:00,2026-04-16T10:19:59.999000+00:00,1.16533302,1.149834272857143,-1.0652,-1415.91,stop_loss,5,75.9,12,-1.0907,0.4523,0.04,0.0060142857142856864,31768.61,"{""breakout"": false, ""imb"": false, ""vol"": true, ""body"": true, ""impulse"": true, ""momentum"": true}",3.7825926047625607
ENAUSDT,2026-04-16T13:19:59.999000+00:00,2026-04-16T13:44:59.999000+00:00,0.105581112,0.10422129442857142,-1.0674,-1352.6,stop_loss,6,78.7,5,-0.7588,0.0,0.04,0.000527142857142858,30193.64,"{""breakout"": true, ""imb"": false, ""vol"": true, ""body"": true, ""impulse"": true, ""momentum"": true}",3.6078894898005722
ADAUSDT,2026-04-16T12:04:59.999000+00:00,2026-04-16T13:54:59.999000+00:00,0.24944988,0.24776115214285716,-1.1327,-1439.4,stop_loss,8,80.9,22,-1.0697,2.8944,0.04,0.0006357142857142851,28754.23,"{""breakout"": false, ""imb"": false, ""vol"": true, ""body"": true, ""impulse"": true, ""momentum"": true}",3.0193557751207423
XRPUSDT,2026-04-16T13:29:59.999000+00:00,2026-04-16T13:54:59.999000+00:00,1.4287857000000002,1.4188590285714286,-1.1291,-1428.68,stop_loss,7,80.5,5,-2.9817,0.1817,0.04,0.003742857142857143,27325.55,"{""breakout"": true, ""imb"": false, ""vol"": true, ""body"": true, ""impulse"": true, ""momentum"": true}",3.406871444223238
ARBUSDT,2026-04-16T13:59:59.999000+00:00,2026-04-16T14:19:59.999000+00:00,0.12322464000000001,0.11992601,-1.0316,-1127.53,stop_loss,3,71.7,4,-1.0154,0.0,0.04,0.0013000000000000015,26179.38,"{""breakout"": false, ""imb"": false, ""vol"": true, ""body"": true, ""impulse"": true, ""momentum"": true}",4.629812349259792
XLMUSDT,2026-04-16T15:54:59.999000+00:00,2026-04-16T15:59:59.999000+00:00,0.16339267200000002,0.16377438142857143,0.1851,193.51,vol_trail,3,70.7,1,0.0,0.5768,0.04,0.0006657142857142874,26287.84,"{""breakout"": true, ""imb"": false, ""vol"": true, ""body"": true, ""impulse"": true, ""momentum"": true}",3.5302433648732237
SOLUSDT,2026-04-16T15:39:59.999000+00:00,2026-04-16T16:54:59.999000+00:00,86.727342,85.64108264285714,-1.0694,-1119.87,stop_loss,3,71.0,15,-0.8842,0.0475,0.04,0.42071428571428576,25167.97,"{""breakout"": true, ""imb"": false, ""vol"": true, ""body"": false, ""impulse"": true, ""momentum"": true}",3.5815786424354457
BNBUSDT,2026-04-17T09:29:59.999000+00:00,2026-04-17T09:34:59.999000+00:00,635.0569859999999,631.4572547142856,-1.1606,-1168.4,stop_loss,8,82.5,1,-1.1296,0.0,0.04,1.3385714285714374,23881.79,"{""breakout"": true, ""imb"": false, ""vol"": true, ""body"": true, ""impulse"": true, ""momentum"": true}",3.869089599648999
1000PEPEUSDT,2026-04-17T09:34:59.999000+00:00,2026-04-17T10:34:59.999000+00:00,0.00392568498,0.003868411877142857,-1.0592,-1062.7,stop_loss,2,68.6,12,-0.8256,0.1418,0.04,2.228571428571436e-05,22775.38,"{""breakout"": false, ""imb"": false, ""vol"": true, ""body"": true, ""impulse"": true, ""momentum"": true}",4.036875762423274
ETHUSDT,2026-04-17T09:34:59.999000+00:00,2026-04-17T12:29:59.999000+00:00,2354.340774,2354.8232268571423,-0.0249,-23.81,vol_trail,3,72.2,35,-0.697,0.2043,0.04,9.262857142857131,22751.57,"{""breakout"": false, ""imb"": false, ""vol"": true, ""body"": true, ""impulse"": true, ""momentum"": true}",4.806966821991891
XLMUSDT,2026-04-17T12:54:59.999000+00:00,2026-04-17T13:09:59.999000+00:00,0.17077414800000001,0.17088260235714284,0.0244,22.21,vol_trail,9,82.6,3,-0.0309,0.5724,0.04,0.000517142857142853,22719.69,"{""breakout"": true, ""imb"": false, ""vol"": true, ""body"": true, ""impulse"": true, ""momentum"": true}",3.420402237794289
XLMUSDT,2026-04-18T04:09:59.999000+00:00,2026-04-18T04:14:59.999000+00:00,0.175955184,0.17451901778571427,-1.1088,-1007.66,stop_loss,9,83.4,1,-0.7906,0.0,0.04,0.0005464285714285648,21659.35,"{""breakout"": true, ""imb"": false, ""vol"": true, ""body"": true, ""impulse"": true, ""momentum"": true}",3.4330936716652096
CHZUSDT,2026-04-20T00:59:59.999000+00:00,2026-04-20T03:19:59.999000+00:00,0.042018401999999996,0.04289142,1.3354,1156.98,vol_trail,6,78.4,28,-0.7039,2.0961,0.04,0.0002557142857142857,22790.7,"{""breakout"": true, ""imb"": false, ""vol"": true, ""body"": false, ""impulse"": true, ""momentum"": true}",4.809624840960294
1000PEPEUSDT,2026-04-20T18:04:59.999000+00:00,2026-04-20T19:44:59.999000+00:00,0.0038160630600000004,0.003814572647142857,-0.0828,-75.45,vol_trail,8,81.7,20,-0.3226,0.5239,0.04,1.5500000000000045e-05,22654.54,"{""breakout"": true, ""imb"": false, ""vol"": true, ""body"": true, ""impulse"": true, ""momentum"": true}",4.319463654936089
CHZUSDT,2026-04-20T18:59:59.999000+00:00,2026-04-20T22:09:59.999000+00:00,0.046869372,0.047134856857142866,0.2586,235.32,vol_trail,1,65.0,38,-0.7834,1.1327,0.04,0.00037785714285714256,22889.86,"{""breakout"": false, ""imb"": false, ""vol"": true, ""body"": true, ""impulse"": true, ""momentum"": true}",3.2765683991878274
ETHUSDT,2026-04-22T15:39:59.999000+00:00,2026-04-22T16:54:59.999000+00:00,2409.0617159999997,2385.142161857143,-1.0885,-996.63,stop_loss,3,73.0,15,-1.0191,0.0993,0.04,9.184285714285547,21850.0,"{""breakout"": false, ""imb"": false, ""vol"": true, ""body"": true, ""impulse"": true, ""momentum"": true}",4.630690000320256
RUNEUSDT,2026-04-26T15:24:59.999000+00:00,2026-04-26T19:09:59.999000+00:00,0.49249848,0.5066058014285715,3.7548,3281.69,vol_trail,8,81.3,45,-0.1082,4.8696,0.04,0.0014785714285714205,25079.29,"{""breakout"": true, ""imb"": false, ""vol"": true, ""body"": true, ""impulse"": true, ""momentum"": true}",7.264227799498601
1000LUNCUSDT,2026-04-26T22:19:59.999000+00:00,2026-04-26T22:34:59.999000+00:00,0.060382074,0.058567212785714286,-1.028,-1031.26,stop_loss,5,75.7,3,-0.9157,0.0614,0.04,0.0007164285714285717,24032.82,"{""breakout"": true, ""imb"": false, ""vol"": true, ""body"": false, ""impulse"": true, ""momentum"": true}",3.6893896951564997
RUNEUSDT,2026-04-29T01:54:59.999000+00:00,2026-04-29T02:09:59.999000+00:00,0.51930384,0.5229239657142857,0.6794,653.1,vol_trail,3,71.1,3,-0.2208,1.7262,0.04,0.0019928571428571374,24640.83,"{""breakout"": true, ""imb"": false, ""vol"": true, ""body"": true, ""impulse"": true, ""momentum"": true}",3.4912016003600512
SOLUSDT,2026-05-01T02:49:59.999000+00:00,2026-05-01T03:19:59.999000+00:00,83.71674,83.76610057142857,0.0416,41.01,vol_trail,6,78.7,6,-0.6064,1.3197,0.04,0.11214285714285767,24549.4,"{""breakout"": true, ""imb"": false, ""vol"": true, ""body"": true, ""impulse"": false, ""momentum"": true}",4.428570092432835
PENDLEUSDT,2026-05-01T04:29:59.999000+00:00,2026-05-01T06:19:59.999000+00:00,1.4773954200000001,1.4810358764285714,0.0908,89.12,vol_trail,9,85.0,22,-0.47,0.3693,0.04,0.013107142857142857,24618.6,"{""breakout"": true, ""imb"": false, ""vol"": true, ""body"": true, ""impulse"": true, ""momentum"": true}",6.466746476745496
PENDLEUSDT,2026-05-01T11:59:59.999000+00:00,2026-05-01T12:44:59.999000+00:00,1.5632125799999999,1.5203280164285713,-1.0308,-1015.05,stop_loss,8,81.8,9,-0.7642,0.1822,0.04,0.01690714285714288,23386.04,"{""breakout"": true, ""imb"": false, ""vol"": true, ""body"": false, ""impulse"": true, ""momentum"": true}",5.333900843775597
ETHUSDT,2026-05-01T12:29:59.999000+00:00,2026-05-01T13:44:59.999000+00:00,2304.4608,2305.178872,-0.0277,-27.11,vol_trail,6,77.6,15,-0.3425,0.606,0.04,4.613571428571471,23264.04,"{""breakout"": true, ""imb"": false, ""vol"": true, ""body"": true, ""impulse"": false, ""momentum"": true}",4.5981337641090665
SOLUSDT,2026-05-01T12:24:59.999000+00:00,2026-05-01T13:54:59.999000+00:00,84.33686399999999,84.34277092857144,-0.097,-95.46,vol_trail,7,80.1,18,-0.2422,0.9989,0.04,0.13214285714285776,23168.57,"{""breakout"": true, ""imb"": false, ""vol"": true, ""body"": true, ""impulse"": false, ""momentum"": true}",3.9390788829856134
XRPUSDT,2026-05-01T13:34:59.999000+00:00,2026-05-01T15:54:59.999000+00:00,1.39267848,1.393396265,0.0147,13.74,vol_trail,8,81.7,28,-0.4694,0.9064,0.04,0.002471428571428569,23119.01,"{""breakout"": true, ""imb"": false, ""vol"": true, ""body"": true, ""impulse"": true, ""momentum"": true}",5.941301868656855
ZECUSDT,2026-05-01T15:39:59.999000+00:00,2026-05-01T16:04:59.999000+00:00,357.65151599999996,358.46400714285716,0.14,129.56,vol_trail,5,76.0,5,-0.3483,0.5052,0.04,1.8607142857142946,23248.57,"{""breakout"": true, ""imb"": false, ""vol"": true, ""body"": true, ""impulse"": true, ""momentum"": true}",5.189583777678781
TAOUSDT,2026-05-01T14:59:59.999000+00:00,2026-05-01T16:29:59.999000+00:00,266.56330199999996,270.18023885714285,0.9836,911.56,vol_trail,2,68.3,18,-0.0507,2.2991,0.04,1.421428571428574,24160.13,"{""breakout"": true, ""imb"": false, ""vol"": true, ""body"": false, ""impulse"": true, ""momentum"": true}",3.2050275874542726
TAOUSDT,2026-05-02T06:54:59.999000+00:00,2026-05-02T06:59:59.999000+00:00,275.365062,275.93480199999993,0.2361,228.13,vol_trail,9,84.5,1,0.0,0.943,0.04,0.7550000000000036,24324.82,"{""breakout"": true, ""imb"": false, ""vol"": true, ""body"": true, ""impulse"": true, ""momentum"": true}",5.3335024934233175
1000LUNCUSDT,2026-05-02T13:09:59.999000+00:00,2026-05-02T18:54:59.999000+00:00,0.077945586,0.07992258371428572,1.238,1204.58,vol_trail,2,70.1,69,-0.759,2.2387,0.04,0.0006271428571428549,25507.63,"{""breakout"": true, ""imb"": false, ""vol"": true, ""body"": false, ""impulse"": true, ""momentum"": true}",4.433357900971707
TAOUSDT,2026-05-02T20:29:59.999000+00:00,2026-05-02T21:24:59.999000+00:00,289.567902,285.67963835714284,-1.0646,-1086.18,stop_loss,1,58.3,11,-0.9249,0.4585,0.04,1.50928571428571,24386.21,"{""breakout"": false, ""imb"": false, ""vol"": true, ""body"": true, ""impulse"": true, ""momentum"": true}",4.286213977339581
1000LUNCUSDT,2026-05-03T00:39:59.999000+00:00,2026-05-03T02:19:59.999000+00:00,0.09357871200000001,0.08963492657142857,-1.0197,-994.67,stop_loss,1,65.4,20,-0.7909,0.9112,0.04,0.0015628571428571425,23381.03,"{""breakout"": true, ""imb"": false, ""vol"": true, ""body"": false, ""impulse"": true, ""momentum"": true}",3.242871593712341
DASHUSDT,2026-05-04T00:49:59.999000+00:00,2026-05-04T00:54:59.999000+00:00,40.15803,41.299595571428576,1.5081,1410.42,vol_trail,9,84.2,1,0.0,1.7458,0.04,0.2978571428571425,24768.76,"{""breakout"": true, ""imb"": false, ""vol"": true, ""body"": true, ""impulse"": true, ""momentum"": true}",3.5006090776423293
ETHUSDT,2026-05-04T01:59:59.999000+00:00,2026-05-04T03:39:59.999000+00:00,2350.950096,2376.030413142857,1.24,1228.5,vol_trail,6,77.8,20,0.0,1.7222,0.04,7.745714285714322,25873.74,"{""breakout"": false, ""imb"": false, ""vol"": true, ""body"": true, ""impulse"": true, ""momentum"": true}",4.023822741091183
BNBUSDT,2026-05-04T02:44:59.999000+00:00,2026-05-04T04:09:59.999000+00:00,626.685312,629.4940759999998,0.6286,621.39,vol_trail,2,67.7,17,-0.5028,1.5307,0.04,1.607142857142849,26495.13,"{""breakout"": true, ""imb"": false, ""vol"": true, ""body"": true, ""impulse"": false, ""momentum"": true}",4.529247444001573
TONUSDT,2026-05-04T05:19:59.999000+00:00,2026-05-04T06:49:59.999000+00:00,1.38707736,1.3870582471428572,-0.059,-62.49,vol_trail,8,82.2,18,-0.4949,0.5316,0.04,0.0043642857142857094,26372.02,"{""breakout"": true, ""imb"": false, ""vol"": true, ""body"": false, ""impulse"": true, ""momentum"": true}",5.152613710007155
DASHUSDT,2026-05-04T21:59:59.999000+00:00,2026-05-04T23:09:59.999000+00:00,50.530104,49.14409778571429,-1.0308,-1087.35,stop_loss,7,80.6,14,-1.2591,0.161,0.04,0.5464285714285718,25267.11,"{""breakout"": true, ""imb"": false, ""vol"": true, ""body"": true, ""impulse"": true, ""momentum"": true}",4.245343652473236
TONUSDT,2026-05-05T00:39:59.999000+00:00,2026-05-05T01:09:59.999000+00:00,1.68053604,1.7576055514285713,1.2212,1234.2,vol_trail,6,77.5,6,0.0,1.9771,0.04,0.024985714285714295,26489.07,"{""breakout"": true, ""imb"": false, ""vol"": true, ""body"": true, ""impulse"": true, ""momentum"": true}",3.84361662078918
ZECUSDT,2026-05-05T13:04:59.999000+00:00,2026-05-05T15:44:59.999000+00:00,427.305444,430.3903332857143,0.6412,679.41,vol_trail,8,81.5,32,0.0,1.568,0.04,1.8035714285714326,27123.3,"{""breakout"": true, ""imb"": false, ""vol"": true, ""body"": true, ""impulse"": true, ""momentum"": true}",4.073454879064344
TONUSDT,2026-05-06T04:09:59.999000+00:00,2026-05-06T04:34:59.999000+00:00,2.1099219000000002,2.1336089071428574,0.4003,434.35,vol_trail,9,84.3,5,-0.3435,1.1151,0.04,0.022707142857142877,27539.5,"{""breakout"": true, ""imb"": false, ""vol"": true, ""body"": true, ""impulse"": true, ""momentum"": true}",3.180678144776529
DASHUSDT,2026-05-06T07:09:59.999000+00:00,2026-05-06T08:04:59.999000+00:00,52.46049,53.577853714285716,0.5127,564.83,vol_trail,9,83.6,11,-0.7832,1.1256,0.04,0.8528571428571422,27825.41,"{""breakout"": true, ""imb"": false, ""vol"": true, ""body"": true, ""impulse"": true, ""momentum"": true}",5.606922013267238
BNBUSDT,2026-05-06T07:44:59.999000+00:00,2026-05-06T08:34:59.999000+00:00,639.987972,641.491676,0.6158,675.64,vol_trail,7,79.4,10,-0.8058,1.9157,0.04,0.7892857142857436,28501.05,"{""breakout"": true, ""imb"": false, ""vol"": true, ""body"": true, ""impulse"": false, ""momentum"": true}",4.227369076738341
ADAUSDT,2026-05-06T08:49:59.999000+00:00,2026-05-06T08:54:59.999000+00:00,0.26975393999999997,0.26984601999999996,-0.0123,-13.98,vol_trail,3,72.6,1,0.0,0.9194,0.04,0.0009571428571428588,28429.23,"{""breakout"": true, ""imb"": false, ""vol"": true, ""body"": true, ""impulse"": false, ""momentum"": true}",4.25174245058089
ZECUSDT,2026-05-06T08:04:59.999000+00:00,2026-05-06T09:14:59.999000+00:00,602.6705099999999,573.4709971428571,-1.017,-1109.41,stop_loss,2,69.2,14,-1.1473,0.0,0.04,11.585714285714305,27319.82,"{""breakout"": true, ""imb"": false, ""vol"": true, ""body"": false, ""impulse"": true, ""momentum"": true}",3.7254196027909443
NEARUSDT,2026-05-06T07:24:59.999000+00:00,2026-05-06T09:34:59.999000+00:00,1.3342668,1.4022195,4.8961,5391.08,vol_trail,8,81.0,26,0.0,6.9091,0.04,0.005500000000000028,32688.2,"{""breakout"": true, ""imb"": false, ""vol"": true, ""body"": false, ""impulse"": true, ""momentum"": true}",8.503984825026727
WLDUSDT,2026-05-06T07:24:59.999000+00:00,2026-05-06T09:54:59.999000+00:00,0.2545509,0.2582197742857143,1.3627,1497.8,vol_trail,7,80.1,30,-0.1918,2.1096,0.04,0.001042857142857145,34186.01,"{""breakout"": true, ""imb"": false, ""vol"": true, ""body"": true, ""impulse"": true, ""momentum"": true}",4.3546731585233545
ICPUSDT,2026-05-06T09:14:59.999000+00:00,2026-05-06T12:14:59.999000+00:00,2.835567,2.8349328999999996,-0.0311,-33.98,vol_trail,2,68.2,36,-0.5047,0.6837,0.04,0.024571428571428595,34152.03,"{""breakout"": true, ""imb"": false, ""vol"": true, ""body"": false, ""impulse"": true, ""momentum"": true}",3.963923277373028
TONUSDT,2026-05-06T13:34:59.999000+00:00,2026-05-06T13:54:59.999000+00:00,2.4946988400000003,2.3685119171428575,-1.0163,-1388.32,stop_loss,7,79.2,4,-1.0813,0.2276,0.04,0.05008571428571435,32751.47,"{""breakout"": true, ""imb"": false, ""vol"": true, ""body"": true, ""impulse"": true, ""momentum"": true}",3.3794175606479118
ICPUSDT,2026-05-06T15:49:59.999000+00:00,2026-05-06T16:24:59.999000+00:00,2.9285856,2.933127542857143,0.047,61.56,vol_trail,5,76.8,7,-0.3646,0.7583,0.04,0.02742857142857142,32787.84,"{""breakout"": true, ""imb"": false, ""vol"": true, ""body"": true, ""impulse"": true, ""momentum"": true}",3.078089758109485
ICPUSDT,2026-05-06T23:39:59.999000+00:00,2026-05-07T00:14:59.999000+00:00,3.1696338,3.075170557142857,-1.0282,-1348.56,stop_loss,7,80.3,7,-0.9011,0.7295,0.04,0.037285714285714304,31419.22,"{""breakout"": true, ""imb"": false, ""vol"": true, ""body"": true, ""impulse"": true, ""momentum"": true}",4.323032928128685
FILUSDT,2026-05-08T00:04:59.999000+00:00,2026-05-08T02:04:59.999000+00:00,1.0892178,1.0933884214285714,0.2192,275.42,vol_trail,7,79.4,24,-0.2383,1.2511,0.04,0.006714285714285736,31657.94,"{""breakout"": false, ""imb"": false, ""vol"": true, ""body"": true, ""impulse"": true, ""momentum"": true}",5.053811691217715
PENDLEUSDT,2026-05-08T03:19:59.999000+00:00,2026-05-08T04:14:59.999000+00:00,1.9243848,1.93371318,0.2791,353.17,struct_trail,9,84.2,11,0.0,0.7491,0.04,0.012121428571428536,31949.86,"{""breakout"": true, ""imb"": false, ""vol"": true, ""body"": true, ""impulse"": true, ""momentum"": true}",5.930844316753916
1000LUNCUSDT,2026-05-08T02:49:59.999000+00:00,2026-05-08T04:19:59.999000+00:00,0.09271854,0.09425971571428571,0.7119,901.46,vol_trail,3,72.6,18,-0.4845,0.9642,0.04,0.0008421428571428567,32851.32,"{""breakout"": true, ""imb"": false, ""vol"": true, ""body"": false, ""impulse"": true, ""momentum"": true}",3.3705728102256494
ENAUSDT,2026-05-08T05:34:59.999000+00:00,2026-05-08T06:04:59.999000+00:00,0.120504096,0.11912938364285715,-1.0765,-1414.61,stop_loss,5,77.2,6,-0.8517,0.3542,0.04,0.0005307142857142852,31383.0,"{""breakout"": true, ""imb"": false, ""vol"": true, ""body"": false, ""impulse"": true, ""momentum"": true}",3.116497568999321
ICPUSDT,2026-05-08T06:09:59.999000+00:00,2026-05-08T07:14:59.999000+00:00,3.1766352,3.2274972285714285,0.7997,1003.87,vol_trail,1,63.9,13,0.0,2.1526,0.04,0.02471428571428569,32357.83,"{""breakout"": false, ""imb"": false, ""vol"": true, ""body"": true, ""impulse"": true, ""momentum"": true}",3.2728293271065385
ARBUSDT,2026-05-08T09:09:59.999000+00:00,2026-05-08T09:39:59.999000+00:00,0.1330266,0.13351614857142854,0.2335,302.22,vol_trail,7,80.1,6,0.0,1.1417,0.04,0.000735714285714288,32585.71,"{""breakout"": true, ""imb"": false, ""vol"": true, ""body"": true, ""impulse"": true, ""momentum"": true}",4.297395199321336
RUNEUSDT,2026-05-08T09:54:59.999000+00:00,2026-05-08T10:04:59.999000+00:00,0.56431284,0.5652583542857142,0.1916,249.74,vol_trail,6,78.3,2,0.0,1.1921,0.04,0.0014428571428571585,32743.7,"{""breakout"": false, ""imb"": false, ""vol"": true, ""body"": true, ""impulse"": true, ""momentum"": true}",4.470165218990212
FILUSDT,2026-05-08T12:44:59.999000+00:00,2026-05-08T12:54:59.999000+00:00,1.1172234,1.0971376714285714,-1.0477,-1370.7,stop_loss,9,83.2,2,-1.3745,0.0,0.04,0.007857142857142849,31303.82,"{""breakout"": true, ""imb"": false, ""vol"": true, ""body"": true, ""impulse"": true, ""momentum"": true}",4.733715061944312
NEARUSDT,2026-05-08T09:24:59.999000+00:00,2026-05-08T13:09:59.999000+00:00,1.5623124000000002,1.533478957142857,-1.0464,-1352.61,stop_loss,7,79.3,45,-1.0633,0.5316,0.04,0.011285714285714328,29951.21,"{""breakout"": true, ""imb"": false, ""vol"": true, ""body"": false, ""impulse"": true, ""momentum"": true}",4.495458757372072
PENDLEUSDT,2026-05-08T10:49:59.999000+00:00,2026-05-08T13:14:59.999000+00:00,2.0415082200000003,2.0513896399999996,0.2657,348.02,vol_trail,5,76.8,29,-0.5042,1.3733,0.04,0.013485714285714243,30299.23,"{""breakout"": true, ""imb"": false, ""vol"": true, ""body"": true, ""impulse"": true, ""momentum"": true}",5.081305816956071
SOLUSDT,2026-05-08T17:29:59.999000+00:00,2026-05-08T17:34:59.999000+00:00,90.288054,90.95287721428572,1.0398,1257.52,vol_trail,8,81.1,1,0.0,2.1833,0.04,0.23999999999999894,31409.51,"{""breakout"": true, ""imb"": false, ""vol"": true, ""body"": true, ""impulse"": true, ""momentum"": true}",4.02211772058221
ADAUSDT,2026-05-08T15:59:59.999000+00:00,2026-05-08T19:44:59.999000+00:00,0.2695539,0.2711171942857143,0.6406,776.36,vol_trail,1,61.8,45,-0.7111,1.3778,0.04,0.000900000000000004,32185.87,"{""breakout"": true, ""imb"": false, ""vol"": true, ""body"": true, ""impulse"": false, ""momentum"": true}",3.7286425494805573
ICPUSDT,2026-05-08T19:54:59.999000+00:00,2026-05-08T20:14:59.999000+00:00,3.3426684,3.4533091999999996,1.716,2209.2,vol_trail,6,78.1,4,0.0,2.7213,0.04,0.025428571428571484,34364.61,"{""breakout"": true, ""imb"": false, ""vol"": true, ""body"": false, ""impulse"": true, ""momentum"": true}",3.2741982370392355
XRPUSDT,2026-05-10T02:34:59.999000+00:00,2026-05-10T06:19:59.999000+00:00,1.41698334,1.4164345135714285,-0.2526,-347.19,vol_trail,7,80.1,45,-0.3833,0.4471,0.04,0.0018785714285714436,33830.79,"{""breakout"": false, ""imb"": false, ""vol"": true, ""body"": true, ""impulse"": true, ""momentum"": true}",9.173587954026804
ETHUSDT,2026-05-10T09:04:59.999000+00:00,2026-05-10T09:39:59.999000+00:00,2332.4664,2327.2701671428567,-1.4641,-1981.32,stop_loss,8,81.9,7,-1.0248,0.0,0.04,1.705714285714326,31516.38,"{""breakout"": true, ""imb"": false, ""vol"": true, ""body"": true, ""impulse"": false, ""momentum"": true}",3.499556135286045
XLMUSDT,2026-05-10T13:24:59.999000+00:00,2026-05-10T14:04:59.999000+00:00,0.163942782,0.16422429142857142,0.3092,389.05,vol_trail,3,73.1,8,-0.2383,1.3553,0.04,0.0002685714285714236,31540.1,"{""breakout"": true, ""imb"": false, ""vol"": true, ""body"": true, ""impulse"": false, ""momentum"": true}",4.923561311262772
ENAUSDT,2026-05-10T13:24:59.999000+00:00,2026-05-10T15:04:59.999000+00:00,0.130296054,0.13067778778571432,0.2659,335.26,vol_trail,9,83.1,20,-0.4776,0.9882,0.04,0.00048571428571428377,31875.37,"{""breakout"": false, ""imb"": false, ""vol"": true, ""body"": true, ""impulse"": true, ""momentum"": true}",3.5772427578904176
XRPUSDT,2026-05-10T13:29:59.999000+00:00,2026-05-10T16:14:59.999000+00:00,1.43208636,1.4472105000000002,2.9797,3732.66,vol_trail,8,82.2,33,-0.3088,3.9324,0.04,0.0019428571428571192,35401.58,"{""breakout"": true, ""imb"": false, ""vol"": true, ""body"": true, ""impulse"": false, ""momentum"": true}",3.120456371672107
1000PEPEUSDT,2026-05-10T15:49:59.999000+00:00,2026-05-10T16:29:59.999000+00:00,0.0043090616399999995,0.004322046132142858,0.3986,508.21,vol_trail,7,79.4,8,-0.0289,1.419,0.04,1.107857142857143e-05,35909.79,"{""breakout"": true, ""imb"": false, ""vol"": true, ""body"": true, ""impulse"": true, ""momentum"": true}",4.3330002858630685
RUNEUSDT,2026-05-10T16:14:59.999000+00:00,2026-05-10T17:19:59.999000+00:00,0.6144228599999999,0.6072499542857143,-1.0747,-1363.57,stop_loss,3,71.0,13,-0.8082,0.0866,0.04,0.0027714285714285597,34497.24,"{""breakout"": true, ""imb"": false, ""vol"": true, ""body"": false, ""impulse"": true, ""momentum"": true}",4.264769633978765
APTUSDT,2026-05-10T16:04:59.999000+00:00,2026-05-10T17:39:59.999000+00:00,1.12782552,1.1744364942857142,4.7525,6042.56,vol_trail,2,67.8,19,-0.0619,7.5285,0.04,0.003878571428571398,40457.58,"{""breakout"": true, ""imb"": false, ""vol"": true, ""body"": true, ""impulse"": true, ""momentum"": true}",3.0550592611639074
SOLUSDT,2026-05-10T17:24:59.999000+00:00,2026-05-10T19:04:59.999000+00:00,95.76915,96.10898864285714,0.4101,565.89,vol_trail,7,80.2,20,-0.0553,1.3412,0.04,0.2892857142857131,41023.47,"{""breakout"": true, ""imb"": false, ""vol"": true, ""body"": true, ""impulse"": true, ""momentum"": true}",4.116716153749021
XLMUSDT,2026-05-10T17:04:59.999000+00:00,2026-05-10T19:09:59.999000+00:00,0.171574308,0.17153354357142855,-0.0521,-74.83,vol_trail,8,82.3,25,-0.477,0.817,0.04,0.0009057142857142894,40948.65,"{""breakout"": true, ""imb"": false, ""vol"": true, ""body"": true, ""impulse"": true, ""momentum"": true}",8.794841255668606
ENAUSDT,2026-05-10T19:29:59.999000+00:00,2026-05-10T19:54:59.999000+00:00,0.13930785599999998,0.13687583364285713,-1.0492,-1718.46,stop_loss,1,58.4,5,-1.0813,0.0,0.04,0.0009507142857142829,39186.98,"{""breakout"": true, ""imb"": false, ""vol"": true, ""body"": false, ""impulse"": true, ""momentum"": true}",3.4093610447124463
PENDLEUSDT,2026-05-11T11:44:59.999000+00:00,2026-05-11T12:14:59.999000+00:00,1.94508894,1.9170308028571428,-1.0599,-1661.41,stop_loss,3,72.4,6,-1.0408,0.077,0.04,0.010914285714285701,37475.29,"{""breakout"": false, ""imb"": false, ""vol"": true, ""body"": true, ""impulse"": true, ""momentum"": true}",3.661442733165088
SOLUSDT,2026-05-11T13:44:59.999000+00:00,2026-05-11T14:34:59.999000+00:00,95.31906,94.54180214285714,-1.1089,-1662.27,stop_loss,8,81.6,10,-1.0415,0.6357,0.04,0.29571428571428576,35726.05,"{""breakout"": false, ""imb"": false, ""vol"": true, ""body"": true, ""impulse"": true, ""momentum"": true}",6.604398245963478
BNBUSDT,2026-05-14T00:39:59.999000+00:00,2026-05-14T00:54:59.999000+00:00,677.265426,674.4593668571428,-1.2263,-1752.45,stop_loss,2,68.7,3,-0.8558,0.0079,0.04,1.0142857142857338,33801.85,"{""breakout"": true, ""imb"": false, ""vol"": true, ""body"": true, ""impulse"": false, ""momentum"": true}",3.1836286981810704
QNTUSDT,2026-05-14T06:14:59.999000+00:00,2026-05-14T09:34:59.999000+00:00,74.794956,76.37543614285714,1.8113,2449.07,vol_trail,1,55.6,40,-0.164,3.3858,0.04,0.3414285714285715,36197.6,"{""breakout"": false, ""imb"": false, ""vol"": true, ""body"": true, ""impulse"": true, ""momentum"": true}",3.5633274566865922
XRPUSDT,2026-05-14T13:14:59.999000+00:00,2026-05-14T13:34:59.999000+00:00,1.4564912399999999,1.4479639207142858,-1.1551,-1667.04,stop_loss,8,81.9,4,-0.8935,0.0,0.04,0.003178571428571364,34294.0,"{""breakout"": true, ""imb"": false, ""vol"": true, ""body"": true, ""impulse"": true, ""momentum"": true}",4.633723415992752
ADAUSDT,2026-05-14T13:14:59.999000+00:00,2026-05-14T14:09:59.999000+00:00,0.26735346,0.2657646935714285,-1.1526,-1668.9,stop_loss,7,79.5,11,-1.012,0.1349,0.04,0.000592857142857149,32625.1,"{""breakout"": true, ""imb"": false, ""vol"": true, ""body"": true, ""impulse"": true, ""momentum"": true}",5.009093362041578
QNTUSDT,2026-05-16T00:29:59.999000+00:00,2026-05-16T02:19:59.999000+00:00,80.856168,79.84188557142858,-1.0693,-1395.45,stop_loss,9,83.0,22,-0.9265,0.224,0.04,0.39285714285714185,31181.31,"{""breakout"": true, ""imb"": false, ""vol"": true, ""body"": false, ""impulse"": true, ""momentum"": true}",5.105976868159326
NMRUSDT,2026-05-16T17:19:59.999000+00:00,2026-05-16T20:19:59.999000+00:00,9.808961400000001,10.00735527142857,1.0708,1335.55,vol_trail,7,80.6,36,-0.7677,1.4911,0.04,0.07242857142857163,32486.45,"{""breakout"": true, ""imb"": false, ""vol"": true, ""body"": true, ""impulse"": true, ""momentum"": true}",3.8422648957937784
CHZUSDT,2026-05-18T08:59:59.999000+00:00,2026-05-18T09:29:59.999000+00:00,0.047849568,0.04713235735714286,-1.0576,-1374.29,stop_loss,3,73.2,6,-1.1171,0.0,0.04,0.00027928571428571455,31072.09,"{""breakout"": true, ""imb"": false, ""vol"": true, ""body"": true, ""impulse"": true, ""momentum"": true}",3.144173462938093
