symbol,entry_time,exit_time,entry_price,exit_price,pnl_r,pnl_usd,exit_reason,decile,aggression,candles_held,mae,mfe,risk_pct,entry_atr,equity_after,atr_mult,vol_z_at_entry
NMRUSDT,2026-02-02T00:44:59.999000+00:00,2026-02-02T02:59:59.999000+00:00,8.855770799999998,8.85808517142857,-0.0071,-2.83,vol_trail,1,52.7,27,-0.2829,0.5645,0.04,0.06742857142857137,9990.41,3.5,0.17941895044929254
NMRUSDT,2026-02-02T07:19:59.999000+00:00,2026-02-02T08:59:59.999000+00:00,9.1208238,9.237580685714287,0.3201,127.92,vol_trail,2,68.2,20,-0.352,0.9245,0.04,0.1005,10113.67,3.5,4.927603585043651
NMRUSDT,2026-02-02T15:39:59.999000+00:00,2026-02-02T17:49:59.999000+00:00,9.352870200000002,9.506384057142856,0.7192,290.95,vol_trail,1,61.9,26,0.0,1.35,0.04,0.059285714285714164,10396.42,3.5,-0.5517719681469381
UNIUSDT,2026-02-13T01:49:59.999000+00:00,2026-02-13T07:44:59.999000+00:00,3.2786556,3.292912714285715,0.253,105.2,vol_trail,1,59.2,71,-0.5278,0.9771,0.04,0.01442857142857133,10489.47,3.5,-0.31051556412984066
UNIUSDT,2026-02-13T13:04:59.999000+00:00,2026-02-13T13:29:59.999000+00:00,3.3436686,3.3562214785714284,0.2796,117.3,vol_trail,9,82.8,5,-0.1435,0.5147,0.04,0.011285714285714375,10590.79,3.5,5.649507478001635
BNBUSDT,2026-02-13T14:29:59.999000+00:00,2026-02-13T18:19:59.999000+00:00,598.739724,614.0200285714285,2.1162,896.5,vol_trail,2,68.6,46,0.0,2.6601,0.04,2.0257142857142867,11471.19,3.5,3.9489241811713396
ZECUSDT,2026-02-14T19:19:59.999000+00:00,2026-02-14T20:09:59.999000+00:00,298.51969199999996,308.63254685714287,1.1445,525.13,vol_trail,1,61.6,10,-0.0619,2.2915,0.04,2.489999999999997,11989.25,3.5,0.49832997265590595
TAOUSDT,2026-02-16T00:44:59.999000+00:00,2026-02-16T03:29:59.999000+00:00,186.307254,189.93379135714287,1.528,732.77,vol_trail,8,82.1,33,-0.111,2.0033,0.04,0.6621428571428579,12704.66,3.5,2.0051426079509613
ZECUSDT,2026-02-16T12:29:59.999000+00:00,2026-02-16T13:04:59.999000+00:00,299.019792,302.42807371428574,0.4024,204.47,vol_trail,3,72.8,7,-0.2016,0.8165,0.04,2.3235714285714346,12900.73,3.5,2.7018968573505773
TAOUSDT,2026-02-16T19:34:59.999000+00:00,2026-02-16T19:49:59.999000+00:00,192.698532,193.09851542857143,0.0848,43.78,vol_trail,3,72.0,3,-0.0457,0.5343,0.04,1.0542857142857156,12932.39,3.5,0.14665918966278596
DOTUSDT,2026-02-25T01:09:59.999000+00:00,2026-02-25T01:14:59.999000+00:00,1.2442488,1.264318514285714,1.5001,775.97,vol_trail,5,75.8,1,0.0,2.2116,0.04,0.0037142857142857494,13660.59,3.5,3.5814344994456833
APTUSDT,2026-02-25T01:09:59.999000+00:00,2026-02-25T01:14:59.999000+00:00,0.8336667,0.8417030542857143,1.0076,520.32,vol_trail,2,70.4,1,0.0,2.2018,0.04,0.0021714285714285702,14180.91,3.5,1.3528408307646995
ARBUSDT,2026-02-25T01:19:59.999000+00:00,2026-02-25T02:29:59.999000+00:00,0.09511902,0.09513097,-0.0174,-9.86,vol_trail,9,84.0,14,-0.2361,0.102,0.04,0.0005071428571428538,14157.37,3.5,4.526975179655015
DOTUSDT,2026-02-25T08:54:59.999000+00:00,2026-02-25T10:14:59.999000+00:00,1.2852569999999999,1.3152369,1.8368,1038.59,vol_trail,1,66.2,16,-0.0161,2.6089,0.04,0.004571428571428575,15126.91,3.5,0.07894659735038413
APTUSDT,2026-02-25T08:54:59.999000+00:00,2026-02-25T10:54:59.999000+00:00,0.8544708599999999,0.8575963035714285,0.3457,195.18,vol_trail,7,80.3,24,-0.1477,0.9627,0.04,0.002264285714285711,15322.09,3.5,0.23056157097702396
DOTUSDT,2026-02-25T13:39:59.999000+00:00,2026-02-25T15:54:59.999000+00:00,1.4792958,1.5126974,0.4182,256.28,vol_trail,3,71.6,27,-0.2466,0.7119,0.04,0.02235714285714287,15559.46,3.5,2.512703274321504
APTUSDT,2026-02-25T13:59:59.999000+00:00,2026-02-25T17:59:59.999000+00:00,0.8905780799999999,0.9860241842857143,5.3,3247.17,vol_trail,1,54.9,48,0.0,6.4615,0.04,0.005121428571428547,18806.64,3.5,4.200404523476196
ARBUSDT,2026-02-25T08:54:59.999000+00:00,2026-02-25T19:14:59.999000+00:00,0.09361872,0.10202959,7.4355,4210.69,vol_trail,1,66.5,124,-0.1055,8.6056,0.04,0.0003214285714285727,23017.33,3.5,-0.03098464772129844
DOTUSDT,2026-02-25T19:49:59.999000+00:00,2026-02-25T20:04:59.999000+00:00,1.6183236,1.6224968642857143,0.0576,53.06,vol_trail,9,83.0,3,0.0,0.2791,0.04,0.017071428571428564,23059.17,3.5,1.5483213343086961
1000LUNCUSDT,2026-02-27T01:34:59.999000+00:00,2026-02-27T02:29:59.999000+00:00,0.039197838000000006,0.040956449928571434,1.3977,1289.23,vol_trail,8,81.0,11,-0.3115,1.5198,0.04,0.0003557142857142851,24335.32,3.5,3.679884740895855
1000LUNCUSDT,2026-02-27T15:29:59.999000+00:00,2026-02-27T20:49:59.999000+00:00,0.041468292,0.04182449057142857,0.163,158.65,vol_trail,5,76.2,64,-0.8736,0.5612,0.04,0.0005914285714285707,24485.2,3.5,4.050990868312095
DOTUSDT,2026-02-28T18:14:59.999000+00:00,2026-02-28T22:04:59.999000+00:00,1.5583116000000001,1.6302453142857145,1.8025,1765.42,vol_trail,2,67.1,46,-0.3623,2.7516,0.04,0.01128571428571428,26233.23,3.5,0.5720696320018689
PENDLEUSDT,2026-03-01T02:09:59.999000+00:00,2026-03-01T02:34:59.999000+00:00,1.38157626,1.339333339748,-1.0207,-1071.09,stop_loss,8,82.1,5,-0.788,0.0,0.04,0.011992857142857123,25146.59,3.5,4.964942426558394
NEARUSDT,2026-03-02T00:19:59.999000+00:00,2026-03-02T01:24:59.999000+00:00,1.1662332,1.1701944857142856,0.1388,139.59,vol_trail,2,67.2,13,-0.2518,0.7987,0.04,0.00707142857142857,25181.87,3.5,0.19080223835133742
ARBUSDT,2026-03-02T00:39:59.999000+00:00,2026-03-02T02:29:59.999000+00:00,0.10112022,0.10117976,0.0077,7.71,vol_trail,2,67.0,22,-0.3946,0.6465,0.04,0.0005214285714285705,25189.58,3.5,0.8783310072784102
XLMUSDT,2026-03-02T01:09:59.999000+00:00,2026-03-02T04:24:59.999000+00:00,0.156511296,0.1565172617142857,-0.0294,-29.52,vol_trail,3,71.6,39,-0.891,0.2049,0.04,0.000625714285714287,25126.72,3.5,0.09532919491414894
NEARUSDT,2026-03-02T04:29:59.999000+00:00,2026-03-02T04:54:59.999000+00:00,1.2082416,1.18600435168,-1.035,-1040.29,stop_loss,1,63.0,5,-0.9655,0.3527,0.04,0.006285714285714307,24061.59,3.5,0.4195290981913814
ENAUSDT,2026-03-02T00:44:59.999000+00:00,2026-03-02T04:54:59.999000+00:00,0.10512102,0.10588596142857144,0.3877,389.28,vol_trail,1,66.8,50,-0.2816,1.0157,0.04,0.0005285714285714288,24450.87,3.5,-0.4076874366753373
1000LUNCUSDT,2026-03-02T03:49:59.999000+00:00,2026-03-02T05:59:59.999000+00:00,0.043378674,0.0427801162652,-1.0471,-1055.07,stop_loss,1,66.8,26,-0.9469,0.0,0.04,0.00016857142857142865,23395.8,3.5,0.863070921533894
ARBUSDT,2026-03-02T14:44:59.999000+00:00,2026-03-02T15:34:59.999000+00:00,0.10422084,0.10591095642857143,0.6317,591.18,vol_trail,7,79.2,10,0.0,1.4151,0.04,0.0007428571428571423,23905.91,3.5,6.430336139858807
ENAUSDT,2026-03-02T15:09:59.999000+00:00,2026-03-02T15:54:59.999000+00:00,0.10762152,0.10860684571428572,0.3122,291.55,vol_trail,3,72.6,9,0.0,0.8928,0.04,0.0008571428571428569,24197.46,3.5,2.8584709803431343
XRPUSDT,2026-03-02T14:44:59.999000+00:00,2026-03-02T17:14:59.999000+00:00,1.3657731,1.4012482657142857,1.7643,1649.88,vol_trail,7,79.7,30,0.0,2.5836,0.04,0.005642857142857172,25847.34,3.5,3.9380381044952295
XLMUSDT,2026-03-02T15:09:59.999000+00:00,2026-03-02T17:14:59.999000+00:00,0.158451684,0.15910531542857143,0.1749,163.27,vol_trail,2,69.4,25,0.0,1.0363,0.04,0.0009507142857142868,26010.61,3.5,4.182625355473267
SOLUSDT,2026-03-03T16:04:59.999000+00:00,2026-03-03T17:44:59.999000+00:00,85.387074,85.52074957142857,0.0481,50.08,vol_trail,1,60.7,20,-0.5194,0.9269,0.04,0.5649999999999997,26040.47,3.5,1.9505697458823807
SOLUSDT,2026-03-03T23:09:59.999000+00:00,2026-03-04T02:59:59.999000+00:00,86.977392,87.03973142857143,0.0165,17.18,vol_trail,2,69.0,46,-0.4608,0.4716,0.04,0.40142857142857274,26028.64,3.5,0.29159698728342287
SOLUSDT,2026-03-04T08:44:59.999000+00:00,2026-03-04T10:29:59.999000+00:00,87.91758,89.85059771428571,1.3789,1435.67,vol_trail,2,66.9,21,0.0,2.2094,0.04,0.39214285714285985,27434.29,3.5,1.5719309975498346
SOLUSDT,2026-03-04T15:29:59.999000+00:00,2026-03-04T19:29:59.999000+00:00,92.608518,92.59861942857142,-0.0176,-19.35,vol_trail,3,72.5,48,-0.5909,0.2091,0.04,0.8357142857142849,27399.31,3.5,2.7158906944051013
RENDERUSDT,2026-03-13T00:19:59.999000+00:00,2026-03-13T02:19:59.999000+00:00,1.715343,1.7212271142857143,0.1064,116.6,vol_trail,7,80.3,24,-0.3196,0.5762,0.04,0.013714285714285743,27460.17,3.5,5.281060756038988
FETUSDT,2026-03-13T00:14:59.999000+00:00,2026-03-13T02:39:59.999000+00:00,0.17923584,0.1845595092857143,0.8734,957.26,vol_trail,7,80.7,29,0.0,1.4274,0.04,0.0017142857142857099,28417.43,3.5,2.6403565930071693
TAOUSDT,2026-03-13T00:19:59.999000+00:00,2026-03-13T02:59:59.999000+00:00,220.164024,229.5633638571429,2.0056,2195.51,vol_trail,8,81.9,32,-0.098,2.5946,0.04,1.3242857142857116,30612.94,3.5,8.305401863175911
RENDERUSDT,2026-03-13T05:19:59.999000+00:00,2026-03-13T07:24:59.999000+00:00,1.8073614,1.8543076357142856,0.997,1220.86,vol_trail,8,81.7,25,-0.224,1.8084,0.04,0.013214285714285734,31812.26,3.5,2.509179551367445
TAOUSDT,2026-03-13T08:09:59.999000+00:00,2026-03-13T10:04:59.999000+00:00,235.707132,241.82591085714287,1.08,1374.23,vol_trail,5,76.9,23,-0.2277,1.5962,0.04,1.5900000000000034,33162.24,3.5,1.7052204714603363
RENDERUSDT,2026-03-13T14:14:59.999000+00:00,2026-03-13T14:39:59.999000+00:00,1.9423884,1.85751682232,-1.0143,-1345.44,stop_loss,1,55.4,5,-1.0223,0.0,0.04,0.024142857142857115,31803.08,3.5,1.741575306428274
TAOUSDT,2026-03-13T23:19:59.999000+00:00,2026-03-13T23:49:59.999000+00:00,236.177226,236.62409428571428,0.0775,98.58,vol_trail,5,75.5,6,-0.1086,0.4924,0.04,1.2549999999999955,31870.88,3.5,0.19582955291694135
TAOUSDT,2026-03-14T03:09:59.999000+00:00,2026-03-14T04:14:59.999000+00:00,242.12841600000002,242.106569,-0.0248,-31.65,vol_trail,2,69.9,13,0.0,0.5736,0.04,1.5050000000000014,31812.85,3.5,2.99925538642294
TAOUSDT,2026-03-15T00:19:59.999000+00:00,2026-03-15T00:39:59.999000+00:00,253.80075,247.14881034999996,-1.0243,-1303.48,stop_loss,3,73.1,4,-1.1891,0.0,0.04,1.8864285714285773,30487.36,3.5,2.466786172081463
FETUSDT,2026-03-15T01:04:59.999000+00:00,2026-03-15T03:19:59.999000+00:00,0.18133626,0.19124745714285712,3.509,4279.18,vol_trail,3,72.8,27,-0.0844,4.2013,0.04,0.0007999999999999952,34708.38,3.5,3.4293484561000027
RENDERUSDT,2026-03-15T01:24:59.999000+00:00,2026-03-15T03:34:59.999000+00:00,1.9083816,1.9087610285714287,-0.0104,-12.63,vol_trail,1,65.8,26,-0.0083,0.7053,0.04,0.013214285714285703,34695.75,3.5,2.4214671974357898
FETUSDT,2026-03-15T09:59:59.999000+00:00,2026-03-15T12:29:59.999000+00:00,0.19173834,0.19681777142857143,1.1607,1610.81,vol_trail,3,72.1,30,-0.474,1.6888,0.04,0.001228571428571432,36278.71,3.5,2.3487499437285897
RENDERUSDT,2026-03-15T21:44:59.999000+00:00,2026-03-15T22:14:59.999000+00:00,1.9073814,1.87100712372,-1.0338,-1500.17,stop_loss,7,80.4,6,-1.0662,0.0,0.04,0.010285714285714247,34743.94,3.5,2.179216427480699
NEARUSDT,2026-03-16T01:54:59.999000+00:00,2026-03-16T06:14:59.999000+00:00,1.3692738,1.399505757142857,1.558,2165.26,vol_trail,1,64.8,52,-0.7513,2.4066,0.04,0.005428571428571434,36809.58,3.5,0.12526059896591574
ZECUSDT,2026-03-16T04:49:59.999000+00:00,2026-03-16T07:39:59.999000+00:00,237.917574,232.51356198520003,-1.0282,-1427.11,stop_loss,1,61.0,34,-1.0504,0.1236,0.04,1.5307142857142821,35382.47,3.5,0.22870001887563443
FETUSDT,2026-03-16T05:49:59.999000+00:00,2026-03-16T07:54:59.999000+00:00,0.20294058,0.20623731571428572,0.6781,940.39,vol_trail,2,68.4,25,-0.2414,1.7904,0.04,0.001350000000000004,36322.87,3.5,1.5423737119089982
FETUSDT,2026-03-16T12:04:59.999000+00:00,2026-03-16T12:19:59.999000+00:00,0.2215443,0.22248406571428572,0.0957,139.02,vol_trail,6,77.6,3,-0.062,0.7357,0.04,0.0025071428571428528,36445.38,3.5,4.532522255053391
NEARUSDT,2026-03-16T13:24:59.999000+00:00,2026-03-16T13:34:59.999000+00:00,1.4102819999999998,1.4141456857142856,0.1655,241.27,vol_trail,3,70.5,2,0.0,0.7548,0.04,0.005571428571428608,36639.21,3.5,1.9546857958076895
FETUSDT,2026-03-16T16:14:59.999000+00:00,2026-03-16T18:14:59.999000+00:00,0.23644728,0.24459392857142856,0.6988,1024.19,vol_trail,2,68.5,24,0.0,1.6915,0.04,0.0032857142857142846,37649.84,3.5,5.1673390829720605
NEARUSDT,2026-03-16T21:04:59.999000+00:00,2026-03-17T00:49:59.999000+00:00,1.4762952,1.4865597714285714,0.404,608.46,vol_trail,7,80.7,45,-0.1387,1.2928,0.04,0.006785714285714299,38216.18,3.5,2.0651877398888128
QNTUSDT,2026-03-20T02:44:59.999000+00:00,2026-03-20T05:19:59.999000+00:00,76.455288,77.39594628571429,0.8689,1327.26,vol_trail,2,68.1,31,0.0,1.7215,0.04,0.297857142857144,39446.54,3.5,0.7978160757705439
TAOUSDT,2026-03-20T04:29:59.999000+00:00,2026-03-20T05:49:59.999000+00:00,297.60951,302.3123825714286,0.4048,617.48,vol_trail,3,70.6,16,-0.8047,0.8429,0.04,3.2235714285714323,40064.02,3.5,2.3146171328232015
FETUSDT,2026-03-20T01:39:59.999000+00:00,2026-03-20T07:04:59.999000+00:00,0.21964392,0.23612419428571427,3.0749,4700.49,vol_trail,1,64.1,65,-0.4026,3.973,0.04,0.0015214285714285664,44764.5,3.5,0.6986014262514162
QNTUSDT,2026-03-20T08:34:59.999000+00:00,2026-03-20T13:34:59.999000+00:00,79.75594799999999,80.64850992857143,0.6205,1111.03,vol_trail,8,81.0,60,-0.3087,1.1479,0.04,0.39428571428571296,45828.97,3.5,4.783553404148477
FETUSDT,2026-03-20T21:54:59.999000+00:00,2026-03-20T21:59:59.999000+00:00,0.2260452,0.22651183142857143,0.0708,129.71,vol_trail,5,76.3,1,0.0,0.6708,0.04,0.0014714285714285719,45883.75,3.5,1.989060390844303
QNTUSDT,2026-03-20T21:14:59.999000+00:00,2026-03-20T23:14:59.999000+00:00,79.605918,79.79832285714286,0.0923,169.25,vol_trail,1,61.4,24,0.0,0.4685,0.04,0.4842857142857134,46053.0,3.5,-0.5351206277365052
TAOUSDT,2026-03-24T02:04:59.999000+00:00,2026-03-24T03:49:59.999000+00:00,301.90036799999996,308.3511745714286,0.5823,1072.65,vol_trail,5,76.0,21,-0.1412,0.999,0.04,3.09714285714285,47102.57,3.5,4.315524562257858
QNTUSDT,2026-03-24T10:04:59.999000+00:00,2026-03-24T13:09:59.999000+00:00,73.654728,74.35726842857142,0.5507,1037.54,vol_trail,1,65.0,37,-0.152,1.3377,0.04,0.3471428571428561,48088.72,3.5,0.9865696579584496
TAOUSDT,2026-03-24T16:14:59.999000+00:00,2026-03-24T20:49:59.999000+00:00,315.933174,329.65691257142856,1.6843,3239.82,vol_trail,1,66.8,55,-0.4098,2.847,0.04,2.3028571428571394,51225.78,3.5,2.1816505627711833
QNTUSDT,2026-03-24T20:24:59.999000+00:00,2026-03-24T21:14:59.999000+00:00,74.19483600000001,74.44510799999999,0.2325,446.84,vol_trail,2,67.8,10,-0.0052,1.5069,0.04,0.26642857142857373,51672.62,3.5,0.2779295673729954
TAOUSDT,2026-03-25T07:14:59.999000+00:00,2026-03-25T08:59:59.999000+00:00,343.878762,345.9600798571429,0.2515,519.77,vol_trail,8,82.3,21,-0.3302,0.7106,0.04,2.1878571428571507,52150.62,3.5,5.462341113582387
CHZUSDT,2026-03-28T03:19:59.999000+00:00,2026-03-28T04:09:59.999000+00:00,0.036027204,0.03602422228571428,-0.0424,-88.48,vol_trail,3,71.9,10,0.0,0.5808,0.04,0.00012928571428571421,51987.4,3.5,2.074930813750011
CHZUSDT,2026-03-28T07:59:59.999000+00:00,2026-03-28T08:59:59.999000+00:00,0.036697338,0.037001169714285714,0.6797,1413.47,vol_trail,1,63.1,12,0.0,1.8525,0.04,0.0001207142857142865,53319.59,3.5,0.8931891777487717
CHZUSDT,2026-03-28T13:19:59.999000+00:00,2026-03-28T13:44:59.999000+00:00,0.038397678,0.038594422428571425,0.2271,484.27,vol_trail,2,67.2,5,-0.073,1.1169,0.04,0.00022571428571428544,53757.21,3.5,2.6878744699240116
CHZUSDT,2026-03-28T16:44:59.999000+00:00,2026-03-28T17:19:59.999000+00:00,0.040778154000000004,0.039405271369199996,-1.0188,-2190.64,stop_loss,1,54.2,7,-0.9584,0.0819,0.04,0.0003900000000000005,51537.67,3.5,0.8726302726176367
CHZUSDT,2026-03-30T00:09:59.999000+00:00,2026-03-30T00:39:59.999000+00:00,0.04045809,0.04067400642857143,0.2346,483.54,vol_trail,1,60.8,6,-0.0927,1.0586,0.04,0.00024071428571428556,51976.66,3.5,1.832093119807287
CHZUSDT,2026-03-30T04:19:59.999000+00:00,2026-03-30T08:04:59.999000+00:00,0.042328464,0.04367983371428571,1.3945,2899.18,vol_trail,6,78.7,45,-0.3649,1.855,0.04,0.00027285714285714413,54834.37,3.5,1.4504447273729424
CHZUSDT,2026-03-30T11:14:59.999000+00:00,2026-03-30T12:29:59.999000+00:00,0.044488896,0.0429977947208,-1.0189,-2234.73,stop_loss,2,70.3,15,-1.0111,0.1694,0.04,0.0004235714285714274,52570.02,3.5,3.5192974486816406
BNBUSDT,2026-04-04T06:19:59.999000+00:00,2026-04-04T07:34:59.999000+00:00,592.138404,590.3378128192,-1.2281,-2582.41,stop_loss,7,80.4,15,-0.9797,0.0,0.04,0.48071428571429514,49654.59,3.5,4.468176417799091
NMRUSDT,2026-04-06T00:09:59.999000+00:00,2026-04-06T02:54:59.999000+00:00,7.7375472,7.736880885714286,-0.0365,-72.43,vol_trail,1,60.3,33,-0.418,0.5315,0.04,0.032499999999999876,49521.37,3.5,-0.04924662050249602
NMRUSDT,2026-04-06T08:04:59.999000+00:00,2026-04-06T08:29:59.999000+00:00,7.978595400000001,7.814532180920001,-1.0313,-2042.78,stop_loss,1,65.2,5,-1.019,0.0,0.04,0.04642857142857139,47434.83,3.5,1.5967874301571061
ZECUSDT,2026-04-07T09:04:59.999000+00:00,2026-04-07T10:59:59.999000+00:00,268.27364400000005,263.70839177120007,-1.038,-1969.47,stop_loss,2,69.4,23,-0.9183,0.531,0.04,1.289285714285707,45414.59,3.5,0.9316727861603397
WLDUSDT,2026-04-07T18:24:59.999000+00:00,2026-04-07T21:09:59.999000+00:00,0.25395078,0.25661295285714286,0.4527,822.45,vol_trail,7,79.1,33,-0.8624,1.0576,0.04,0.0016071428571428664,46200.14,3.5,3.0549485514160253
DOTUSDT,2026-04-07T21:39:59.999000+00:00,2026-04-07T22:39:59.999000+00:00,1.2642528,1.2957408000000001,1.5076,2785.97,vol_trail,5,76.5,12,0.0,2.0364,0.04,0.005857142857142815,48934.83,3.5,1.470189817573992
DOTUSDT,2026-04-09T15:14:59.999000+00:00,2026-04-09T15:34:59.999000+00:00,1.2612522,1.2673893285714286,0.3275,640.97,vol_trail,7,79.4,4,0.0,1.2793,0.04,0.00485714285714283,49510.44,3.5,1.511386672096737
DOTUSDT,2026-04-09T19:09:59.999000+00:00,2026-04-09T22:19:59.999000+00:00,1.30026,1.3355185571428572,1.7773,3519.82,vol_trail,1,66.0,38,-0.3723,2.1405,0.04,0.0055714285714285605,52970.84,3.5,1.0220976493490135
DASHUSDT,2026-04-10T02:04:59.999000+00:00,2026-04-10T03:14:59.999000+00:00,37.767551999999995,38.54086171428571,0.6559,1389.82,vol_trail,3,72.0,14,0.0,1.4859,0.04,0.32928571428571524,54329.41,3.5,1.1059005254868417
DASHUSDT,2026-04-10T08:39:59.999000+00:00,2026-04-10T10:09:59.999000+00:00,40.648128,41.889120500000004,0.6134,1332.96,vol_trail,7,79.8,18,-0.3755,1.2657,0.04,0.5692857142857152,55642.43,3.5,4.988929866462394
DASHUSDT,2026-04-10T21:59:59.999000+00:00,2026-04-11T00:29:59.999000+00:00,45.929184,46.80777942857143,0.5717,1272.4,vol_trail,6,77.3,30,-0.5661,1.0205,0.04,0.42857142857142755,56884.16,3.5,0.6567346768395661
TONUSDT,2026-04-11T07:24:59.999000+00:00,2026-04-11T07:54:59.999000+00:00,1.31516298,1.3207072342857145,0.4841,1101.51,vol_trail,5,76.6,6,0.0,1.0305,0.04,0.002921428571428567,57853.97,3.5,3.069677384570041
DASHUSDT,2026-04-11T08:54:59.999000+00:00,2026-04-11T10:14:59.999000+00:00,46.229244,46.41928571428571,0.1102,255.01,vol_trail,3,72.6,16,-0.664,0.8735,0.04,0.4385714285714281,58077.62,3.5,1.4867705509453757
TONUSDT,2026-04-11T11:14:59.999000+00:00,2026-04-11T12:59:59.999000+00:00,1.38387672,1.3900147985714286,0.2207,512.76,vol_trail,1,60.0,21,0.0,1.1581,0.04,0.007135714285714293,58532.46,3.5,0.529869151124295
DASHUSDT,2026-04-11T18:29:59.999000+00:00,2026-04-11T18:59:59.999000+00:00,47.079414,46.1601801172,-1.033,-2416.18,stop_loss,5,75.5,6,-0.9444,0.1875,0.04,0.26000000000000006,56005.8,3.5,1.2331775320198908
TONUSDT,2026-04-11T17:24:59.999000+00:00,2026-04-11T19:54:59.999000+00:00,1.4383876199999999,1.4883736942857144,1.8232,4268.55,vol_trail,1,62.0,30,0.0,2.6548,0.04,0.00772857142857145,60274.34,3.5,0.516961070594458
WLDUSDT,2026-04-13T01:14:59.999000+00:00,2026-04-13T01:44:59.999000+00:00,0.29515902,0.2978689857142857,0.462,1113.99,vol_trail,9,84.7,6,0.0,0.7966,0.04,0.001592857142857142,61330.89,3.5,4.68475657464691
APTUSDT,2026-04-13T12:49:59.999000+00:00,2026-04-13T13:49:59.999000+00:00,0.830166,0.8344545042857142,0.5974,1463.99,vol_trail,7,79.6,12,0.0,2.0663,0.04,0.0018714285714285714,62549.18,3.5,3.470566464486602
WLDUSDT,2026-04-13T11:44:59.999000+00:00,2026-04-13T14:24:59.999000+00:00,0.29765951999999996,0.3044962314285714,1.3535,3320.39,vol_trail,2,69.1,32,0.0,3.0789,0.04,0.0014142857142857052,65795.73,3.5,0.21233361756580832
ENAUSDT,2026-04-13T13:49:59.999000+00:00,2026-04-13T14:59:59.999000+00:00,0.09363872399999999,0.09426257228571429,0.2232,545.72,vol_trail,9,84.9,14,-0.2874,0.5993,0.04,0.0007442857142857141,66341.45,3.5,3.5167061420365937
TONUSDT,2026-04-13T14:09:59.999000+00:00,2026-04-13T17:49:59.999000+00:00,1.43458686,1.4343202214285713,-0.0417,-104.32,vol_trail,2,69.6,44,-0.7445,0.5217,0.04,0.00625000000000001,66237.13,3.5,2.9014116156272367
ENAUSDT,2026-04-13T18:34:59.999000+00:00,2026-04-13T19:14:59.999000+00:00,0.094828962,0.09518060292857143,0.1566,414.8,vol_trail,8,81.9,8,0.0,0.8472,0.04,0.0005635714285714312,66594.6,3.5,3.0722233102678334
WLDUSDT,2026-04-13T21:24:59.999000+00:00,2026-04-13T22:19:59.999000+00:00,0.30186036,0.30481759571428574,0.705,1878.01,vol_trail,1,58.9,11,-0.2401,1.4849,0.04,0.0011428571428571438,68326.21,3.5,-0.6478756214046385
ENAUSDT,2026-04-13T22:14:59.999000+00:00,2026-04-13T22:19:59.999000+00:00,0.097789554,0.0983189037142857,0.2318,616.71,vol_trail,9,84.5,1,0.0,0.674,0.04,0.000597857142857146,68942.92,3.5,3.026191013497895
APTUSDT,2026-04-13T22:19:59.999000+00:00,2026-04-13T22:39:59.999000+00:00,0.8684736599999999,0.8702330614285715,0.1261,347.65,vol_trail,9,82.7,4,0.0,0.5093,0.04,0.003099999999999984,69191.24,3.5,2.1175947727023288
WLDUSDT,2026-04-14T02:04:59.999000+00:00,2026-04-14T02:19:59.999000+00:00,0.31346268,0.3154226171428572,0.4179,1156.68,vol_trail,3,72.2,3,0.0,0.9281,0.04,0.0012428571428571486,70258.18,3.5,0.6952278810730573
WLDUSDT,2026-04-14T07:09:59.999000+00:00,2026-04-14T08:44:59.999000+00:00,0.32366472,0.31745121705600005,-1.0336,-2904.62,stop_loss,2,69.8,19,-1.0187,0.4935,0.04,0.001757142857142854,67101.65,3.5,2.057694096549407
ETHUSDT,2026-04-14T08:34:59.999000+00:00,2026-04-14T10:44:59.999000+00:00,2390.3879819999997,2373.6181634035997,-1.0947,-3073.52,stop_loss,6,78.4,26,-0.9542,0.0879,0.04,4.655714285714274,64028.14,3.5,6.6571429620639595
1000PEPEUSDT,2026-04-16T02:09:59.999000+00:00,2026-04-16T02:29:59.999000+00:00,0.00379365858,0.0038178077142857142,0.3653,935.65,vol_trail,2,68.6,4,0.0,1.5658,0.04,1.7542857142857135e-05,64892.58,3.5,1.6458114504116967
XLMUSDT,2026-04-16T02:29:59.999000+00:00,2026-04-16T03:34:59.999000+00:00,0.159021798,0.15954022842857143,0.3801,986.67,vol_trail,7,79.6,13,0.0,1.4708,0.04,0.0003357142857142864,65571.8,3.5,1.0878889566978263
PENDLEUSDT,2026-04-16T02:34:59.999000+00:00,2026-04-16T08:04:59.999000+00:00,1.1123224200000001,1.1571113885714284,2.8653,7419.25,vol_trail,1,66.4,66,0.0,3.8238,0.04,0.004414285714285672,72814.46,3.5,1.799118985721067
DOTUSDT,2026-04-16T04:09:59.999000+00:00,2026-04-16T08:34:59.999000+00:00,1.205241,1.2493929285714287,2.4908,6533.16,vol_trail,1,66.1,53,0.0,3.8719,0.04,0.0050000000000000044,79347.62,3.5,2.4845865917544803
ENAUSDT,2026-04-16T03:24:59.999000+00:00,2026-04-16T08:39:59.999000+00:00,0.10141027799999999,0.10301939199999999,0.867,2242.07,vol_trail,1,63.8,63,-0.0223,1.5976,0.04,0.0005149999999999986,81589.68,3.5,0.03024193997783979
ARBUSDT,2026-04-16T04:39:59.999000+00:00,2026-04-16T08:54:59.999000+00:00,0.11722344,0.11801924857142858,0.5122,1341.79,vol_trail,1,65.8,51,-0.292,1.639,0.04,0.00041428571428571626,82931.47,3.5,0.43413121211296535
ARBUSDT,2026-04-16T12:04:59.999000+00:00,2026-04-16T13:09:59.999000+00:00,0.12002399999999999,0.12154711428571428,0.7832,2592.69,vol_trail,8,81.8,13,-0.2261,1.8005,0.04,0.0005357142857142842,85158.02,3.5,2.3172090471899076
SOLUSDT,2026-04-16T13:09:59.999000+00:00,2026-04-16T13:19:59.999000+00:00,85.627122,85.82568857142857,0.2655,904.27,vol_trail,5,75.8,2,0.0,0.8015,0.04,0.17214285714285488,85677.75,3.5,1.7980351790285023
PENDLEUSDT,2026-04-16T12:39:59.999000+00:00,2026-04-16T13:34:59.999000+00:00,1.1762352,1.1901690614285716,0.7916,2617.71,vol_trail,2,68.2,11,-0.1025,1.6995,0.04,0.0048357142857142765,88039.18,3.5,0.8624719105274897
ADAUSDT,2026-04-16T12:04:59.999000+00:00,2026-04-16T13:54:59.999000+00:00,0.24944988,0.25211028214285713,1.1447,3797.26,vol_trail,8,80.9,22,-0.7865,2.045,0.04,0.0006357142857142851,91836.44,3.5,3.0193557751207423
ENAUSDT,2026-04-16T13:19:59.999000+00:00,2026-04-16T13:54:59.999000+00:00,0.105581112,0.1037153647776,-1.0365,-3552.34,stop_loss,6,78.7,7,-2.2011,0.0,0.04,0.000527142857142858,88284.1,3.5,3.6078894898005722
1000PEPEUSDT,2026-04-16T13:09:59.999000+00:00,2026-04-16T13:54:59.999000+00:00,0.00387037392,0.0038025882502160002,-1.0369,-3522.91,stop_loss,3,71.3,9,-1.9213,0.254,0.04,1.9149999999999957e-05,84761.19,3.5,0.711100367176674
XRPUSDT,2026-04-16T13:29:59.999000+00:00,2026-04-16T13:54:59.999000+00:00,1.4287857000000002,1.41540256286,-1.0702,-3664.03,stop_loss,7,80.5,5,-2.1516,0.108,0.04,0.003742857142857143,81097.16,3.5,3.406871444223238
DOTUSDT,2026-04-16T13:14:59.999000+00:00,2026-04-16T14:19:59.999000+00:00,1.2962592,1.27075499816,-1.0327,-3505.11,stop_loss,8,81.1,13,-0.9608,0.267,0.04,0.007214285714285744,77592.05,3.5,1.2323618081128678
XLMUSDT,2026-04-16T15:54:59.999000+00:00,2026-04-16T15:59:59.999000+00:00,0.16339267200000002,0.16377438142857143,0.1322,410.29,vol_trail,3,70.7,1,0.0,0.398,0.04,0.0006657142857142874,77904.39,3.5,3.5302433648732237
SOLUSDT,2026-04-16T18:19:59.999000+00:00,2026-04-16T18:49:59.999000+00:00,87.537504,88.07166785714287,0.3864,1200.52,vol_trail,9,85.0,6,-0.2871,0.6582,0.04,0.36571428571428705,78632.12,3.5,4.291261828452485
ARBUSDT,2026-04-16T18:49:59.999000+00:00,2026-04-16T20:19:59.999000+00:00,0.12692538,0.13181291785714286,1.6094,4988.56,vol_trail,9,82.8,18,0.0,2.0249,0.04,0.0008571428571428589,83620.68,3.5,0.7131307206795178
ADAUSDT,2026-04-16T18:34:59.999000+00:00,2026-04-16T20:34:59.999000+00:00,0.25615122,0.2581697842857143,0.5142,1595.69,vol_trail,2,68.0,24,0.0,1.1483,0.04,0.0010571428571428596,85216.37,3.5,0.9437301341091893
PENDLEUSDT,2026-04-16T18:19:59.999000+00:00,2026-04-16T20:34:59.999000+00:00,1.2334466400000001,1.2748592628571427,1.3903,4323.25,vol_trail,1,53.8,27,0.0,2.3235,0.04,0.008392857142857138,89539.62,3.5,-0.290176568295612
BNBUSDT,2026-04-16T16:19:59.999000+00:00,2026-04-16T20:34:59.999000+00:00,628.295634,634.4045222857142,1.0754,3351.2,vol_trail,2,69.4,51,-0.7379,1.6536,0.04,1.5471428571428467,92890.82,3.5,1.3997422652438112
ARBUSDT,2026-04-17T06:14:59.999000+00:00,2026-04-17T06:29:59.999000+00:00,0.130026,0.13063101142857142,0.2324,863.65,vol_trail,9,83.3,3,0.0,0.6698,0.04,0.0006714285714285688,93661.96,3.5,4.098570639982759
PENDLEUSDT,2026-04-17T06:59:59.999000+00:00,2026-04-17T09:19:59.999000+00:00,1.27845564,1.3109163357142857,1.4372,5384.59,vol_trail,2,68.2,28,0.0,2.7032,0.04,0.00633571428571427,98584.89,3.5,0.31900630452284834
BNBUSDT,2026-04-17T09:29:59.999000+00:00,2026-04-17T09:39:59.999000+00:00,635.0569859999999,630.2459116027999,-1.0874,-4288.23,stop_loss,8,82.5,2,-0.8852,0.0,0.04,1.3385714285714374,93927.57,3.5,3.869089599648999
XLMUSDT,2026-04-17T08:34:59.999000+00:00,2026-04-17T10:29:59.999000+00:00,0.16751349599999998,0.1680206748571429,0.3029,1131.44,vol_trail,2,69.0,23,-0.1077,1.4081,0.04,0.00040714285714285196,95059.01,3.5,1.2227592098283862
ADAUSDT,2026-04-17T08:34:59.999000+00:00,2026-04-17T10:34:59.999000+00:00,0.2575515,0.2549005097,-1.0637,-3981.1,stop_loss,2,69.5,24,-0.789,0.711,0.04,0.0007428571428571404,91077.91,3.5,0.306123981198139
ETHUSDT,2026-04-17T09:34:59.999000+00:00,2026-04-17T12:29:59.999000+00:00,2354.340774,2354.8232268571423,-0.0178,-70.04,vol_trail,3,72.2,35,-0.5124,0.1314,0.04,9.262857142857131,90924.44,3.5,4.806966821991891
PENDLEUSDT,2026-04-17T12:44:59.999000+00:00,2026-04-17T12:59:59.999000+00:00,1.36197234,1.3655839714285714,0.0827,300.7,vol_trail,3,72.5,3,0.0,0.6104,0.04,0.010357142857142843,91163.65,3.5,1.4139073637472668
ARBUSDT,2026-04-17T11:24:59.999000+00:00,2026-04-17T13:59:59.999000+00:00,0.13232646,0.13358756285714285,0.4619,1682.82,vol_trail,1,64.8,31,0.0,1.5283,0.04,0.0007428571428571423,92727.18,3.5,0.9877145686898258
SOLUSDT,2026-04-17T13:14:59.999000+00:00,2026-04-17T15:54:59.999000+00:00,89.777952,89.76525764285714,-0.043,-156.75,vol_trail,7,79.0,32,-0.3303,0.4632,0.04,0.3528571428571427,92450.73,3.5,2.9479672730380386
XLMUSDT,2026-04-17T14:44:59.999000+00:00,2026-04-17T17:24:59.999000+00:00,0.174804954,0.17493714842857144,0.0219,81.37,vol_trail,1,61.1,32,-0.4533,0.8267,0.04,0.0006964285714285741,92532.1,3.5,1.741299303181463
PENDLEUSDT,2026-04-17T22:34:59.999000+00:00,2026-04-17T23:39:59.999000+00:00,1.4652930000000002,1.4249829464,-1.0231,-3786.94,stop_loss,2,70.4,13,-0.9867,0.2825,0.04,0.011435714285714311,88684.18,3.5,0.49698908589395674
XLMUSDT,2026-04-18T04:09:59.999000+00:00,2026-04-18T04:24:59.999000+00:00,0.175955184,0.1740078754632,-1.0591,-3757.17,stop_loss,9,83.4,3,-1.0641,0.0,0.04,0.0005464285714285648,84780.14,3.5,3.4330936716652096
CHZUSDT,2026-04-20T00:59:59.999000+00:00,2026-04-20T03:19:59.999000+00:00,0.042018401999999996,0.04289142,0.9539,3234.78,vol_trail,6,78.4,28,-0.5122,1.4878,0.04,0.0002557142857142857,87943.28,3.5,4.809624840960294
1000PEPEUSDT,2026-04-20T04:49:59.999000+00:00,2026-04-20T05:14:59.999000+00:00,0.0037275453600000004,0.0036900572009280004,-1.0653,-3747.33,stop_loss,1,65.4,5,-0.7386,0.0586,0.04,1.0499999999999938e-05,84035.39,3.5,-0.36289963046649265
TONUSDT,2026-04-20T12:24:59.999000+00:00,2026-04-20T13:09:59.999000+00:00,1.30666128,1.310123637142857,0.3081,1035.57,vol_trail,3,72.7,9,-0.3176,1.0015,0.04,0.0026642857142857063,84859.0,3.5,2.2348202107123116
ADAUSDT,2026-04-20T14:24:59.999000+00:00,2026-04-20T14:54:59.999000+00:00,0.2490498,0.24607557503999997,-1.0547,-3579.99,stop_loss,3,71.4,6,-1.111,0.0,0.04,0.0008357142857142869,81148.95,3.5,2.108814855515535
CHZUSDT,2026-04-20T17:34:59.999000+00:00,2026-04-20T19:09:59.999000+00:00,0.045639125999999995,0.04659353657142857,0.7498,2433.67,vol_trail,3,72.4,19,-0.184,1.3099,0.04,0.0003557142857142856,83413.02,3.5,0.4059215594386849
TONUSDT,2026-04-20T20:49:59.999000+00:00,2026-04-20T21:24:59.999000+00:00,1.34866968,1.337177191064,-1.0774,-3594.89,stop_loss,7,79.0,7,-1.1822,0.0,0.04,0.0032071428571428845,79637.74,3.5,1.687241432679791
FILUSDT,2026-04-20T18:09:59.999000+00:00,2026-04-20T23:04:59.999000+00:00,0.9341868000000001,0.9222523126400001,-1.051,-3409.32,stop_loss,3,71.7,59,-0.9521,0.0,0.04,0.00335714285714286,76228.42,3.5,1.0955526863406209
ETHUSDT,2026-04-22T02:29:59.999000+00:00,2026-04-22T03:39:59.999000+00:00,2354.7108479999997,2357.314871285714,0.0597,182.0,vol_trail,8,82.0,14,-0.1529,0.7319,0.04,7.3814285714285495,76226.05,3.5,1.5282195894074255
RUNEUSDT,2026-04-22T00:39:59.999000+00:00,2026-04-22T08:24:59.999000+00:00,0.46969392000000004,0.4984645728571429,2.631,8022.28,vol_trail,2,68.9,93,-0.6446,3.6411,0.04,0.0031000000000000034,84248.33,3.5,1.925295893494191
RUNEUSDT,2026-04-22T16:34:59.999000+00:00,2026-04-22T17:59:59.999000+00:00,0.49989996000000003,0.48812731500800005,-1.0272,-3456.85,stop_loss,2,69.6,17,-1.0535,0.394,0.04,0.003335714285714283,80612.99,3.5,-0.18838938625027787
ETHUSDT,2026-04-22T15:39:59.999000+00:00,2026-04-22T23:34:59.999000+00:00,2409.0617159999997,2376.4413326568,-1.0481,-3531.88,stop_loss,3,73.0,95,-1.0251,0.0559,0.04,9.184285714285547,77081.1,3.5,4.630690000320256
RUNEUSDT,2026-04-24T06:09:59.999000+00:00,2026-04-24T06:34:59.999000+00:00,0.47779554,0.4737507708920001,-1.078,-3323.63,stop_loss,2,68.3,5,-1.1887,0.153,0.04,0.0011285714285714193,73589.65,3.5,0.30403339108955446
RUNEUSDT,2026-04-26T15:24:59.999000+00:00,2026-04-26T19:09:59.999000+00:00,0.49249848,0.5066058014285715,2.682,7894.7,vol_trail,8,81.3,45,-0.0963,3.4592,0.04,0.0014785714285714205,81318.44,3.5,7.264227799498601
1000LUNCUSDT,2026-04-26T18:49:59.999000+00:00,2026-04-27T00:09:59.999000+00:00,0.05506101,0.060133685142857135,2.7609,8113.14,vol_trail,1,63.9,64,-0.2577,3.7094,0.04,0.0005221428571428559,89431.58,3.5,1.9324251460109334
1000LUNCUSDT,2026-04-27T03:09:59.999000+00:00,2026-04-27T03:54:59.999000+00:00,0.064602918,0.061483118916399994,-1.0129,-3623.27,stop_loss,1,66.2,9,-0.8955,0.0,0.04,0.0008878571428571426,85774.84,3.5,1.3239519634853352
RUNEUSDT,2026-04-29T01:04:59.999000+00:00,2026-04-29T02:04:59.999000+00:00,0.5126025,0.5178535514285715,1.0454,3586.83,vol_trail,6,78.7,12,-0.4797,2.1245,0.04,0.0013714285714285632,89196.79,3.5,1.7968644134746306
RUNEUSDT,2026-04-29T23:09:59.999000+00:00,2026-04-30T00:34:59.999000+00:00,0.4965993,0.49760045999999997,0.3018,1076.93,vol_trail,3,70.8,17,-0.5046,0.5051,0.04,0.0007357142857142721,89964.09,3.5,-0.17195328203752422
ZECUSDT,2026-04-30T16:44:59.999000+00:00,2026-04-30T16:54:59.999000+00:00,339.177822,340.18980557142856,0.2447,880.57,vol_trail,1,65.1,2,0.0,0.8753,0.04,1.0028571428571564,90688.18,3.5,2.758855822611469
ZECUSDT,2026-04-30T20:39:59.999000+00:00,2026-04-30T22:39:59.999000+00:00,354.62091000000004,347.12897031800003,-1.0304,-3737.81,stop_loss,1,60.3,24,-0.9688,0.1791,0.04,2.1207142857142895,86872.38,3.5,0.029982898268827354
PENDLEUSDT,2026-05-01T00:14:59.999000+00:00,2026-05-01T00:59:59.999000+00:00,1.44788952,1.406433177096,-1.0222,-3552.05,stop_loss,2,69.1,9,-1.0732,0.2723,0.04,0.011764285714285718,83265.34,3.5,0.7390223642195249
SOLUSDT,2026-05-01T02:49:59.999000+00:00,2026-05-01T03:19:59.999000+00:00,83.71674,83.76610057142857,0.0297,98.99,vol_trail,6,78.7,6,-0.4758,0.9,0.04,0.11214285714285767,83044.66,3.5,4.428570092432835
TAOUSDT,2026-05-01T08:39:59.999000+00:00,2026-05-01T11:34:59.999000+00:00,259.421874,263.0459517142857,1.1676,3878.5,vol_trail,5,77.1,35,-0.5069,1.7046,0.04,0.8578571428571442,86794.01,3.5,2.5007270872240297
ETHUSDT,2026-05-01T12:29:59.999000+00:00,2026-05-01T13:44:59.999000+00:00,2304.4608,2305.178872,-0.0198,-68.42,vol_trail,6,77.6,15,-0.2732,0.4043,0.04,4.613571428571471,85655.85,3.5,4.5981337641090665
SOLUSDT,2026-05-01T12:24:59.999000+00:00,2026-05-01T13:54:59.999000+00:00,84.33686399999999,84.34277092857144,-0.0693,-240.56,vol_trail,7,80.1,18,-0.2094,0.6771,0.04,0.13214285714285776,85415.28,3.5,3.9390788829856134
RUNEUSDT,2026-05-01T13:04:59.999000+00:00,2026-05-01T14:34:59.999000+00:00,0.50840166,0.5097480300000001,0.2428,838.1,vol_trail,2,69.9,18,-0.1308,1.0866,0.04,0.0013142857142857043,86253.38,3.5,0.29155691710756837
1000PEPEUSDT,2026-05-01T13:04:59.999000+00:00,2026-05-01T15:49:59.999000+00:00,0.003970794,0.003997686017142857,0.5782,1991.61,vol_trail,3,72.8,33,-0.2971,1.1338,0.04,1.2400000000000085e-05,88161.8,3.5,2.259673060649876
XRPUSDT,2026-05-01T13:34:59.999000+00:00,2026-05-01T15:54:59.999000+00:00,1.39267848,1.393396265,0.0105,36.08,vol_trail,8,81.7,28,-0.3675,0.6152,0.04,0.002471428571428569,88197.88,3.5,5.941301868656855
TAOUSDT,2026-05-01T14:59:59.999000+00:00,2026-05-01T16:29:59.999000+00:00,266.56330199999996,270.18023885714285,0.7026,2424.01,vol_trail,2,68.3,18,-0.0469,1.6315,0.04,1.421428571428574,90621.89,3.5,3.2050275874542726
TAOUSDT,2026-05-02T06:54:59.999000+00:00,2026-05-02T06:59:59.999000+00:00,275.365062,275.93480199999993,0.1686,610.68,vol_trail,9,84.5,1,0.0,0.6528,0.04,0.7550000000000036,90983.88,3.5,5.3335024934233175
1000LUNCUSDT,2026-05-02T05:04:59.999000+00:00,2026-05-02T07:29:59.999000+00:00,0.07167433200000001,0.07264332557142857,0.6316,2289.37,vol_trail,1,65.4,29,-0.7517,1.3596,0.04,0.0004235714285714289,93273.24,3.5,-0.21029291500578162
1000LUNCUSDT,2026-05-02T10:34:59.999000+00:00,2026-05-02T14:19:59.999000+00:00,0.075585114,0.07713314171428572,0.9062,3380.89,vol_trail,1,63.9,45,-0.6198,2.2305,0.04,0.00047714285714285556,96578.14,3.5,0.8396818841264931
TAOUSDT,2026-05-02T18:34:59.999000+00:00,2026-05-02T18:49:59.999000+00:00,280.486086,283.18692271428574,0.8023,3097.33,vol_trail,1,64.3,3,0.0,1.9248,0.04,0.9164285714285663,99458.43,3.5,1.821386373317002
1000LUNCUSDT,2026-05-02T18:34:59.999000+00:00,2026-05-02T19:14:59.999000+00:00,0.08128625399999999,0.08167580442857143,0.1626,628.06,vol_trail,7,79.4,8,-0.4637,1.1814,0.04,0.0006200000000000005,100086.5,3.5,2.306312734526617
1000LUNCUSDT,2026-05-02T23:39:59.999000+00:00,2026-05-03T00:09:59.999000+00:00,0.089807958,0.08994700700000001,0.0268,107.24,vol_trail,1,64.8,6,-0.1109,0.3538,0.04,0.0010514285714285712,100149.77,3.5,0.3083259566294143
TAOUSDT,2026-05-03T05:04:59.999000+00:00,2026-05-03T05:44:59.999000+00:00,287.567502,288.38945342857136,0.2429,972.93,vol_trail,3,71.4,8,-0.2167,0.857,0.04,0.8142857142857167,100940.81,3.5,0.1299931744579384
TAOUSDT,2026-05-03T15:14:59.999000+00:00,2026-05-03T19:14:59.999000+00:00,290.288046,290.23622685714287,-0.0564,-227.69,vol_trail,5,76.9,48,-0.7351,0.2819,0.04,0.9242857142857182,100550.08,3.5,2.5848445338788673
DASHUSDT,2026-05-04T00:44:59.999000+00:00,2026-05-04T00:54:59.999000+00:00,39.66793199999999,40.66757914285714,1.0552,4244.06,vol_trail,2,67.1,2,0.0,1.9162,0.04,0.2657142857142851,104716.94,3.5,1.5623197569973948
ETHUSDT,2026-05-04T01:59:59.999000+00:00,2026-05-04T03:39:59.999000+00:00,2350.950096,2376.030413142857,0.8857,3709.88,vol_trail,6,77.8,20,0.0,1.2128,0.04,7.745714285714322,107771.35,3.5,4.023822741091183
BNBUSDT,2026-05-04T02:44:59.999000+00:00,2026-05-04T04:09:59.999000+00:00,626.685312,629.4940759999998,0.449,1872.6,vol_trail,2,67.7,17,-0.3814,1.0711,0.04,1.607142857142849,109608.29,3.5,4.529247444001573
DASHUSDT,2026-05-04T03:59:59.999000+00:00,2026-05-04T04:14:59.999000+00:00,47.60952,47.77829957142857,0.0569,245.14,vol_trail,1,58.1,3,0.0,0.8921,0.04,0.740000000000001,109853.42,3.5,0.572928885122076
TONUSDT,2026-05-04T02:29:59.999000+00:00,2026-05-04T06:24:59.999000+00:00,1.3748749200000001,1.38297335,0.6529,2729.17,vol_trail,2,67.4,47,-0.7052,1.548,0.04,0.003271428571428608,112582.59,3.5,0.47338616306427544
1000LUNCUSDT,2026-05-04T02:09:59.999000+00:00,2026-05-04T08:34:59.999000+00:00,0.08708741399999999,0.09143670900000002,1.4998,6272.33,vol_trail,1,65.9,77,-0.8102,2.309,0.04,0.0008207142857142828,118854.93,3.5,5.311908057722666
ETHUSDT,2026-05-04T14:54:59.999000+00:00,2026-05-04T15:19:59.999000+00:00,2377.015308,2346.5733994383995,-1.0509,-4996.15,stop_loss,7,79.2,5,-1.0358,0.0,0.04,8.563571428571484,113689.11,3.5,2.2408610371054873
1000LUNCUSDT,2026-05-04T18:09:59.999000+00:00,2026-05-04T20:19:59.999000+00:00,0.096929382,0.09901019400000001,0.6227,2831.81,vol_trail,2,69.4,26,-0.2383,1.6393,0.04,0.0009342857142857139,116460.26,3.5,2.158064255382394
TONUSDT,2026-05-04T20:44:59.999000+00:00,2026-05-04T22:24:59.999000+00:00,1.47559506,1.5372639142857143,2.2459,10462.48,vol_trail,1,64.4,20,0.0,4.3169,0.04,0.007757142857142859,126748.35,3.5,-0.13907785998484792
DASHUSDT,2026-05-04T21:29:59.999000+00:00,2026-05-04T23:04:59.999000+00:00,48.929784000000005,49.24086414285715,0.1705,793.27,vol_trail,1,63.0,19,0.0,1.068,0.04,0.4842857142857149,127541.63,3.5,0.7807506258387349
TONUSDT,2026-05-05T08:14:59.999000+00:00,2026-05-05T08:59:59.999000+00:00,1.8442687800000002,1.7649407212440003,-1.0145,-5175.78,stop_loss,1,65.1,9,-0.7214,0.2207,0.04,0.02256428571428572,122312.24,3.5,1.0163299313905743
1000LUNCUSDT,2026-05-05T14:24:59.999000+00:00,2026-05-05T18:04:59.999000+00:00,0.104560908,0.11717941657142857,3.3375,16328.8,vol_trail,1,66.0,44,0.0,4.5867,0.04,0.001075714285714288,138579.89,3.5,1.1649804965933361
WLDUSDT,2026-05-06T03:24:59.999000+00:00,2026-05-06T05:19:59.999000+00:00,0.25085016000000004,0.2508283957142857,-0.0424,-235.06,vol_trail,1,64.4,23,-0.1733,0.8031,0.04,0.0009071428571428623,138147.75,3.5,-0.13231419604443995
DASHUSDT,2026-05-06T07:09:59.999000+00:00,2026-05-06T08:04:59.999000+00:00,52.46049,53.577853714285716,0.3662,2021.18,vol_trail,9,83.6,11,-0.563,0.8005,0.04,0.8528571428571422,139366.92,3.5,5.606922013267238
BNBUSDT,2026-05-06T07:44:59.999000+00:00,2026-05-06T08:34:59.999000+00:00,639.987972,641.491676,0.4398,2426.47,vol_trail,7,79.4,10,-0.6219,1.322,0.04,0.7892857142857436,141793.4,3.5,4.227369076738341
ADAUSDT,2026-05-06T08:49:59.999000+00:00,2026-05-06T08:54:59.999000+00:00,0.26975393999999997,0.26984601999999996,-0.0088,-49.62,vol_trail,3,72.6,1,0.0,0.6406,0.04,0.0009571428571428588,141344.22,3.5,4.25174245058089
WLDUSDT,2026-05-06T08:44:59.999000+00:00,2026-05-06T11:24:59.999000+00:00,0.25695138,0.2595409385714286,0.7327,4155.52,vol_trail,1,59.9,32,0.0,1.3774,0.04,0.0009642857142857152,145415.85,3.5,-0.38193742684769044
ICPUSDT,2026-05-06T09:14:59.999000+00:00,2026-05-06T12:44:59.999000+00:00,2.835567,2.835789871428571,-0.0122,-69.24,vol_trail,2,68.2,42,-0.3671,0.4818,0.04,0.024571428571428595,144988.49,3.5,3.963923277373028
SOLUSDT,2026-05-06T11:24:59.999000+00:00,2026-05-06T13:04:59.999000+00:00,89.957988,89.2826279024,-1.0883,-6330.07,stop_loss,3,72.5,20,-1.1985,0.0,0.04,0.18785714285714356,138658.43,3.5,1.614496154096972
NEARUSDT,2026-05-06T07:09:59.999000+00:00,2026-05-06T13:09:59.999000+00:00,1.3262652000000001,1.4696345857142858,7.9282,43810.66,vol_trail,1,63.6,72,-0.1258,9.4853,0.04,0.005142857142857163,182469.09,3.5,1.9384785461523366
ICPUSDT,2026-05-06T15:49:59.999000+00:00,2026-05-06T16:24:59.999000+00:00,2.9285856,2.933127542857143,0.0336,244.97,vol_trail,5,76.8,7,-0.2665,0.5356,0.04,0.02742857142857142,182501.22,3.5,3.078089758109485
ADAUSDT,2026-05-06T21:49:59.999000+00:00,2026-05-06T22:49:59.999000+00:00,0.2680536,0.26580042928000003,-1.0785,-7868.64,stop_loss,2,69.7,12,-1.0698,0.2029,0.04,0.0006285714285714228,174122.81,3.5,0.02667092984285448
ICPUSDT,2026-05-06T21:39:59.999000+00:00,2026-05-06T23:04:59.999000+00:00,3.040608,3.0461049428571427,0.0453,331.0,vol_trail,9,83.6,17,-0.2045,0.4988,0.04,0.026000000000000086,174453.81,3.5,0.5878444033157801
NEARUSDT,2026-05-06T16:14:59.999000+00:00,2026-05-06T23:14:59.999000+00:00,1.5183036,1.5180534714285716,-0.0211,-153.85,vol_trail,1,58.7,84,-0.8656,0.5355,0.04,0.012642857142857131,174299.96,3.5,0.8983789523605233
ICPUSDT,2026-05-08T00:09:59.999000+00:00,2026-05-08T00:49:59.999000+00:00,3.0766152,3.01151277696,-1.0304,-7171.04,stop_loss,1,66.7,8,-0.9243,0.1765,0.04,0.0184285714285714,166674.7,3.5,0.4073826371697382
1000LUNCUSDT,2026-05-08T00:09:59.999000+00:00,2026-05-08T01:04:59.999000+00:00,0.09191838,0.09009285782399998,-1.0324,-7191.89,stop_loss,9,84.2,11,-0.9064,0.2886,0.04,0.0005164285714285745,159250.57,3.5,0.5560629178290336
FILUSDT,2026-05-08T00:04:59.999000+00:00,2026-05-08T02:04:59.999000+00:00,1.0892178,1.0933884214285714,0.1565,1091.37,vol_trail,7,79.4,24,-0.1795,0.8843,0.04,0.006714285714285736,160341.94,3.5,5.053811691217715
PENDLEUSDT,2026-05-08T03:09:59.999000+00:00,2026-05-08T04:49:59.999000+00:00,1.9078815,1.9252577285714287,0.4054,2600.1,vol_trail,2,67.5,20,-0.1395,1.0146,0.04,0.01163571428571424,162806.83,3.5,1.2911489517250476
ARBUSDT,2026-05-08T00:59:59.999000+00:00,2026-05-08T04:49:59.999000+00:00,0.12772554,0.12836003714285715,0.3495,2330.36,vol_trail,2,69.8,46,-0.4397,1.3785,0.04,0.0004714285714285691,165137.18,3.5,0.6354534010755821
ENAUSDT,2026-05-08T05:34:59.999000+00:00,2026-05-08T06:29:59.999000+00:00,0.120504096,0.11862286668080001,-1.0415,-6879.7,stop_loss,5,77.2,11,-0.9928,0.2401,0.04,0.0005307142857142852,158064.65,3.5,3.116497568999321
NEARUSDT,2026-05-08T07:19:59.999000+00:00,2026-05-08T07:34:59.999000+00:00,1.4952990000000002,1.4995571714285714,0.1886,1192.43,vol_trail,3,71.9,3,-0.0157,0.7737,0.04,0.005428571428571434,159033.16,3.5,0.9767214636570388
ARBUSDT,2026-05-08T09:09:59.999000+00:00,2026-05-08T09:39:59.999000+00:00,0.1330266,0.13351614857142854,0.1668,1060.96,vol_trail,7,80.1,6,0.0,0.8052,0.04,0.000735714285714288,159448.91,3.5,4.297395199321336
FILUSDT,2026-05-08T12:44:59.999000+00:00,2026-05-08T12:54:59.999000+00:00,1.1172234,1.08950545532,-1.0258,-6537.12,stop_loss,9,83.2,2,-0.9899,0.0,0.04,0.007857142857142849,152671.15,3.5,4.733715061944312
RUNEUSDT,2026-05-08T09:09:59.999000+00:00,2026-05-08T13:04:59.999000+00:00,0.56081214,0.5961021842857143,10.8595,69016.41,vol_trail,2,70.4,47,0.0,14.1668,0.04,0.000921428571428581,221687.56,3.5,-0.32709891309288985
PENDLEUSDT,2026-05-08T10:49:59.999000+00:00,2026-05-08T13:14:59.999000+00:00,2.0415082200000003,2.0513896399999996,0.1898,1210.5,vol_trail,5,76.8,29,-0.3688,0.9723,0.04,0.013485714285714243,222898.06,3.5,5.081305816956071
ARBUSDT,2026-05-08T15:59:59.999000+00:00,2026-05-08T17:34:59.999000+00:00,0.13782756000000002,0.13989344428571426,0.5891,5239.47,vol_trail,1,59.2,19,-0.5669,1.4037,0.04,0.0009714285714285695,226865.1,3.5,0.8490063242434317
SOLUSDT,2026-05-08T17:29:59.999000+00:00,2026-05-08T17:34:59.999000+00:00,90.288054,90.95287721428572,0.7427,6597.1,vol_trail,8,81.1,1,0.0,1.538,0.04,0.23999999999999894,233462.19,3.5,4.02211772058221
NEARUSDT,2026-05-08T15:44:59.999000+00:00,2026-05-08T17:39:59.999000+00:00,1.5853169999999999,1.5537561865999998,-1.0323,-9204.09,stop_loss,2,67.6,23,-1.3861,0.0,0.04,0.008928571428571428,224258.11,3.5,0.9018193094175425
PENDLEUSDT,2026-05-08T16:19:59.999000+00:00,2026-05-08T19:24:59.999000+00:00,2.1152229599999997,2.051687540408,-1.0211,-9075.34,stop_loss,3,72.7,37,-0.9477,0.1676,0.04,0.018035714285714283,215182.76,3.5,1.6500786749524656
ADAUSDT,2026-05-08T15:59:59.999000+00:00,2026-05-08T19:44:59.999000+00:00,0.2695539,0.2711171942857143,0.4576,4075.78,vol_trail,1,61.8,45,-0.525,0.967,0.04,0.000900000000000004,219258.54,3.5,3.7286425494805573
XRPUSDT,2026-05-10T02:34:59.999000+00:00,2026-05-10T06:34:59.999000+00:00,1.41698334,1.4167201707142856,-0.137,-1201.43,vol_trail,7,80.1,48,-0.3169,0.2763,0.04,0.0018785714285714436,217206.57,3.5,9.173587954026804
ARBUSDT,2026-05-10T07:24:59.999000+00:00,2026-05-10T08:24:59.999000+00:00,0.1410282,0.14175735714285714,0.4753,4129.2,vol_trail,5,76.9,12,-0.2344,1.1227,0.04,0.0004000000000000055,219319.29,3.5,-0.20297878927885896
ETHUSDT,2026-05-10T09:04:59.999000+00:00,2026-05-10T09:39:59.999000+00:00,2332.4664,2326.0311007199994,-1.2533,-10994.64,stop_loss,8,81.9,7,-0.8101,0.0,0.04,1.705714285714326,206782.28,3.5,3.499556135286045
1000PEPEUSDT,2026-05-10T08:09:59.999000+00:00,2026-05-10T10:04:59.999000+00:00,0.00426245232,0.0042616332171428566,-0.0832,-720.71,vol_trail,7,80.8,23,-0.3329,0.503,0.04,9.400000000000057e-06,206061.57,3.5,0.344166537935099
XLMUSDT,2026-05-10T08:09:59.999000+00:00,2026-05-10T10:04:59.999000+00:00,0.162952584,0.16173523048320002,-1.0887,-9410.42,stop_loss,3,72.9,23,-0.9136,0.2004,0.04,0.0003385714285714262,196651.14,3.5,0.32481289061843066
APTUSDT,2026-05-10T08:09:59.999000+00:00,2026-05-10T10:04:59.999000+00:00,1.1047209,1.107292782857143,0.1761,1518.38,vol_trail,2,69.7,23,-0.0442,0.839,0.04,0.0033642857142857246,198169.52,3.5,-0.40437965496581335
ENAUSDT,2026-05-10T08:09:59.999000+00:00,2026-05-10T11:24:59.999000+00:00,0.13067613,0.128317961274,-1.0358,-8982.64,stop_loss,2,69.5,39,-0.8086,0.3875,0.04,0.0006664285714285718,189186.88,3.5,-0.07388502344496485
XRPUSDT,2026-05-10T13:29:59.999000+00:00,2026-05-10T16:14:59.999000+00:00,1.43208636,1.4472105000000002,2.1284,16106.36,vol_trail,8,82.2,33,-0.2627,2.7667,0.04,0.0019428571428571192,203716.92,3.5,3.120456371672107
1000PEPEUSDT,2026-05-10T15:49:59.999000+00:00,2026-05-10T16:29:59.999000+00:00,0.0043090616399999995,0.004322046132142858,0.2847,2146.36,vol_trail,7,79.4,8,-0.0429,0.9913,0.04,1.107857142857143e-05,205863.27,3.5,4.3330002858630685
APTUSDT,2026-05-10T15:59:59.999000+00:00,2026-05-10T17:39:59.999000+00:00,1.12402476,1.1744364942857142,3.5129,26430.06,vol_trail,2,67.3,20,0.0,5.3926,0.04,0.0040571428571428226,231684.79,3.5,1.4059610368035065
ADAUSDT,2026-05-10T16:49:59.999000+00:00,2026-05-10T19:04:59.999000+00:00,0.28485696,0.28519295,0.0355,292.3,vol_trail,1,64.4,27,-0.061,0.4689,0.04,0.0016714285714285618,231977.09,3.5,0.49095778543251206
SOLUSDT,2026-05-10T17:04:59.999000+00:00,2026-05-10T19:04:59.999000+00:00,95.109018,96.2593157142857,1.3459,11072.92,vol_trail,5,76.4,24,-0.2298,1.9586,0.04,0.23499999999999943,243050.01,3.5,2.10166150471264
RUNEUSDT,2026-05-10T16:14:59.999000+00:00,2026-05-10T20:44:59.999000+00:00,0.6144228599999999,0.604601915428,-1.0405,-7817.39,stop_loss,3,71.0,54,-0.992,0.1832,0.04,0.0027714285714285597,235232.62,3.5,4.264769633978765
PENDLEUSDT,2026-05-11T10:14:59.999000+00:00,2026-05-11T12:49:59.999000+00:00,1.94228838,1.911081087324,-1.0403,-9788.51,stop_loss,8,82.0,31,-0.9307,0.1983,0.04,0.008807142857142838,225177.31,3.5,1.5731137197298206
SOLUSDT,2026-05-11T13:44:59.999000+00:00,2026-05-11T14:34:59.999000+00:00,95.31906,94.265203188,-1.0592,-9540.35,stop_loss,8,81.6,10,-0.7624,0.4357,0.04,0.29571428571428576,215263.68,3.5,6.604398245963478
BNBUSDT,2026-05-13T01:44:59.999000+00:00,2026-05-13T03:54:59.999000+00:00,679.5858900000001,680.2110734285715,0.0491,422.7,vol_trail,2,68.2,26,-0.1501,0.4299,0.04,1.8571428571428652,215281.27,3.5,1.4554618203422007
BNBUSDT,2026-05-14T00:39:59.999000+00:00,2026-05-14T02:44:59.999000+00:00,677.265426,673.5806829148,-1.1233,-9673.36,stop_loss,2,68.7,25,-1.1424,0.0,0.04,1.0142857142857338,204868.63,3.5,3.1836286981810704
PENDLEUSDT,2026-05-14T05:24:59.999000+00:00,2026-05-14T06:34:59.999000+00:00,1.9852969800000002,1.9904518299999998,0.1242,1017.57,vol_trail,1,64.0,14,0.0,1.0176,0.04,0.0098,205448.25,3.5,0.7931827171043109
QNTUSDT,2026-05-14T05:24:59.999000+00:00,2026-05-14T09:34:59.999000+00:00,75.11502,76.37543614285714,0.9948,8143.35,vol_trail,1,63.2,50,-0.3854,2.073,0.04,0.35214285714285865,213591.6,3.5,0.29715911819115365
ADAUSDT,2026-05-14T12:34:59.999000+00:00,2026-05-14T13:34:59.999000+00:00,0.26575314,0.2664752657142857,0.2769,2365.56,vol_trail,5,75.8,12,0.0,0.7112,0.04,0.0006214285714285704,214985.16,3.5,1.5130158259373259
XRPUSDT,2026-05-14T13:14:59.999000+00:00,2026-05-14T13:39:59.999000+00:00,1.4564912399999999,1.445077166752,-1.0844,-9244.69,stop_loss,8,81.9,5,-0.8082,0.0,0.04,0.003178571428571364,205740.48,3.5,4.633723415992752
QNTUSDT,2026-05-14T14:19:59.999000+00:00,2026-05-14T16:54:59.999000+00:00,78.985794,77.61776734120001,-1.0373,-8529.51,stop_loss,3,71.7,31,-0.9063,0.1214,0.04,0.3864285714285681,196823.42,3.5,0.2622838555036218
PENDLEUSDT,2026-05-14T14:19:59.999000+00:00,2026-05-14T17:49:59.999000+00:00,2.01280248,2.053360674285714,0.9117,7502.57,vol_trail,3,72.5,42,-0.4072,1.5296,0.04,0.012421428571428599,204325.99,3.5,1.639633060226957
ADAUSDT,2026-05-14T18:14:59.999000+00:00,2026-05-14T19:29:59.999000+00:00,0.27385476,0.27621617428571427,0.6171,5043.87,vol_trail,1,66.1,15,0.0,1.5297,0.04,0.0010357142857142826,209092.01,3.5,1.3678948425395643
QNTUSDT,2026-05-16T00:29:59.999000+00:00,2026-05-16T03:34:59.999000+00:00,80.856168,81.12912807142858,0.172,1438.26,vol_trail,9,83.0,37,-0.7608,0.1628,0.04,0.39285714285714185,210308.96,3.5,5.105976868159326
QNTUSDT,2026-05-16T14:59:59.999000+00:00,2026-05-16T16:44:59.999000+00:00,84.236844,82.6778051312,-1.0348,-8705.46,stop_loss,2,69.5,21,-1.2232,0.2549,0.04,0.44071428571428684,201273.86,3.5,1.3465595839127866
NMRUSDT,2026-05-16T16:19:59.999000+00:00,2026-05-16T22:09:59.999000+00:00,9.7089414,10.205172842857143,1.6457,13830.22,vol_trail,1,55.8,70,-0.4985,2.3868,0.04,0.08535714285714288,215104.08,3.5,1.298449014078408
CHZUSDT,2026-05-18T08:59:59.999000+00:00,2026-05-18T09:44:59.999000+00:00,0.047849568,0.0468626935864,-1.0312,-8872.3,stop_loss,3,73.2,9,-0.9612,0.0,0.04,0.00027928571428571455,206042.25,3.5,3.144173462938093
