uuid,symbol,side,entry_time,exit_time,entry_price,exit_price,quantity,leverage,stop_dist,pnl_usd,pnl_r,fees,hold,exit_reason,tp1,equity_after,conf,conf_count,mae,mfe,aggression_score,aggression_decile,sector,regime_score,label
24591f1a-dbdc-4202-9664-bd8e78e2989b,UNIUSDT,LONG,2026-02-13T13:04:59.999000+00:00,2026-02-13T14:44:59.999000+00:00,3.343669,3.372489,3738.720357,2,0.03268,197.4687,0.9026,8.4624,20,vol_trail,1,9816.32,"{'breakout': True, 'imb': True, 'vol': True, 'body': True, 'impulse': True, 'momentum': True}",6,-0.3571,2.3969,0.7688,5,DEFI,0.625,full_stack
3441db88-3be6-4574-b69f-cc56e893d714,ZECUSDT,LONG,2026-02-14T00:34:59.999000+00:00,2026-02-14T00:44:59.999000+00:00,270.664122,272.587539,59.12948,2,3.295087,388.3811,0.6003,10.8284,2,vol_trail,1,9787.88,"{'breakout': False, 'imb': True, 'vol': False, 'body': True, 'impulse': True, 'momentum': True}",4,-0.1105,3.4402,0.7663,5,OTHER,1.0,full_stack
ba0be90a-f37b-4f77-ab8a-6ccd8be0798c,ZECUSDT,LONG,2026-02-14T05:14:59.999000+00:00,2026-02-14T09:09:59.999000+00:00,283.836756,285.312926,51.702447,2,5.679349,69.6835,0.27,13.2419,47,struct_trail,0,9850.95,"{'breakout': True, 'imb': False, 'vol': True, 'body': False, 'impulse': True, 'momentum': True}",4,-0.9925,1.0852,0.8103,8,OTHER,1.0,full_stack
b4c447d7-deb5-4bae-a17e-7a091fa2f958,ZECUSDT,LONG,2026-02-16T00:09:59.999000+00:00,2026-02-16T01:04:59.999000+00:00,301.970382,296.766922,36.329001,2,5.144095,-193.8881,-1.0,9.7882,11,stop_loss,0,9758.22,"{'breakout': True, 'imb': False, 'vol': True, 'body': True, 'impulse': True, 'momentum': True}",5,-1.2831,1.3665,0.8158,8,OTHER,0.625,full_stack
f70af7b8-f990-4ee3-8b17-5b63faaab74e,TAOUSDT,LONG,2026-02-16T00:29:59.999000+00:00,2026-02-16T04:19:59.999000+00:00,185.267046,188.71225,118.534009,3,1.575812,395.5028,2.2103,14.9152,46,struct_trail,1,9957.37,"{'breakout': False, 'imb': True, 'vol': False, 'body': True, 'impulse': True, 'momentum': True}",4,-0.2456,4.5075,0.8131,8,AI,0.625,full_stack
4f54195d-8872-42f9-9760-53eb31e5bcb3,TAOUSDT,LONG,2026-02-16T05:04:59.999000+00:00,2026-02-16T07:44:59.999000+00:00,200.019996,189.682198,18.126539,1,10.299854,-188.9357,-1.0,3.1788,32,stop_loss,0,9766.8,"{'breakout': True, 'imb': False, 'vol': True, 'body': False, 'impulse': True, 'momentum': True}",4,-1.4437,0.4631,0.8175,8,AI,0.625,full_stack
c1a08c90-5b75-48c5-8300-43152d7f3453,TAOUSDT,LONG,2026-02-16T21:19:59.999000+00:00,2026-02-17T00:04:59.999000+00:00,199.759944,195.171772,41.245307,1,4.54913,-192.863,-1.0,7.3301,33,stop_loss,0,9829.86,"{'breakout': True, 'imb': False, 'vol': True, 'body': True, 'impulse': True, 'momentum': True}",5,-1.0354,0.7122,0.814,8,AI,0.875,full_stack
a530cb4e-9f63-4d3f-befd-2a223469e31d,DOTUSDT,LONG,2026-02-25T01:09:59.999000+00:00,2026-02-25T01:14:59.999000+00:00,1.244249,1.257594,32168.955504,5,0.009167,716.2502,1.4832,27.1143,1,vol_trail,1,9996.66,"{'breakout': False, 'imb': False, 'vol': True, 'body': True, 'impulse': True, 'momentum': True}",4,-0.1362,3.4636,0.7977,7,L1,1.0,full_stack
cda1715b-61be-45ce-9fb6-8d70d0a4a739,APTUSDT,LONG,2026-02-25T01:09:59.999000+00:00,2026-02-25T01:14:59.999000+00:00,0.833667,0.841307,33478.89527,3,0.005606,431.7947,1.393,19.4601,1,vol_trail,1,10160.08,"{'breakout': True, 'imb': False, 'vol': False, 'body': True, 'impulse': True, 'momentum': True}",4,-0.0654,3.3062,0.7565,5,L1,1.0,full_stack
8f3ebe35-a704-45a8-bfe5-d28f332b639d,ARBUSDT,LONG,2026-02-25T01:14:59.999000+00:00,2026-02-25T03:19:59.999000+00:00,0.094719,0.093274,203662.565677,2,0.001426,-302.8336,-1.0,17.6571,25,stop_loss,0,9848.14,"{'breakout': True, 'imb': False, 'vol': True, 'body': True, 'impulse': True, 'momentum': True}",5,-1.0649,0.8281,0.8009,7,L2,1.0,full_stack
bbc578f6-04aa-411e-ac3a-5a8529ac3be9,APTUSDT,LONG,2026-02-25T06:39:59.999000+00:00,2026-02-25T08:54:59.999000+00:00,0.845569,0.848926,27515.53901,3,0.007158,81.8676,0.4927,20.9812,27,vol_trail,0,9907.25,"{'breakout': False, 'imb': True, 'vol': False, 'body': True, 'impulse': True, 'momentum': True}",4,-0.7361,1.2476,0.7656,5,L1,1.0,full_stack
38cca83b-971b-46ea-afc0-2eac0373467c,DOTUSDT,LONG,2026-02-25T07:54:59.999000+00:00,2026-02-25T11:24:59.999000+00:00,1.267253,1.334225,21543.941571,3,0.009133,916.8865,7.3624,18.7532,42,vol_trail,1,10617.07,"{'breakout': False, 'imb': True, 'vol': False, 'body': True, 'impulse': True, 'momentum': True}",4,-0.6847,9.7175,0.7546,5,L1,1.0,full_stack
0708f9d5-c987-420b-8e23-967f273805a5,BNBUSDT,LONG,2026-02-25T11:24:59.999000+00:00,2026-02-25T14:19:59.999000+00:00,604.740924,613.223056,75.041377,5,2.829656,521.7348,3.0409,30.7751,35,vol_trail,1,11056.08,"{'breakout': True, 'imb': False, 'vol': False, 'body': True, 'impulse': True, 'momentum': True}",4,-0.4173,4.1521,0.7775,6,OTHER,1.0,full_stack
ada11c17-409c-4675-a7a5-e02ab5077d52,BNBUSDT,LONG,2026-02-25T14:49:59.999000+00:00,2026-02-25T16:39:59.999000+00:00,617.6235,622.365502,44.312135,3,4.990091,197.718,0.9752,24.726,22,expansion_decay,0,11233.32,"{'breakout': True, 'imb': False, 'vol': True, 'body': True, 'impulse': True, 'momentum': True}",5,-0.3374,1.6526,0.7605,5,OTHER,1.0,full_stack
a82c2214-6bf6-4ea8-9c59-cd0118602e39,BNBUSDT,LONG,2026-02-25T18:19:59.999000+00:00,2026-02-25T21:44:59.999000+00:00,631.87635,635.832808,72.64073,4,5.19588,266.6157,0.7859,41.4393,41,expansion_decay,0,12949.08,"{'breakout': True, 'imb': False, 'vol': True, 'body': False, 'impulse': True, 'momentum': True}",4,-0.6209,1.779,0.8074,7,OTHER,1.0,full_stack
1bf013ce-2358-42d6-b5c4-c02b0c7087fe,ARBUSDT,LONG,2026-02-25T19:59:59.999000+00:00,2026-02-25T21:49:59.999000+00:00,0.104421,0.105679,197230.798758,2,0.001273,238.733,1.0046,18.6472,22,expansion_decay,0,13187.82,"{'breakout': True, 'imb': False, 'vol': False, 'body': True, 'impulse': True, 'momentum': True}",4,-0.8803,1.947,0.7638,5,L2,1.0,full_stack
7868bb91-858a-4905-84a8-e26f9dd48962,DOTUSDT,LONG,2026-02-25T14:59:59.999000+00:00,2026-02-25T22:29:59.999000+00:00,1.507301,1.684153,7948.676996,2,0.041682,1036.4769,4.251,8.4035,90,vol_trail,1,13887.67,"{'breakout': True, 'imb': False, 'vol': False, 'body': True, 'impulse': True, 'momentum': True}",4,-0.1992,5.8707,0.797,7,L1,1.0,full_stack
c548dd08-8163-4156-822c-3d61b4114483,SOLUSDT,LONG,2026-02-28T13:49:59.999000+00:00,2026-02-28T14:54:59.999000+00:00,80.256048,80.247779,229.733922,2,1.128268,-10.1958,0.0069,16.5929,13,vol_trail,0,13805.59,"{'breakout': True, 'imb': False, 'vol': True, 'body': True, 'impulse': True, 'momentum': True}",5,-0.2624,1.0671,0.7975,7,OTHER,0.625,full_stack
cc70a262-9380-437c-a06d-5d7b97b2765f,DOTUSDT,LONG,2026-02-28T18:04:59.999000+00:00,2026-02-28T18:39:59.999000+00:00,1.541308,1.562632,5818.521132,1,0.029659,119.9804,0.7295,8.1272,7,vol_trail,0,13917.07,"{'breakout': True, 'imb': False, 'vol': False, 'body': True, 'impulse': True, 'momentum': True}",4,-0.0778,1.7766,0.7844,6,L1,0.625,full_stack
d6bd4e90-2771-467a-9f89-006c85b7b07f,DOTUSDT,LONG,2026-02-28T22:04:59.999000+00:00,2026-03-01T00:44:59.999000+00:00,1.667333,1.630225,7108.015701,1,0.036782,-268.9801,-1.0,10.5476,32,stop_loss,0,13669.56,"{'breakout': True, 'imb': False, 'vol': True, 'body': True, 'impulse': True, 'momentum': True}",5,-1.0966,0.3172,0.8156,8,L1,1.0,full_stack
79be0ccb-eaac-4c62-b907-c845acd463eb,SOLUSDT,LONG,2026-03-01T01:49:59.999000+00:00,2026-03-01T02:04:59.999000+00:00,86.097216,86.82436,256.0263,2,1.074293,394.3902,0.693,14.921,3,vol_trail,1,13830.52,"{'breakout': True, 'imb': False, 'vol': False, 'body': True, 'impulse': True, 'momentum': True}",4,-0.0626,2.2273,0.7796,6,OTHER,1.0,full_stack
0bdb91b2-5db1-4714-8b0f-e89c6e94c1a4,PENDLEUSDT,LONG,2026-03-01T13:54:59.999000+00:00,2026-03-01T14:44:59.999000+00:00,1.29806,1.277161,19665.774866,2,0.020643,-422.292,-1.0,22.7897,10,stop_loss,0,13089.65,"{'breakout': False, 'imb': False, 'vol': True, 'body': True, 'impulse': True, 'momentum': True}",4,-1.0153,0.4282,0.7967,7,DEFI,1.0,full_stack
d5b8d388-f1b8-4d5f-8c03-b354cf365f1d,SOLUSDT,LONG,2026-03-01T13:54:59.999000+00:00,2026-03-01T14:44:59.999000+00:00,86.727342,85.504647,224.299882,2,1.205591,-282.8808,-1.0,17.3842,10,stop_loss,0,12806.77,"{'breakout': True, 'imb': False, 'vol': True, 'body': True, 'impulse': True, 'momentum': True}",5,-1.1259,0.11,0.7758,6,OTHER,1.0,full_stack
90f80911-f616-44d1-a167-f49b08a7adfa,NEARUSDT,LONG,2026-03-02T03:24:59.999000+00:00,2026-03-02T05:14:59.999000+00:00,1.19824,1.173621,8008.176849,1,0.024384,-201.3794,-1.0,8.5474,22,stop_loss,0,12697.83,"{'breakout': True, 'imb': False, 'vol': False, 'body': True, 'impulse': True, 'momentum': True}",4,-1.1171,0.9334,0.8171,8,L1,0.5,full_stack
7bc7b7f9-853c-419c-85df-a5d4199650cf,1000LUNCUSDT,LONG,2026-03-02T11:49:59.999000+00:00,2026-03-02T12:34:59.999000+00:00,0.042789,0.042391,323856.178752,2,0.000389,-134.7828,-1.0,12.4137,9,stop_loss,0,12444.84,"{'breakout': False, 'imb': True, 'vol': False, 'body': True, 'impulse': True, 'momentum': True}",4,-1.6946,0.1066,0.7662,5,MEME,0.5,full_stack
b13a8f3c-8213-461d-aa34-ca18baba6287,NEARUSDT,LONG,2026-03-02T10:59:59.999000+00:00,2026-03-02T13:29:59.999000+00:00,1.187237,1.214519,13018.908672,2,0.014515,374.2786,1.8963,10.5131,30,vol_trail,1,12616.17,"{'breakout': False, 'imb': True, 'vol': False, 'body': True, 'impulse': True, 'momentum': True}",4,-0.223,3.4283,0.7889,7,L1,0.5,full_stack
6b027a16-f60c-48f3-8d90-e0bee6ffc727,1000LUNCUSDT,LONG,2026-03-02T15:14:59.999000+00:00,2026-03-02T17:44:59.999000+00:00,0.043639,0.042981,194645.063281,1,0.000649,-131.8574,-1.0,7.587,30,stop_loss,0,13194.86,"{'breakout': True, 'imb': False, 'vol': False, 'body': True, 'impulse': True, 'momentum': True}",4,-1.1066,0.4331,0.7833,6,MEME,0.5,full_stack
6de7474d-3e76-47fd-9ec2-c38e2cb1eda0,ENAUSDT,LONG,2026-03-02T20:04:59.999000+00:00,2026-03-02T21:54:59.999000+00:00,0.117023,0.11458,55593.940789,1,0.00242,-138.6849,-1.0,5.7941,22,stop_loss,0,13240.26,"{'breakout': True, 'imb': False, 'vol': False, 'body': True, 'impulse': True, 'momentum': True}",4,-1.084,0.2796,0.7573,5,OTHER,0.5,full_stack
0fa20c44-78ea-4305-b0ad-3d49c50b2fa4,NEARUSDT,LONG,2026-03-03T00:29:59.999000+00:00,2026-03-03T02:29:59.999000+00:00,1.371274,1.375725,8579.807401,1,0.040566,32.8737,0.1165,10.6059,24,struct_trail,0,13286.51,"{'breakout': False, 'imb': True, 'vol': False, 'body': True, 'impulse': True, 'momentum': True}",4,-0.3519,0.8807,0.8043,7,L1,0.875,full_stack
49ba2216-afb0-48f6-80bc-9259262071eb,NEARUSDT,LONG,2026-03-03T03:54:59.999000+00:00,2026-03-03T05:34:59.999000+00:00,1.415283,1.418561,7515.613989,1,0.030937,19.8382,0.1151,9.5841,20,vol_trail,0,13290.8,"{'breakout': True, 'imb': False, 'vol': False, 'body': True, 'impulse': True, 'momentum': True}",4,-0.7526,1.2191,0.7583,5,L1,0.875,full_stack
20afdca2-e9d3-4525-99ab-115cf136001a,SOLUSDT,LONG,2026-03-03T05:19:59.999000+00:00,2026-03-03T05:39:59.999000+00:00,86.687334,85.827019,275.67006,2,0.843146,-247.81,-1.0,21.4007,4,stop_loss,0,13042.99,"{'breakout': False, 'imb': False, 'vol': True, 'body': True, 'impulse': True, 'momentum': True}",4,-1.0761,0.0269,0.7721,6,OTHER,0.875,full_stack
9f0274e6-f925-4a30-9452-b5c66e62f874,SOLUSDT,LONG,2026-03-03T22:39:59.999000+00:00,2026-03-04T00:34:59.999000+00:00,86.31726,86.548187,376.996173,3,0.913119,72.3759,0.2719,29.3263,23,vol_trail,0,13171.73,"{'breakout': True, 'imb': True, 'vol': False, 'body': False, 'impulse': True, 'momentum': True}",4,-0.2489,1.2186,0.7979,7,OTHER,0.875,full_stack
a8157b26-2f15-47ef-89fb-066c53a0b005,SOLUSDT,LONG,2026-03-04T07:49:59.999000+00:00,2026-03-04T08:49:59.999000+00:00,87.31746,87.94405,241.166488,2,0.955793,141.5683,0.674,19.0202,12,vol_trail,0,13303.82,"{'breakout': True, 'imb': False, 'vol': True, 'body': True, 'impulse': True, 'momentum': True}",5,-0.3949,1.7185,0.7749,6,OTHER,0.875,full_stack
fc68c9b1-a6cb-4a21-8ad8-13c13991cae3,SOLUSDT,LONG,2026-03-04T14:34:59.999000+00:00,2026-03-04T14:39:59.999000+00:00,91.438284,90.028595,167.291983,2,1.39168,-242.6071,-1.0,13.6611,1,stop_loss,0,13054.33,"{'breakout': False, 'imb': False, 'vol': True, 'body': True, 'impulse': True, 'momentum': True}",4,-1.1269,0.0,0.7719,5,OTHER,0.875,full_stack
3f530bba-391b-422c-9e78-a8f0ede8b848,SOLUSDT,LONG,2026-03-04T19:19:59.999000+00:00,2026-03-04T21:39:59.999000+00:00,93.238644,92.190637,221.890601,2,1.029565,-241.7481,-1.0,18.5153,28,stop_loss,0,12803.27,"{'breakout': True, 'imb': False, 'vol': False, 'body': True, 'impulse': True, 'momentum': True}",4,-1.0185,0.8852,0.7828,6,OTHER,0.875,full_stack
3d4646c9-ed0d-4b33-a2c2-75ae3d773c4b,FETUSDT,LONG,2026-03-13T05:49:59.999000+00:00,2026-03-13T06:34:59.999000+00:00,0.192639,0.188457,55031.668633,1,0.004144,-234.7832,-1.0,9.4375,9,stop_loss,0,12791.39,"{'breakout': True, 'imb': False, 'vol': True, 'body': False, 'impulse': True, 'momentum': True}",4,-1.8675,0.3044,0.7755,6,AI,0.875,full_stack
2c04562b-3134-4595-a0c4-a17d1ca73cfc,FETUSDT,LONG,2026-03-13T09:34:59.999000+00:00,2026-03-13T11:29:59.999000+00:00,0.182136,0.182264,71828.057263,2,0.003184,3.2395,0.0514,11.7784,23,struct_trail,0,13245.59,"{'breakout': False, 'imb': True, 'vol': False, 'body': True, 'impulse': True, 'momentum': True}",4,-0.4512,0.9308,0.7794,6,AI,0.875,full_stack
ade8951b-01b0-41bc-89cb-3d6396698e5c,FETUSDT,LONG,2026-03-13T18:29:59.999000+00:00,2026-03-13T20:49:59.999000+00:00,0.175935,0.176465,141988.174042,2,0.002319,63.9104,0.2436,23.0656,28,struct_trail,0,13246.17,"{'breakout': False, 'imb': True, 'vol': False, 'body': True, 'impulse': True, 'momentum': True}",4,-0.1445,0.761,0.7927,7,AI,0.875,full_stack
a65c8a49-2ee3-4de5-bed2-66a228c84583,FETUSDT,LONG,2026-03-15T01:04:59.999000+00:00,2026-03-15T03:24:59.999000+00:00,0.181336,0.189341,140402.85441,3,0.002028,897.4169,3.9667,17.4385,28,vol_trail,1,13190.09,"{'breakout': True, 'imb': False, 'vol': True, 'body': True, 'impulse': True, 'momentum': True}",5,-0.3631,6.3937,0.8207,8,AI,0.75,full_stack
6004a369-8333-4013-8aa0-e2dd2834b6af,RENDERUSDT,LONG,2026-03-15T01:24:59.999000+00:00,2026-03-15T03:34:59.999000+00:00,1.908382,1.908618,7825.029874,2,0.036347,-4.8693,0.017,13.4407,26,struct_trail,0,13185.22,"{'breakout': True, 'imb': False, 'vol': False, 'body': True, 'impulse': True, 'momentum': True}",4,-0.2306,1.1175,0.7976,7,L2,0.75,full_stack
fb550f0e-0351-4305-89d6-1d29ae8bcfe3,TAOUSDT,LONG,2026-03-15T08:04:59.999000+00:00,2026-03-15T09:14:59.999000+00:00,260.692128,264.457395,47.280144,1,4.096216,302.927,0.9321,8.3881,14,vol_trail,1,13057.88,"{'breakout': False, 'imb': True, 'vol': False, 'body': True, 'impulse': True, 'momentum': True}",4,-0.2324,2.2381,0.7826,6,AI,0.75,full_stack
cf9b90d3-87ea-4429-a30c-f757d68d5306,FETUSDT,LONG,2026-03-15T09:59:59.999000+00:00,2026-03-15T12:29:59.999000+00:00,0.191738,0.195481,64660.135626,1,0.002918,372.3181,1.2961,8.6345,30,vol_trail,1,13242.82,"{'breakout': True, 'imb': False, 'vol': False, 'body': True, 'impulse': True, 'momentum': True}",4,-0.87,2.6946,0.7794,6,AI,0.75,full_stack
41a3babc-5ead-4738-a75e-3239aaa52654,TAOUSDT,LONG,2026-03-15T14:09:59.999000+00:00,2026-03-15T16:09:59.999000+00:00,268.463682,272.085572,55.649878,2,5.354254,194.744,0.6866,13.5367,24,struct_trail,0,13427.96,"{'breakout': False, 'imb': False, 'vol': True, 'body': True, 'impulse': True, 'momentum': True}",4,-0.4452,1.5289,0.8135,8,AI,0.75,full_stack
8dfee359-c962-47a3-a17a-c76aec923206,RENDERUSDT,LONG,2026-03-15T18:39:59.999000+00:00,2026-03-15T19:39:59.999000+00:00,1.89938,1.867188,9380.235101,2,0.031818,-309.8464,-1.0,15.8991,12,stop_loss,0,13115.45,"{'breakout': True, 'imb': False, 'vol': True, 'body': True, 'impulse': True, 'momentum': True}",5,-1.2377,0.1452,0.8029,7,L2,0.75,full_stack
986f00da-1dcf-4ed7-aacb-80db47b17890,RENDERUSDT,LONG,2026-03-15T21:44:59.999000+00:00,2026-03-15T22:14:59.999000+00:00,1.907381,1.877603,10029.979704,2,0.029402,-307.147,-1.0,17.0835,6,stop_loss,0,12434.78,"{'breakout': True, 'imb': True, 'vol': False, 'body': True, 'impulse': True, 'momentum': True}",5,-1.4074,0.1231,0.8129,8,L2,0.75,full_stack
36097a9f-09b3-49b8-b6e4-c8c48ef526ae,FETUSDT,LONG,2026-03-16T01:09:59.999000+00:00,2026-03-16T01:34:59.999000+00:00,0.196639,0.193815,78119.203872,2,0.002786,-227.4507,-1.0,13.7259,5,stop_loss,0,12191.13,"{'breakout': False, 'imb': True, 'vol': False, 'body': True, 'impulse': True, 'momentum': True}",4,-1.0911,0.0577,0.7624,5,AI,0.875,full_stack
072e0c73-5a60-4970-bc71-a8b4c06da72e,ZECUSDT,LONG,2026-03-16T01:24:59.999000+00:00,2026-03-16T03:34:59.999000+00:00,230.726136,231.204367,89.490514,2,3.645432,33.4864,0.1439,18.6023,26,vol_trail,0,12106.44,"{'breakout': False, 'imb': True, 'vol': False, 'body': True, 'impulse': True, 'momentum': True}",4,-0.8301,1.3973,0.8054,7,OTHER,0.875,full_stack
28d08833-0e63-45e6-b718-3111c8f0f684,TAOUSDT,LONG,2026-03-16T03:34:59.999000+00:00,2026-03-16T06:09:59.999000+00:00,278.565702,273.706839,66.150436,2,4.804111,-329.5635,-1.0,16.4399,31,stop_loss,0,11750.84,"{'breakout': False, 'imb': True, 'vol': True, 'body': True, 'impulse': True, 'momentum': True}",5,-1.1336,0.5879,0.8042,7,AI,0.875,full_stack
779a59e3-3006-47bb-936f-2a4a074690cd,ZECUSDT,LONG,2026-03-16T04:49:59.999000+00:00,2026-03-16T06:09:59.999000+00:00,237.917574,233.939117,53.849417,2,3.93166,-219.9064,-1.0,11.4341,16,stop_loss,0,11530.93,"{'breakout': True, 'imb': False, 'vol': False, 'body': True, 'impulse': True, 'momentum': True}",4,-1.149,0.2906,0.7603,5,OTHER,0.875,full_stack
b3bbf5ba-ae9f-4dd6-bbbc-aff78cd6d75e,NEARUSDT,LONG,2026-03-16T05:24:59.999000+00:00,2026-03-16T06:29:59.999000+00:00,1.410282,1.392476,12069.370793,2,0.017527,-222.4659,-1.0,15.2224,13,stop_loss,0,11308.47,"{'breakout': True, 'imb': False, 'vol': False, 'body': True, 'impulse': True, 'momentum': True}",4,-1.0431,0.4403,0.777,6,L1,0.875,full_stack
eb34e411-4769-4ecd-8fcd-9bbea5835c12,TAOUSDT,LONG,2026-03-16T08:49:59.999000+00:00,2026-03-16T10:54:59.999000+00:00,277.595508,285.038722,72.729229,2,4.125413,581.4498,1.8181,13.7496,25,vol_trail,1,11686.94,"{'breakout': False, 'imb': True, 'vol': False, 'body': True, 'impulse': True, 'momentum': True}",4,-0.4449,3.6371,0.8248,8,AI,0.875,full_stack
dca76668-5d29-4e51-86ff-8f20f0c2a21a,NEARUSDT,LONG,2026-03-16T13:24:59.999000+00:00,2026-03-16T14:29:59.999000+00:00,1.410282,1.414717,13876.538638,2,0.014735,52.7083,0.3202,17.6405,13,expansion_decay,0,11724.75,"{'breakout': True, 'imb': False, 'vol': False, 'body': True, 'impulse': True, 'momentum': True}",4,-0.1549,1.881,0.7881,6,L1,0.875,full_stack
c9596e4f-6ece-4639-a86a-c1362231c669,ZECUSDT,LONG,2026-03-16T16:04:59.999000+00:00,2026-03-16T18:24:59.999000+00:00,236.537298,257.914463,58.69007,2,3.471304,868.1378,6.1731,9.6529,28,vol_trail,1,12326.96,"{'breakout': True, 'imb': False, 'vol': False, 'body': True, 'impulse': True, 'momentum': True}",4,-0.3593,8.1965,0.7843,6,OTHER,0.875,full_stack
1b4aa826-66ed-4f4f-95f0-70bd773b0872,ZECUSDT,LONG,2026-03-17T05:54:59.999000+00:00,2026-03-17T11:44:59.999000+00:00,268.723734,272.4455,69.168662,2,4.645581,248.9495,0.8129,16.8444,70,struct_trail,0,12481.67,"{'breakout': False, 'imb': True, 'vol': False, 'body': True, 'impulse': True, 'momentum': True}",4,-0.9243,1.717,0.8045,7,OTHER,0.875,full_stack
2eb45712-a41b-4ba0-8c70-9b3bcbfbe88e,FETUSDT,LONG,2026-03-20T00:39:59.999000+00:00,2026-03-20T02:24:59.999000+00:00,0.215843,0.219456,81627.966422,2,0.003494,286.8558,1.0465,15.9897,21,expansion_decay,0,12942.72,"{'breakout': True, 'imb': False, 'vol': False, 'body': True, 'impulse': True, 'momentum': True}",4,-0.1841,1.7619,0.8098,8,AI,0.75,full_stack
bdc347b1-ace3-470a-8906-6dc7ec994d07,QNTUSDT,LONG,2026-03-20T01:04:59.999000+00:00,2026-03-20T05:19:59.999000+00:00,75.455088,77.452351,402.398837,3,0.708412,705.671,2.8412,20.6759,51,vol_trail,1,13326.98,"{'breakout': False, 'imb': False, 'vol': True, 'body': True, 'impulse': True, 'momentum': True}",4,-0.9812,4.1288,0.8113,8,OTHER,0.75,full_stack
9902a5e7-8a30-469f-a254-ad27f756a500,TAOUSDT,LONG,2026-03-20T04:09:59.999000+00:00,2026-03-20T05:49:59.999000+00:00,293.268642,301.529682,25.57104,1,7.587991,329.4408,1.0966,5.1095,20,expansion_decay,1,13430.87,"{'breakout': True, 'imb': False, 'vol': False, 'body': True, 'impulse': True, 'momentum': True}",4,-0.6785,2.3249,0.7645,5,AI,0.75,full_stack
9f3ce515-d73f-4c4e-b453-3f8d6ede4e4d,FETUSDT,LONG,2026-03-20T03:49:59.999000+00:00,2026-03-20T06:34:59.999000+00:00,0.224745,0.235753,71157.22669,2,0.004093,887.9309,2.7013,10.971,33,struct_trail,1,13818.74,"{'breakout': True, 'imb': False, 'vol': False, 'body': True, 'impulse': True, 'momentum': True}",4,-0.4019,4.2896,0.8148,8,AI,0.75,full_stack
ea326394-ebb1-4a05-9cd3-e62c18b04f7f,FETUSDT,LONG,2026-03-20T12:44:59.999000+00:00,2026-03-20T14:04:59.999000+00:00,0.224245,0.221158,67041.217161,2,0.003042,-213.5874,-1.0,13.4372,16,stop_loss,0,13474.92,"{'breakout': False, 'imb': True, 'vol': False, 'body': True, 'impulse': True, 'momentum': True}",4,-1.0995,1.07,0.7793,6,AI,0.75,full_stack
2efbe10d-b663-47c2-9ec5-48b0eccc93e7,QNTUSDT,LONG,2026-03-20T19:44:59.999000+00:00,2026-03-20T20:34:59.999000+00:00,76.755348,77.693536,282.687904,2,0.715007,331.8584,1.3339,14.7057,10,vol_trail,1,13592.82,"{'breakout': False, 'imb': True, 'vol': False, 'body': True, 'impulse': True, 'momentum': True}",4,-0.1334,2.8456,0.7587,5,OTHER,0.75,full_stack
eaed2f04-abc1-4f0c-a141-03dc8bce741e,TAOUSDT,LONG,2026-03-23T05:04:59.999000+00:00,2026-03-23T06:34:59.999000+00:00,276.835356,272.459392,46.311475,1,4.321462,-208.3355,-1.0,11.515,18,stop_loss,0,13213.35,"{'breakout': True, 'imb': False, 'vol': False, 'body': True, 'impulse': True, 'momentum': True}",4,-1.2462,0.693,0.8209,8,AI,0.5,full_stack
d8a8f995-1d63-49b7-90a6-58de001853ee,TAOUSDT,LONG,2026-03-23T11:09:59.999000+00:00,2026-03-23T11:19:59.999000+00:00,285.787146,277.539993,24.190899,1,8.191634,-202.5273,-1.0,6.1323,2,stop_loss,0,13005.23,"{'breakout': True, 'imb': False, 'vol': True, 'body': True, 'impulse': True, 'momentum': True}",5,-1.069,0.1774,0.8248,8,AI,0.5,full_stack
1f665bdc-c9e1-4d74-8030-cc3d21775766,FILUSDT,LONG,2026-03-23T18:34:59.999000+00:00,2026-03-23T21:49:59.999000+00:00,0.929186,0.930814,8489.624818,1,0.015192,10.2651,0.1194,7.1058,39,struct_trail,0,12895.72,"{'breakout': True, 'imb': False, 'vol': False, 'body': True, 'impulse': True, 'momentum': True}",4,-0.8021,0.8435,0.7776,6,OTHER,0.5,full_stack
7dc92aef-5451-40c3-826d-65c02af919ca,TAOUSDT,LONG,2026-03-24T00:44:59.999000+00:00,2026-03-24T03:14:59.999000+00:00,297.85956,304.559076,50.121662,2,6.682465,328.9216,1.0117,13.5874,30,expansion_decay,0,13081.68,"{'breakout': True, 'imb': False, 'vol': False, 'body': True, 'impulse': True, 'momentum': True}",4,-0.4878,1.727,0.8127,8,AI,0.875,full_stack
4874c4ca-976d-4f09-bc96-730288d84ebc,TAOUSDT,LONG,2026-03-24T07:54:59.999000+00:00,2026-03-24T09:19:59.999000+00:00,317.473482,310.354132,48.076124,2,7.057267,-348.985,-1.0,13.5826,17,stop_loss,0,12569.33,"{'breakout': True, 'imb': True, 'vol': False, 'body': False, 'impulse': True, 'momentum': True}",4,-1.1157,0.4983,0.8052,7,AI,0.875,full_stack
da4a2869-ba97-4d9e-a061-019ed1af0f79,QNTUSDT,LONG,2026-03-24T09:44:59.999000+00:00,2026-03-24T12:34:59.999000+00:00,73.26465,74.497283,240.61107,2,0.914186,383.1081,1.3646,11.9658,34,vol_trail,1,12702.93,"{'breakout': True, 'imb': False, 'vol': True, 'body': True, 'impulse': True, 'momentum': True}",5,-0.4973,2.3249,0.7654,5,OTHER,0.875,full_stack
b75b3589-cde3-48a2-9051-2bee2ed17c98,TAOUSDT,LONG,2026-03-25T00:14:59.999000+00:00,2026-03-25T00:34:59.999000+00:00,341.858358,334.26543,25.024324,1,7.526061,-193.772,-1.0,7.6138,4,stop_loss,0,12358.02,"{'breakout': True, 'imb': False, 'vol': False, 'body': True, 'impulse': True, 'momentum': True}",4,-1.0069,0.3018,0.7869,6,AI,0.75,full_stack
8b516acb-a11f-4504-b198-1a4bf1a22e22,TAOUSDT,LONG,2026-03-25T06:39:59.999000+00:00,2026-03-25T08:54:59.999000+00:00,341.278242,346.670652,36.339479,2,5.101071,289.774,1.0707,8.4154,27,expansion_decay,1,12447.58,"{'breakout': False, 'imb': True, 'vol': False, 'body': True, 'impulse': True, 'momentum': True}",4,-0.5956,2.0999,0.7811,6,AI,0.75,full_stack
466f04f0-f70b-4979-a5a5-2e670972bc7a,TAOUSDT,LONG,2026-03-25T10:34:59.999000+00:00,2026-03-25T11:39:59.999000+00:00,356.17122,360.199294,40.186342,2,6.969298,381.866,0.5883,9.6978,13,vol_trail,1,12518.82,"{'breakout': True, 'imb': False, 'vol': True, 'body': True, 'impulse': True, 'momentum': True}",5,-0.2814,2.1722,0.7916,7,AI,0.75,full_stack
a11a446a-c620-4700-8c01-540916e1f934,CHZUSDT,LONG,2026-03-28T06:19:59.999000+00:00,2026-03-28T08:59:59.999000+00:00,0.036167,0.037087,306251.902345,1,0.000401,265.7891,2.3133,7.5399,32,vol_trail,1,12407.11,"{'breakout': False, 'imb': False, 'vol': True, 'body': True, 'impulse': True, 'momentum': True}",4,-0.4672,3.4253,0.7672,5,OTHER,0.5,full_stack
019b1630-159a-47dd-bd03-0313c3dc172b,CHZUSDT,LONG,2026-03-28T15:34:59.999000+00:00,2026-03-28T17:19:59.999000+00:00,0.040368,0.039383,191011.11793,1,0.000977,-191.5775,-1.0,6.855,21,stop_loss,0,12250.79,"{'breakout': True, 'imb': False, 'vol': True, 'body': False, 'impulse': True, 'momentum': True}",4,-1.0723,0.5749,0.8067,7,OTHER,0.5,full_stack
51a6687c-51b9-4911-899f-6d79d6881e69,CHZUSDT,LONG,2026-03-30T10:49:59.999000+00:00,2026-03-30T14:39:59.999000+00:00,0.043919,0.042785,166062.909285,1,0.001125,-191.4635,-1.0,6.4792,46,stop_loss,0,12261.58,"{'breakout': False, 'imb': False, 'vol': True, 'body': True, 'impulse': True, 'momentum': True}",4,-1.2521,0.8454,0.8062,7,OTHER,0.5,full_stack
83a38df4-6e9f-4f96-9b0a-9d99ea5257fb,BNBUSDT,LONG,2026-04-04T06:14:59.999000+00:00,2026-04-04T07:39:59.999000+00:00,591.438264,590.074323,166.193796,9,1.245903,-270.8086,-1.0,88.362,17,stop_loss,0,11517.03,"{'breakout': True, 'imb': False, 'vol': True, 'body': True, 'impulse': False, 'momentum': True}",4,-1.3069,0.7639,0.7651,5,OTHER,0.875,full_stack
a428625a-c1cb-4491-b208-ad3a3d08a680,ZECUSDT,LONG,2026-04-07T04:24:59.999000+00:00,2026-04-07T05:34:59.999000+00:00,255.961182,261.277734,73.427662,2,2.880484,620.7499,1.8639,12.7742,14,expansion_decay,1,11457.95,"{'breakout': False, 'imb': True, 'vol': False, 'body': True, 'impulse': True, 'momentum': True}",4,-0.5246,4.0649,0.8177,8,OTHER,0.625,full_stack
34d4ec3e-6259-4f95-93a3-e7bc6875c77f,ZECUSDT,LONG,2026-04-07T09:04:59.999000+00:00,2026-04-07T10:09:59.999000+00:00,268.273644,264.761606,40.045206,1,3.459075,-145.4114,-1.0,9.7057,13,stop_loss,0,11160.83,"{'breakout': True, 'imb': False, 'vol': False, 'body': True, 'impulse': True, 'momentum': True}",4,-1.2499,1.2363,0.7785,6,OTHER,0.625,full_stack
a4f9b27f-ed38-48af-9acc-5e03ea3c7808,NMRUSDT,LONG,2026-04-07T14:24:59.999000+00:00,2026-04-07T14:39:59.999000+00:00,8.032606,7.898813,1055.19655,1,0.132213,-144.9283,-1.0,7.5649,3,stop_loss,0,11012.08,"{'breakout': True, 'imb': False, 'vol': True, 'body': True, 'impulse': True, 'momentum': True}",5,-1.2753,0.3282,0.7801,6,OTHER,0.625,full_stack
0fa98713-c9ae-4d57-a308-323a54355b91,ZECUSDT,LONG,2026-04-07T15:29:59.999000+00:00,2026-04-07T15:59:59.999000+00:00,271.014192,266.011203,27.809548,1,4.949776,-142.4598,-1.0,6.7205,6,stop_loss,0,10866.23,"{'breakout': True, 'imb': False, 'vol': True, 'body': True, 'impulse': True, 'momentum': True}",5,-1.3039,0.0214,0.7851,6,OTHER,0.625,full_stack
c26cd870-3e9f-4cf6-baf8-bc04bb852e6c,WLDUSDT,LONG,2026-04-07T17:24:59.999000+00:00,2026-04-07T18:54:59.999000+00:00,0.245849,0.251764,83920.627741,2,0.00236,459.5549,2.528,14.3065,18,vol_trail,1,11100.1,"{'breakout': False, 'imb': True, 'vol': False, 'body': True, 'impulse': True, 'momentum': True}",4,-0.1904,4.302,0.7888,7,AI,0.625,full_stack
624dcf2a-141a-4990-a414-5aa86a69d783,ZECUSDT,LONG,2026-04-08T12:34:59.999000+00:00,2026-04-08T13:44:59.999000+00:00,338.247636,331.156784,45.048925,2,7.024607,-326.1485,-1.0,13.5702,14,stop_loss,0,11722.27,"{'breakout': True, 'imb': False, 'vol': True, 'body': True, 'impulse': True, 'momentum': True}",5,-1.0204,0.0687,0.7968,7,OTHER,0.875,full_stack
ba96961e-728f-46ea-85a1-d1e3433f512d,ZECUSDT,LONG,2026-04-08T18:34:59.999000+00:00,2026-04-08T18:54:59.999000+00:00,333.196626,328.26769,42.181449,2,4.863269,-214.1407,-1.0,12.5557,4,stop_loss,0,11501.81,"{'breakout': False, 'imb': True, 'vol': False, 'body': True, 'impulse': True, 'momentum': True}",4,-1.1611,0.0007,0.7868,6,OTHER,0.875,full_stack
abc8ecf1-efc7-4c3e-98ce-56f9d5dd2208,ZECUSDT,LONG,2026-04-09T17:59:59.999000+00:00,2026-04-09T18:29:59.999000+00:00,335.387064,339.121679,34.43556,2,6.228771,1028.1588,0.6105,7.8247,6,vol_trail,1,11496.01,"{'breakout': True, 'imb': False, 'vol': False, 'body': True, 'impulse': True, 'momentum': True}",4,-0.4202,9.0119,0.7945,7,OTHER,0.625,full_stack
1ea6a9d8-7294-4bde-9062-beb6710e1277,DASHUSDT,LONG,2026-04-10T02:04:59.999000+00:00,2026-04-10T03:14:59.999000+00:00,37.767552,38.275822,329.829085,2,0.909343,161.9614,0.5674,11.2866,14,vol_trail,0,11582.18,"{'breakout': True, 'imb': False, 'vol': False, 'body': True, 'impulse': True, 'momentum': True}",4,-0.2942,1.9821,0.81,8,OTHER,0.875,full_stack
c3efcf10-8cd5-44d5-b803-06da7be5bd2b,ZECUSDT,LONG,2026-04-10T15:09:59.999000+00:00,2026-04-10T15:44:59.999000+00:00,386.157216,377.538395,23.461824,1,8.543298,-206.1992,-1.0,8.063,7,stop_loss,0,11243.52,"{'breakout': True, 'imb': False, 'vol': False, 'body': True, 'impulse': True, 'momentum': True}",4,-1.1889,0.918,0.7727,6,OTHER,0.875,full_stack
66c010bf-b8a8-47dd-93d7-9ec6e2ac6531,DASHUSDT,LONG,2026-04-10T22:49:59.999000+00:00,2026-04-11T00:34:59.999000+00:00,45.289056,46.272,168.403833,1,1.172946,294.1228,0.8459,5.1854,21,vol_trail,1,11337.0,"{'breakout': False, 'imb': True, 'vol': False, 'body': True, 'impulse': True, 'momentum': True}",4,-0.1868,2.1578,0.7698,5,OTHER,0.875,full_stack
c32446e8-29c0-4e6b-a256-03a05e5ef702,TONUSDT,LONG,2026-04-11T00:04:59.999000+00:00,2026-04-11T01:04:59.999000+00:00,1.310062,1.314271,47363.105436,6,0.006254,382.5856,0.715,41.9277,12,vol_trail,1,11422.67,"{'breakout': True, 'imb': False, 'vol': True, 'body': True, 'impulse': False, 'momentum': True}",4,-0.5376,2.1168,0.7924,7,L1,0.875,full_stack
352455c5-19f1-45b4-9d9c-f71582c32077,TONUSDT,LONG,2026-04-11T07:24:59.999000+00:00,2026-04-11T08:24:59.999000+00:00,1.315163,1.328134,35194.017083,5,0.008515,603.7657,1.5545,31.3457,12,expansion_decay,1,11639.17,"{'breakout': False, 'imb': False, 'vol': True, 'body': True, 'impulse': True, 'momentum': True}",4,-0.1013,2.858,0.8231,8,L1,0.875,full_stack
b4070b69-1f9d-478b-a8a3-99474eb9720d,TONUSDT,LONG,2026-04-11T13:54:59.999000+00:00,2026-04-11T14:14:59.999000+00:00,1.418484,1.394386,12987.002101,2,0.023819,-321.1027,-1.0,16.4388,4,stop_loss,0,11454.65,"{'breakout': True, 'imb': False, 'vol': False, 'body': True, 'impulse': True, 'momentum': True}",4,-1.1371,0.1392,0.8163,8,L1,0.875,full_stack
a94fc828-e09d-41a6-86f8-914c0aca6e42,WLDUSDT,LONG,2026-04-13T01:14:59.999000+00:00,2026-04-13T02:04:59.999000+00:00,0.295159,0.29703,27490.627577,1,0.004135,47.7556,0.4668,7.3258,10,vol_trail,0,11411.62,"{'breakout': True, 'imb': False, 'vol': True, 'body': True, 'impulse': True, 'momentum': True}",5,-0.2319,1.6302,0.7821,6,AI,0.5,full_stack
6490e469-c87a-4cf9-80f0-6ecdf0c9bfe6,ENAUSDT,LONG,2026-04-13T04:29:59.999000+00:00,2026-04-13T05:34:59.999000+00:00,0.093919,0.09267,139150.04724,2,0.00123,-179.5566,-1.0,11.6837,13,stop_loss,0,11226.18,"{'breakout': True, 'imb': True, 'vol': True, 'body': False, 'impulse': True, 'momentum': True}",5,-1.1533,0.7164,0.8099,8,OTHER,0.5,full_stack
08ea9c37-7eba-4df5-8074-339281a2dd5b,TONUSDT,LONG,2026-04-13T13:39:59.999000+00:00,2026-04-13T15:04:59.999000+00:00,1.421884,1.436413,14970.304252,2,0.011238,297.1428,1.3183,14.417,17,expansion_decay,1,11367.15,"{'breakout': True, 'imb': False, 'vol': True, 'body': True, 'impulse': True, 'momentum': True}",5,-0.3723,2.2971,0.8211,8,L1,0.5,full_stack
b96492cd-e113-42e5-beb8-a81d793812ba,ENAUSDT,LONG,2026-04-13T18:34:59.999000+00:00,2026-04-13T19:14:59.999000+00:00,0.094829,0.095239,79069.383497,1,0.001437,29.0037,0.2983,6.7628,8,vol_trail,0,11388.71,"{'breakout': False, 'imb': True, 'vol': True, 'body': True, 'impulse': True, 'momentum': True}",5,-0.1732,1.288,0.7632,5,OTHER,0.5,full_stack
d2768e08-8324-45c8-a4a5-fc93e79b81a5,TONUSDT,LONG,2026-04-13T19:19:59.999000+00:00,2026-04-13T20:19:59.999000+00:00,1.428986,1.420374,20513.039574,3,0.008328,-189.7704,-1.0,26.3021,12,stop_loss,0,11185.75,"{'breakout': False, 'imb': True, 'vol': False, 'body': True, 'impulse': True, 'momentum': True}",4,-1.043,0.8543,0.8041,7,L1,0.5,full_stack
0788b086-3cf3-4d19-82da-502cf4b50a21,ETHUSDT,LONG,2026-04-14T13:34:59.999000+00:00,2026-04-14T14:44:59.999000+00:00,2382.4764,2366.720962,12.536987,3,15.281999,107.2109,-1.0,20.1172,14,stop_loss,1,10829.13,"{'breakout': False, 'imb': False, 'vol': True, 'body': True, 'impulse': True, 'momentum': True}",4,-1.1783,2.2198,0.7812,6,OTHER,0.875,full_stack
f082c7df-1979-4623-ba22-68eb94c9b8fb,ETHUSDT,LONG,2026-04-15T08:34:59.999000+00:00,2026-04-15T09:14:59.999000+00:00,2331.576222,2319.386141,8.657507,2,11.726111,-114.5718,-1.0,18.5486,8,stop_loss,0,10507.32,"{'breakout': False, 'imb': False, 'vol': True, 'body': True, 'impulse': True, 'momentum': True}",4,-1.0392,0.0106,0.7785,6,OTHER,0.5,full_stack
96580125-bebe-4172-8827-01785fd9a2f3,XRPUSDT,LONG,2026-04-16T00:34:59.999000+00:00,2026-04-16T02:14:59.999000+00:00,1.393679,1.39782,27003.246572,4,0.006741,94.8538,0.6558,33.9208,20,expansion_decay,0,10466.05,"{'breakout': False, 'imb': True, 'vol': False, 'body': True, 'impulse': True, 'momentum': True}",4,-0.5902,1.531,0.7614,5,OTHER,0.875,full_stack
34dc0e20-077b-4a8c-a8e8-94fec12796df,XLMUSDT,LONG,2026-04-16T02:29:59.999000+00:00,2026-04-16T03:34:59.999000+00:00,0.159022,0.159459,298856.328081,5,0.000919,109.2483,0.5104,42.831,13,vol_trail,0,10780.49,"{'breakout': True, 'imb': False, 'vol': False, 'body': True, 'impulse': True, 'momentum': True}",4,-0.0781,1.9996,0.8222,8,L1,0.875,full_stack
ce930fb9-4301-4b66-8501-1d469d46be3b,PENDLEUSDT,LONG,2026-04-16T02:34:59.999000+00:00,2026-04-16T04:49:59.999000+00:00,1.112322,1.134182,16361.203742,2,0.011172,383.8894,1.977,12.3648,27,vol_trail,1,11017.29,"{'breakout': True, 'imb': False, 'vol': False, 'body': True, 'impulse': True, 'momentum': True}",4,-0.2079,3.0683,0.7703,5,DEFI,0.875,full_stack
e059b770-5302-419a-bf12-b95c6c023d43,PENDLEUSDT,LONG,2026-04-16T05:44:59.999000+00:00,2026-04-16T07:49:59.999000+00:00,1.14993,1.157668,19307.068837,3,0.014979,139.3493,0.5321,20.0488,25,struct_trail,0,11177.97,"{'breakout': True, 'imb': False, 'vol': True, 'body': True, 'impulse': True, 'momentum': True}",5,-0.1155,1.5735,0.8131,8,DEFI,0.875,full_stack
95a0ddda-5293-4c0f-8048-0c8577d6f53e,ARBUSDT,LONG,2026-04-16T07:59:59.999000+00:00,2026-04-16T08:54:59.999000+00:00,0.119524,0.117893,121728.484983,2,0.001607,-204.9431,-1.0,13.0052,11,stop_loss,0,11156.57,"{'breakout': True, 'imb': False, 'vol': False, 'body': True, 'impulse': True, 'momentum': True}",4,-1.0105,0.1718,0.7587,5,L2,0.875,full_stack
f043a99c-fe36-49a2-b6ab-722e87071b2d,PENDLEUSDT,LONG,2026-04-16T09:19:59.999000+00:00,2026-04-16T10:19:59.999000+00:00,1.165333,1.149159,12119.217093,2,0.015944,-202.2821,-1.0,12.6224,12,stop_loss,0,10833.02,"{'breakout': False, 'imb': False, 'vol': True, 'body': True, 'impulse': True, 'momentum': True}",4,-1.1749,0.6439,0.7742,6,DEFI,0.875,full_stack
6baf296e-8d7e-4f8a-8d2f-732a47884d1b,PENDLEUSDT,LONG,2026-04-16T12:39:59.999000+00:00,2026-04-16T13:39:59.999000+00:00,1.176235,1.188614,22418.676355,3,0.012456,426.0545,1.0129,17.8619,12,vol_trail,1,10820.6,"{'breakout': True, 'imb': False, 'vol': False, 'body': True, 'impulse': True, 'momentum': True}",4,-0.1393,2.6225,0.8131,8,DEFI,0.875,full_stack
f4f23f4b-0dea-43ca-a6a8-a8b28ceaa841,ADAUSDT,LONG,2026-04-16T12:04:59.999000+00:00,2026-04-16T13:54:59.999000+00:00,0.24945,0.247716,110895.061019,3,0.001684,89.0071,-1.0,18.6291,22,stop_loss,1,10570.72,"{'breakout': False, 'imb': True, 'vol': True, 'body': True, 'impulse': True, 'momentum': True}",5,-1.2174,2.9992,0.7806,6,L1,0.875,full_stack
33e207df-fa22-49bb-ac79-a9020306550d,XRPUSDT,LONG,2026-04-16T13:29:59.999000+00:00,2026-04-16T13:54:59.999000+00:00,1.428786,1.417789,26148.639543,4,0.010713,-304.2395,-1.0,33.4953,5,stop_loss,0,9974.68,"{'breakout': True, 'imb': False, 'vol': True, 'body': True, 'impulse': True, 'momentum': True}",5,-2.8269,0.4587,0.8134,8,OTHER,0.875,full_stack
87084dcf-d945-420f-8e59-9bf3d3f6f8ef,ADAUSDT,LONG,2026-04-16T18:34:59.999000+00:00,2026-04-16T20:09:59.999000+00:00,0.256151,0.259048,88173.270752,3,0.002907,245.1559,1.0144,20.4421,19,expansion_decay,0,9976.97,"{'breakout': True, 'imb': False, 'vol': False, 'body': True, 'impulse': True, 'momentum': True}",4,-0.1208,1.84,0.7997,7,L1,0.875,full_stack
29885373-5f71-4895-b4a5-1ca5e803202f,1000PEPEUSDT,LONG,2026-04-16T16:19:59.999000+00:00,2026-04-16T20:24:59.999000+00:00,0.003907,0.003981,2332339.314895,1,7.5e-05,266.0501,0.9972,6.1902,49,vol_trail,1,10060.84,"{'breakout': True, 'imb': False, 'vol': False, 'body': True, 'impulse': True, 'momentum': True}",4,-0.8978,2.0907,0.7719,5,MEME,0.875,full_stack
48e1ab66-720a-4795-a851-ddc82a26d45a,ARBUSDT,LONG,2026-04-16T18:49:59.999000+00:00,2026-04-16T20:24:59.999000+00:00,0.126925,0.13061,55955.964208,1,0.002288,235.0384,1.622,4.8404,19,vol_trail,1,10162.3,"{'breakout': True, 'imb': False, 'vol': False, 'body': True, 'impulse': True, 'momentum': True}",4,-0.1422,2.7862,0.825,9,L2,0.875,full_stack
f571edbb-b645-4c7e-a4e0-d714938d7e34,XRPUSDT,LONG,2026-04-16T18:49:59.999000+00:00,2026-04-16T20:29:59.999000+00:00,1.442588,1.454909,20846.978412,4,0.012278,243.1965,1.0271,27.1818,20,expansion_decay,0,10589.78,"{'breakout': True, 'imb': False, 'vol': False, 'body': True, 'impulse': True, 'momentum': True}",4,-0.1538,1.8823,0.8246,8,OTHER,0.875,full_stack
c2d5a3cd-77d0-4229-b0aa-97795b3e1f6e,PENDLEUSDT,LONG,2026-04-16T22:39:59.999000+00:00,2026-04-17T01:14:59.999000+00:00,1.273555,1.284043,18578.942962,3,0.015312,184.1296,0.7018,21.3829,31,expansion_decay,0,11010.98,"{'breakout': False, 'imb': True, 'vol': False, 'body': True, 'impulse': True, 'momentum': True}",4,-0.3236,1.7205,0.8019,7,DEFI,0.875,full_stack
f5645cd1-ab0f-4870-bb8f-1b02f7ead35d,PENDLEUSDT,LONG,2026-04-17T02:59:59.999000+00:00,2026-04-17T03:44:59.999000+00:00,1.271354,1.255429,12293.479337,2,0.015674,-202.7246,-1.0,13.9783,9,stop_loss,0,10766.35,"{'breakout': False, 'imb': True, 'vol': False, 'body': True, 'impulse': True, 'momentum': True}",4,-1.1774,0.0093,0.7839,6,DEFI,0.875,full_stack
c91629e7-9d30-4eee-a1d6-f5ce979ca8c4,XRPUSDT,LONG,2026-04-17T03:34:59.999000+00:00,2026-04-17T04:39:59.999000+00:00,1.434987,1.427988,42997.813025,6,0.006714,-328.5799,-1.0,55.3957,13,stop_loss,0,10406.56,"{'breakout': False, 'imb': True, 'vol': False, 'body': True, 'impulse': True, 'momentum': True}",4,-1.2046,0.4786,0.8188,8,OTHER,0.875,full_stack
8b87e9f7-f644-445c-8fa1-ced11bbf5912,ARBUSDT,LONG,2026-04-17T03:14:59.999000+00:00,2026-04-17T06:49:59.999000+00:00,0.128126,0.130274,123168.011662,2,0.001563,361.1333,1.3907,10.7117,43,expansion_decay,1,10301.87,"{'breakout': False, 'imb': True, 'vol': False, 'body': True, 'impulse': True, 'momentum': True}",4,-0.4001,2.4781,0.7882,6,L2,0.875,full_stack
a8f4d6f8-c6e6-4319-97dd-5db658a37b6d,ENAUSDT,LONG,2026-04-17T07:39:59.999000+00:00,2026-04-17T09:09:59.999000+00:00,0.111562,0.112747,159338.650815,2,0.001129,180.754,1.0695,16.0835,18,expansion_decay,0,10379.72,"{'breakout': True, 'imb': False, 'vol': False, 'body': True, 'impulse': True, 'momentum': True}",4,-0.4183,1.7868,0.7876,6,OTHER,0.875,full_stack
a6e2c6b0-9a6f-458e-ae88-39e159d842f9,SOLUSDT,LONG,2026-04-17T09:29:59.999000+00:00,2026-04-17T09:34:59.999000+00:00,89.397876,88.665015,253.914171,3,0.715125,-196.2148,-1.0,20.3457,1,stop_loss,0,10143.93,"{'breakout': True, 'imb': False, 'vol': True, 'body': True, 'impulse': True, 'momentum': True}",5,-1.6191,0.0449,0.7598,5,OTHER,0.875,full_stack
fb85eb83-3f77-4290-87d1-2ca9da0448da,XRPUSDT,LONG,2026-04-17T09:29:59.999000+00:00,2026-04-17T09:39:59.999000+00:00,1.457191,1.445516,15930.983197,3,0.011387,-196.371,-1.0,20.8093,2,stop_loss,0,9798.23,"{'breakout': True, 'imb': False, 'vol': False, 'body': True, 'impulse': True, 'momentum': True}",4,-1.0092,0.0535,0.7624,5,OTHER,0.875,full_stack
081fb002-41a4-4586-a539-8f826f1b62f3,ADAUSDT,LONG,2026-04-17T08:34:59.999000+00:00,2026-04-17T10:29:59.999000+00:00,0.257552,0.255575,92833.648007,3,0.001926,-194.2043,-1.0,21.4359,23,stop_loss,0,9604.03,"{'breakout': True, 'imb': False, 'vol': False, 'body': True, 'impulse': True, 'momentum': True}",4,-1.0653,1.1676,0.755,5,L1,0.875,full_stack
384bfa8d-ed7c-44f5-aa22-5d7461931048,ADAUSDT,LONG,2026-04-17T12:49:59.999000+00:00,2026-04-17T13:34:59.999000+00:00,0.259952,0.261546,70238.067871,2,0.002289,222.0924,0.7192,12.7348,9,vol_trail,1,9602.61,"{'breakout': True, 'imb': False, 'vol': False, 'body': True, 'impulse': True, 'momentum': True}",4,-0.1975,2.1183,0.7843,6,L1,0.875,full_stack
54739de0-57a2-4fb7-a33b-19c8e423b984,1000PEPEUSDT,LONG,2026-04-17T12:49:59.999000+00:00,2026-04-17T13:34:59.999000+00:00,0.003985,0.004003,5243934.419502,3,4.8e-05,88.2762,0.4041,18.8494,9,vol_trail,0,9690.88,"{'breakout': True, 'imb': False, 'vol': True, 'body': True, 'impulse': True, 'momentum': True}",5,-0.4116,1.6198,0.7897,7,MEME,0.875,full_stack
36fc5e53-e6ab-4bfa-8218-6e83ac0456cd,XLMUSDT,LONG,2026-04-17T12:54:59.999000+00:00,2026-04-17T15:04:59.999000+00:00,0.170774,0.173352,116895.415147,3,0.001436,316.5558,1.8199,13.5426,26,vol_trail,1,9908.8,"{'breakout': True, 'imb': False, 'vol': True, 'body': True, 'impulse': True, 'momentum': True}",5,-0.2954,2.9294,0.7781,6,L1,0.875,full_stack
8c59fa8f-dc84-4f85-81fc-609c4e0d802d,XRPUSDT,LONG,2026-04-17T13:09:59.999000+00:00,2026-04-17T15:04:59.999000+00:00,1.464593,1.489002,18623.976992,3,0.013184,496.7608,1.874,18.8124,23,expansion_decay,1,10129.86,"{'breakout': True, 'imb': False, 'vol': True, 'body': True, 'impulse': True, 'momentum': True}",5,-0.2422,3.3834,0.8087,8,OTHER,0.875,full_stack
75ec5d74-2b9e-497c-828b-d23db36043e8,BNBUSDT,LONG,2026-04-17T13:09:59.999000+00:00,2026-04-17T15:44:59.999000+00:00,639.997974,641.881598,62.614348,5,4.011558,99.8559,0.5016,36.1188,31,struct_trail,0,10229.71,"{'breakout': True, 'imb': False, 'vol': True, 'body': True, 'impulse': True, 'momentum': True}",5,-0.6052,1.4962,0.8166,8,OTHER,0.875,full_stack
c4f0aa1a-fe0c-4cbf-9631-3e85ba6b0c41,ARBUSDT,LONG,2026-04-17T19:19:59.999000+00:00,2026-04-17T21:39:59.999000+00:00,0.133527,0.131797,158258.605294,3,0.001704,-283.175,-1.0,18.8954,28,stop_loss,0,9973.46,"{'breakout': False, 'imb': True, 'vol': False, 'body': True, 'impulse': True, 'momentum': True}",4,-1.0135,0.1604,0.7988,7,L2,0.875,full_stack
f23366b9-10d7-4507-8a70-b74ec502e6eb,ENAUSDT,LONG,2026-04-17T21:19:59.999000+00:00,2026-04-17T22:04:59.999000+00:00,0.133347,0.130063,82676.630697,2,0.003258,-276.3569,-1.0,9.8,9,stop_loss,0,9697.1,"{'breakout': True, 'imb': False, 'vol': False, 'body': True, 'impulse': True, 'momentum': True}",4,-1.1254,1.0262,0.8044,7,OTHER,0.875,full_stack
57caec92-6f77-45ec-8581-8b3927bebdc2,PENDLEUSDT,LONG,2026-04-17T22:34:59.999000+00:00,2026-04-17T23:24:59.999000+00:00,1.465293,1.435501,8627.434755,2,0.029505,-262.5995,-1.0,11.2619,10,stop_loss,0,9410.8,"{'breakout': True, 'imb': False, 'vol': False, 'body': True, 'impulse': True, 'momentum': True}",4,-1.203,0.468,0.8042,7,DEFI,0.875,full_stack
7559b723-c1d4-49ab-a214-931d4aa01e68,XLMUSDT,LONG,2026-04-18T04:09:59.999000+00:00,2026-04-18T04:24:59.999000+00:00,0.175955,0.174359,99897.280109,2,0.001561,-167.2516,-1.0,16.0564,3,stop_loss,0,9082.18,"{'breakout': True, 'imb': False, 'vol': True, 'body': True, 'impulse': True, 'momentum': True}",5,-1.3423,0.1825,0.7647,5,L1,0.875,full_stack
69986135-ea68-4891-92dd-d6f1b7f64216,XLMUSDT,LONG,2026-04-18T23:04:59.999000+00:00,2026-04-18T23:39:59.999000+00:00,0.171214,0.170332,187321.889013,4,0.000848,-179.679,-1.0,28.7906,7,stop_loss,0,8888.07,"{'breakout': True, 'imb': False, 'vol': False, 'body': True, 'impulse': True, 'momentum': True}",4,-1.0421,0.4075,0.769,5,L1,0.875,full_stack
ce9b3c4f-a721-473f-a430-982d94cc555b,CHZUSDT,LONG,2026-04-20T00:59:59.999000+00:00,2026-04-20T04:29:59.999000+00:00,0.042018,0.04323,194133.571542,1,0.000687,254.7258,1.7776,5.559,42,vol_trail,1,8997.46,"{'breakout': True, 'imb': False, 'vol': True, 'body': False, 'impulse': True, 'momentum': True}",4,-0.8131,2.9292,0.8057,7,OTHER,0.5,full_stack
4c83f1d0-a41d-40b0-989a-18c14eabdb8c,CHZUSDT,LONG,2026-04-20T17:34:59.999000+00:00,2026-04-20T19:14:59.999000+00:00,0.045639,0.046371,127150.475129,1,0.001006,90.3698,0.7363,5.2646,20,expansion_decay,0,8606.46,"{'breakout': True, 'imb': False, 'vol': False, 'body': True, 'impulse': True, 'momentum': True}",4,-0.2973,1.6606,0.8095,8,OTHER,0.5,full_stack
207cc873-1c73-4cdd-983d-0aacd8783e4e,ETHUSDT,LONG,2026-04-21T19:24:59.999000+00:00,2026-04-21T19:39:59.999000+00:00,2326.335174,2307.357043,7.716267,3,18.516567,-154.4522,-1.0,16.0897,3,stop_loss,0,8001.97,"{'breakout': False, 'imb': True, 'vol': False, 'body': True, 'impulse': True, 'momentum': True}",4,-1.5681,0.1979,0.771,5,OTHER,0.875,full_stack
9dade6da-42d3-4230-9f0d-e525dc700f54,ETHUSDT,LONG,2026-04-22T02:14:59.999000+00:00,2026-04-22T03:34:59.999000+00:00,2334.41679,2358.5282,7.966664,3,15.062585,217.6225,1.6321,12.5965,16,expansion_decay,1,8083.35,"{'breakout': True, 'imb': False, 'vol': True, 'body': True, 'impulse': True, 'momentum': True}",5,-0.031,2.9725,0.786,6,OTHER,0.75,full_stack
f4295e55-e227-4c61-81c4-e4691c9362f3,ETHUSDT,LONG,2026-04-22T05:19:59.999000+00:00,2026-04-22T14:34:59.999000+00:00,2389.647834,2402.42964,10.339027,4,17.591152,120.974,0.7539,22.2954,111,vol_trail,0,8333.49,"{'breakout': True, 'imb': False, 'vol': True, 'body': True, 'impulse': True, 'momentum': True}",5,-0.4268,1.896,0.817,8,OTHER,0.75,full_stack
dfbc6c05-beab-4afa-ac4a-31744f1d194d,RUNEUSDT,LONG,2026-04-22T16:34:59.999000+00:00,2026-04-22T17:44:59.999000+00:00,0.4999,0.491917,23763.335066,2,0.007885,-194.9692,-1.0,10.606,14,stop_loss,0,7993.8,"{'breakout': True, 'imb': True, 'vol': False, 'body': True, 'impulse': True, 'momentum': True}",5,-1.3697,0.6975,0.7975,7,DEFI,0.75,full_stack
e9094138-1f45-4698-ab2c-29b062fc227b,RUNEUSDT,LONG,2026-04-24T06:09:59.999000+00:00,2026-04-24T06:29:59.999000+00:00,0.477796,0.474406,62673.290836,4,0.003294,-225.7997,-1.0,26.9005,4,stop_loss,0,7652.89,"{'breakout': True, 'imb': False, 'vol': False, 'body': True, 'impulse': True, 'momentum': True}",4,-1.1825,0.2745,0.808,8,DEFI,0.875,full_stack
918d955a-c282-423e-bc40-775897dffd12,RUNEUSDT,LONG,2026-04-24T10:24:59.999000+00:00,2026-04-24T12:44:59.999000+00:00,0.478996,0.488502,43088.211411,3,0.003108,378.9801,3.09,14.0235,28,struct_trail,1,7843.68,"{'breakout': True, 'imb': False, 'vol': False, 'body': True, 'impulse': True, 'momentum': True}",4,-0.0308,4.0874,0.7612,5,DEFI,0.875,full_stack
4d4ac8b3-6b72-4a88-85ff-3788c69d5059,1000LUNCUSDT,LONG,2026-04-26T07:19:59.999000+00:00,2026-04-26T11:29:59.999000+00:00,0.05158,0.05178,400440.559817,3,0.000431,70.4884,0.486,18.6253,50,struct_trail,0,7740.64,"{'breakout': False, 'imb': True, 'vol': False, 'body': True, 'impulse': True, 'momentum': True}",4,-0.7655,1.4593,0.8156,8,MEME,0.75,full_stack
ea84b2e6-cb6c-49b4-80c8-cb5c4e84fcac,1000LUNCUSDT,LONG,2026-04-26T20:44:59.999000+00:00,2026-04-26T22:34:59.999000+00:00,0.057051,0.059013,105376.029708,1,0.001663,288.4184,1.1866,4.1045,22,vol_trail,1,7764.75,"{'breakout': True, 'imb': False, 'vol': False, 'body': True, 'impulse': True, 'momentum': True}",4,-0.4457,2.1392,0.7923,7,MEME,0.75,full_stack
979f553c-27b9-4b6c-b324-80939eea11e4,1000LUNCUSDT,LONG,2026-04-27T11:54:59.999000+00:00,2026-04-27T13:09:59.999000+00:00,0.061082,0.061242,99676.146685,1,0.001369,13.2003,0.1258,5.4868,15,vol_trail,0,7806.55,"{'breakout': True, 'imb': False, 'vol': False, 'body': True, 'impulse': True, 'momentum': True}",4,-0.3596,1.2769,0.7657,5,MEME,0.875,full_stack
3df00c2f-2a7e-42de-8c15-c987346cf672,1000LUNCUSDT,LONG,2026-04-27T17:34:59.999000+00:00,2026-04-27T21:54:59.999000+00:00,0.062422,0.064627,86551.326802,1,0.001578,232.9427,1.4047,3.6898,52,vol_trail,1,7898.25,"{'breakout': False, 'imb': True, 'vol': False, 'body': True, 'impulse': True, 'momentum': True}",4,-0.8062,2.2602,0.7562,5,MEME,0.875,full_stack
31db02c3-8812-468e-97b5-88950f2eef35,1000LUNCUSDT,LONG,2026-04-28T15:54:59.999000+00:00,2026-04-28T18:19:59.999000+00:00,0.062523,0.062567,69884.967979,1,0.001128,1.1346,0.0504,3.9338,29,vol_trail,0,7882.58,"{'breakout': False, 'imb': True, 'vol': False, 'body': True, 'impulse': True, 'momentum': True}",4,-0.543,0.8133,0.7767,6,MEME,0.5,full_stack
d066df05-d797-4a2e-9d19-86f67a4de750,1000LUNCUSDT,LONG,2026-04-28T23:24:59.999000+00:00,2026-04-28T23:49:59.999000+00:00,0.066333,0.065203,106853.669154,1,0.001117,-123.9266,-1.0,6.3248,5,stop_loss,0,7832.73,"{'breakout': True, 'imb': False, 'vol': False, 'body': True, 'impulse': True, 'momentum': True}",4,-1.1753,0.3103,0.7884,7,MEME,0.5,full_stack
76587223-8b94-4776-8456-0eee9fdfde8c,1000LUNCUSDT,LONG,2026-04-29T03:14:59.999000+00:00,2026-04-29T04:49:59.999000+00:00,0.066903,0.06496,91239.319471,1,0.00193,-179.9538,-1.0,5.414,19,stop_loss,0,7913.91,"{'breakout': True, 'imb': False, 'vol': False, 'body': True, 'impulse': True, 'momentum': True}",4,-1.3333,0.5578,0.7929,7,MEME,0.75,full_stack
b9dbbe8b-79ee-4965-a34f-cabf900a88d4,RUNEUSDT,LONG,2026-04-29T07:24:59.999000+00:00,2026-04-29T07:59:59.999000+00:00,0.529006,0.524286,38576.225887,3,0.004614,-191.1538,-1.0,18.2844,7,stop_loss,0,7711.08,"{'breakout': False, 'imb': True, 'vol': False, 'body': True, 'impulse': True, 'momentum': True}",4,-1.2799,0.0204,0.8178,8,DEFI,0.75,full_stack
29500f3a-e87c-4c0d-891d-9ced749bec42,RUNEUSDT,LONG,2026-04-29T23:09:59.999000+00:00,2026-04-30T01:59:59.999000+00:00,0.496599,0.500489,62064.272855,5,0.001863,284.4281,2.1419,20.8585,34,vol_trail,1,7808.18,"{'breakout': True, 'imb': False, 'vol': False, 'body': True, 'impulse': True, 'momentum': True}",4,-0.9121,3.8115,0.7543,5,DEFI,0.5,full_stack
45cc6785-2873-4ff6-9b76-93e505fe3d39,ZECUSDT,LONG,2026-04-30T02:14:59.999000+00:00,2026-04-30T02:34:59.999000+00:00,333.586704,329.315827,27.853181,2,4.205,-123.0851,-1.0,8.3088,4,stop_loss,0,7680.91,"{'breakout': True, 'imb': False, 'vol': True, 'body': True, 'impulse': True, 'momentum': True}",5,-1.7495,0.7404,0.7968,7,OTHER,0.5,full_stack
36106313-add8-4a4f-80f4-07c7a066f6e2,1000LUNCUSDT,LONG,2026-04-30T08:14:59.999000+00:00,2026-04-30T08:34:59.999000+00:00,0.070714,0.071502,42758.493421,1,0.001777,32.3079,0.4512,2.7364,4,vol_trail,0,7631.06,"{'breakout': True, 'imb': False, 'vol': True, 'body': False, 'impulse': True, 'momentum': True}",4,-0.0417,1.4829,0.7844,6,MEME,0.5,full_stack
9add8b03-f7c0-4f7e-8ace-977184063dd6,ZECUSDT,LONG,2026-04-30T15:14:59.999000+00:00,2026-04-30T17:19:59.999000+00:00,337.497486,340.293338,20.719029,1,3.655907,54.7546,0.7834,6.3194,25,vol_trail,0,7626.29,"{'breakout': True, 'imb': False, 'vol': True, 'body': False, 'impulse': True, 'momentum': True}",4,-0.5218,1.8935,0.7642,5,OTHER,0.5,full_stack
