trade_uuid,symbol,entry_time,decile,aggression,vol_z,cascade_strength,atr_pct,hour,ret_5d,liq_imb,breakout_distance_pct,imb_z,n_confirmations,conf_breakout,conf_imb,conf_vol,conf_body,conf_impulse,conf_momentum,pnl_r,exit_reason,bars_held
f840adb1-bcbf-4a3c-9880-9dbfabe2c429,RUNEUSDT,2026-04-27T00:59:59.999000+00:00,7,79.0,2.1068,1.4106,0.3315,0,3.9425,0.1756,0.3298,0.5841,4,1,0,0,1,1,1,2.818,decay,27
1b5a5ded-00a8-47cb-ad0a-6bd28f4a9901,RUNEUSDT,2026-04-29T01:04:59.999000+00:00,6,78.7,1.7969,2.075,0.2676,1,4.3808,-0.2312,0.3721,0.9283,4,1,0,0,1,1,1,1.5917,vol_trail,12
00db2cad-9c3b-4870-8558-3a54765e1b48,BLUAIUSDT,2026-01-31T02:34:59.999000+00:00,5,76.1,2.3596,1.1432,0.9991,2,2.0614,0.8818,0.8675,0.7407,4,1,0,0,1,1,1,-1.0,stop_loss,10
ed11febb-b209-40e7-b945-6d0684149b41,BLUAIUSDT,2026-03-11T07:34:59.999000+00:00,1,62.6,3.7958,1.3381,1.3874,7,49.7282,-0.5819,0.2612,0.0992,4,1,0,1,0,1,1,0.5776,vol_trail,10
d45d0581-c4cc-4bf1-be1b-31d58337a298,BLUAIUSDT,2026-03-13T06:54:59.999000+00:00,6,78.3,2.2032,0.1119,0.8799,6,55.6861,-0.9635,-1.4844,2.0279,4,0,1,0,1,1,1,0.4893,vol_trail,5
d86a4602-01b7-499d-8a7f-63cf1f4219df,BLUAIUSDT,2026-03-22T00:09:59.999000+00:00,6,78.1,4.2661,2.2464,0.6317,0,25.2236,-0.2507,-0.6356,-0.6363,4,0,0,1,1,1,1,0.0839,vol_trail,35
2e17ea1a-646d-4d2a-87f0-dc3f242b22bc,BLUAIUSDT,2026-03-24T02:29:59.999000+00:00,1,65.9,0.5198,0.6901,1.1097,2,4.5015,0.209,-1.4026,2.2511,4,0,1,0,1,1,1,0.14,vol_trail,20
7a3b6032-1712-4023-a55c-15ce70c3a716,BLUAIUSDT,2026-03-26T00:24:59.999000+00:00,1,56.6,-0.3801,2.8364,1.0264,0,60.7017,-0.8572,-1.6492,2.5345,4,0,1,0,1,1,1,0.5002,vol_trail,33
18d08d02-4848-4bb3-98ac-4fcf46b32a3c,BERAUSDT,2026-02-06T05:34:59.999000+00:00,1,65.9,-0.3501,2.0399,0.6713,5,12.4485,-0.3185,-0.9769,2.001,4,0,1,0,1,1,1,0.7293,vol_trail,14
0e62609d-bf0b-4cc5-87b5-dcea42e4a8bf,BERAUSDT,2026-02-11T01:09:59.999000+00:00,1,66.3,0.5398,3.4665,1.0866,1,80.0579,-0.4076,-0.7333,2.0402,4,0,1,0,1,1,1,0.2882,vol_trail,69
fc138365-cfc3-4eea-8c4d-adc6f8586d87,SIRENUSDT,2026-02-03T04:14:59.999000+00:00,6,77.5,1.3704,1.7857,1.0048,4,2.3227,0.5257,0.3907,0.7595,4,1,0,0,1,1,1,0.2604,vol_trail,14
217cb908-eada-42b1-bbb5-d24a614976d0,SIRENUSDT,2026-02-06T01:44:59.999000+00:00,1,54.6,-0.425,1.136,1.2444,1,19.2118,-0.551,-0.5342,2.4988,4,0,1,0,1,1,1,0.0105,vol_trail,16
b12697f3-26ea-4c64-a583-249319a29992,SIRENUSDT,2026-02-08T03:44:59.999000+00:00,5,76.7,-0.4602,102.1049,3.6436,3,0.1846,-0.0069,0.6849,4.2231,4,1,1,0,0,1,1,-1.0,stop_loss,7
9dd45c3d-d3b1-40a6-a932-f619ca090c51,SIRENUSDT,2026-02-14T00:09:59.999000+00:00,5,76.1,0.7459,1.2026,0.6745,0,40.031,-0.0479,0.1273,2.0913,4,1,1,0,0,1,1,0.0175,vol_trail,12
e92098c8-b295-418a-bca8-f06ee4261df6,SIRENUSDT,2026-02-14T05:04:59.999000+00:00,7,80.5,1.1641,1.2026,0.8638,5,40.031,-0.0479,1.2943,1.1895,4,1,0,0,1,1,1,-1.0,stop_loss,3
592c5924-9aa2-498c-91e1-204059fbab53,SIRENUSDT,2026-02-16T04:54:59.999000+00:00,9,83.9,5.1015,2.0541,1.1285,4,115.9236,-0.2157,0.9373,0.0466,4,1,0,1,0,1,1,0.4655,vol_trail,8
e61cdf34-1c57-4617-b472-3cab7c71c792,SIRENUSDT,2026-02-18T03:04:59.999000+00:00,8,81.1,3.0327,0.3352,1.0496,3,73.2898,0.0728,0.2825,1.7673,5,1,0,1,1,1,1,-1.0,stop_loss,10
10157548-402d-4b92-b5aa-829aade6921c,SIRENUSDT,2026-02-26T04:24:59.999000+00:00,9,83.0,5.7892,1.4772,1.8804,4,24.7559,-0.1195,0.9156,0.495,4,1,0,1,0,1,1,0.0473,vol_trail,5
15d2284e-00c9-4201-b6cb-71252fbbbea4,SIRENUSDT,2026-03-02T05:49:59.999000+00:00,8,82.1,1.4832,1.4103,1.8542,5,20.0216,-0.2121,2.0611,1.1593,4,1,0,0,1,1,1,0.5706,vol_trail,31
7159161d-bc12-48c9-a5e8-0332b932925c,SIRENUSDT,2026-03-03T01:34:59.999000+00:00,5,77.1,2.6273,0.9941,1.7582,1,19.98,-0.0951,0.8369,1.7024,4,1,0,0,1,1,1,-1.0,stop_loss,7
b79c16f9-dbd0-4f49-ae24-fc449a1235ac,SIRENUSDT,2026-04-06T03:59:59.999000+00:00,6,77.4,7.1749,0.2655,3.1906,3,130.4117,-0.1266,2.8057,0.6327,5,1,0,1,1,1,1,-1.0,stop_loss,24
9d9b526a-8513-4572-a45e-d8df37c5192a,EDGEUSDT,2026-03-31T00:29:59.999000+00:00,6,78.0,0.4308,1.0206,0.5758,0,0.1681,-0.4841,1.1598,1.4192,4,1,0,0,1,1,1,0.2293,vol_trail,7
bdc9d613-06f1-47f8-af6b-649d8399e8ef,EDGEUSDT,2026-04-02T03:24:59.999000+00:00,5,75.7,-0.0138,1.2133,1.1111,3,31.4512,-0.3072,0.7713,0.6317,4,1,0,0,1,1,1,0.2496,vol_trail,5
ac59eb92-e47e-4daa-b641-925f1f807eb4,EDGEUSDT,2026-04-03T03:19:59.999000+00:00,1,54.5,-0.8098,3.6989,0.9521,3,104.078,-0.2086,-1.2299,2.1852,4,0,1,0,1,1,1,2.5907,vol_trail,25
b0893ed6-8408-422c-927c-125dbed9a836,EDGEUSDT,2026-04-05T05:39:59.999000+00:00,9,84.8,5.147,0.9189,1.109,5,39.222,0.0819,0.6845,-0.5853,4,1,0,1,0,1,1,0.8932,vol_trail,2
b2c06eaf-0ce6-4f4b-a000-fa984f9096df,EDGEUSDT,2026-04-15T02:09:59.999000+00:00,5,76.4,1.8369,0.18,0.877,2,3.9006,-0.4717,0.812,0.4591,4,1,0,0,1,1,1,-1.0,stop_loss,7
f516a23e-8597-4354-adb3-c7ead69aab59,MEGAUSDT,2026-02-28T00:44:59.999000+00:00,6,77.8,3.5298,0.1682,0.2789,0,7.8717,-0.7033,0.1372,1.5434,5,1,0,1,1,1,1,0.7969,vol_trail,15
a71c2a9d-d677-4520-a50f-cb0d40cf933a,MEGAUSDT,2026-03-22T07:49:59.999000+00:00,5,76.9,1.4934,2.9618,0.2387,7,-1.186,-0.8397,0.5127,1.7085,4,1,0,0,1,1,1,0.1168,vol_trail,3
be506b53-ee4e-42bf-8c34-b31670a1b7cf,MEGAUSDT,2026-04-18T02:34:59.999000+00:00,1,65.4,1.9828,1.9136,2.2719,2,38.8932,0.0441,0.7011,2.0575,5,1,1,0,1,1,1,0.9171,vol_trail,15
d3b12af0-4e7a-48a3-a3a5-4d417e368281,MEGAUSDT,2026-04-30T00:59:59.999000+00:00,6,77.7,6.0352,30.2201,1.2279,0,1.5709,0.1508,0.0734,-0.2471,5,1,0,1,1,1,1,0.2369,vol_trail,5
e2ca2a9c-3ffd-4786-b689-7334eccf70bc,MEGAUSDT,2026-05-08T01:14:59.999000+00:00,2,67.5,3.2365,2.0608,0.4398,1,-1.8283,0.6694,0.1725,1.733,5,1,0,1,1,1,1,-1.0,stop_loss,15
a61cfaf7-c075-4924-b932-18da6b79380e,KITEUSDT,2026-01-31T00:29:59.999000+00:00,1,48.8,-1.0809,0.8469,0.5972,0,23.1649,0.2827,-0.8691,2.0845,4,0,1,0,1,1,1,3.5413,vol_trail,51
382b3bea-c20b-45b3-a62f-789160a8eeb9,KITEUSDT,2026-02-13T02:49:59.999000+00:00,8,81.5,6.2302,1.5858,0.9384,2,43.858,-0.5556,0.5303,1.1305,4,1,0,1,0,1,1,0.7577,vol_trail,34
6769c696-a196-4dc4-9e09-4a38304255cb,KITEUSDT,2026-02-15T01:59:59.999000+00:00,9,83.6,6.7226,0.7577,1.3516,1,10.7495,0.0811,2.2353,1.5078,5,1,0,1,1,1,1,0.718,vol_trail,7
ecd01620-2885-4194-a5b5-2d0fe5b82b84,KITEUSDT,2026-02-15T07:49:59.999000+00:00,5,75.5,0.7559,0.7577,1.1646,7,10.7495,0.0811,0.6714,1.0192,4,1,0,0,1,1,1,0.172,vol_trail,37
4ae8a20b-8276-4097-b200-2dbacdffdc2a,KITEUSDT,2026-02-22T00:34:59.999000+00:00,1,65.6,0.9572,1.1193,1.4554,0,24.7469,-0.0934,1.0068,2.2256,5,1,1,0,1,1,1,-1.0,stop_loss,7
f1f973c9-f3f5-48ac-9ebe-fbc39e2646c8,KITEUSDT,2026-03-04T02:24:59.999000+00:00,1,59.3,0.2404,0.2834,0.8535,2,-4.4527,-0.3145,-1.1841,2.7003,4,0,1,0,1,1,1,-1.0,stop_loss,14
14fca798-b8d0-4c8c-9bfd-883a08b3e7bd,ONTUSDT,2026-03-24T00:04:59.999000+00:00,2,67.5,3.135,20.6081,0.4101,0,41.4692,-0.3927,-0.7126,-0.7513,4,0,0,1,1,1,1,0.0,vol_trail,12
2f40cbc6-6cc8-447b-9ce9-4eb04f8ad505,ONTUSDT,2026-03-25T00:34:59.999000+00:00,6,78.2,3.3105,18.518,1.8739,0,39.0071,-0.1351,1.8868,0.7432,5,1,0,1,1,1,1,1.2847,vol_trail,2
1ee516e3-0573-439f-bff1-455f61940295,ONTUSDT,2026-03-28T04:59:59.999000+00:00,8,81.8,3.1206,7.8643,1.3335,4,48.3333,-0.4924,1.6917,0.6627,4,1,0,1,0,1,1,4.5434,decay,26
1db9b5d6-6207-4b32-b304-fc9809781b15,ONTUSDT,2026-04-01T05:19:59.999000+00:00,7,79.2,1.4851,7.4275,2.4057,5,115.6977,-0.344,2.4494,1.1488,4,1,0,0,1,1,1,1.3012,vol_trail,28
1b99f652-22aa-4a51-a1fa-edeb0c67448e,ONTUSDT,2026-04-03T00:29:59.999000+00:00,5,76.5,5.6425,0.9666,1.9693,0,77.3869,0.0332,0.8257,0.6547,4,1,0,1,0,1,1,-1.0,stop_loss,18
c8785950-953b-4344-b084-1444c6e3f153,KAITOUSDT,2026-03-03T07:04:59.999000+00:00,6,77.2,5.0492,0.6011,0.5826,7,12.8765,-0.5907,0.5392,1.5945,5,1,0,1,1,1,1,-1.0,stop_loss,2
660698ec-5c09-4644-b3be-24a917da14bf,KAITOUSDT,2026-05-17T06:04:59.999000+00:00,9,84.3,7.5951,1.5867,0.4983,6,7.0524,-0.1508,0.5996,0.2587,5,1,0,1,1,1,1,-1.0,stop_loss,5
e9940662-046f-4847-b2b3-b022f5c1a79f,RAVEUSDT,2026-04-09T05:39:59.999000+00:00,7,80.3,5.4716,4.6548,1.1598,5,300.4616,-0.572,0.0748,-0.2708,4,1,0,1,0,1,1,1.8529,vol_trail,26
9a7286e0-3843-4f52-8faa-470cd7a63418,RAVEUSDT,2026-04-11T02:29:59.999000+00:00,1,66.0,3.826,2.7603,4.5587,2,775.66,-0.4749,0.9956,0.9478,5,1,0,1,1,1,1,0.001,vol_trail,31
4f4953bd-9606-4152-996e-ba674f6301aa,RAVEUSDT,2026-04-13T07:39:59.999000+00:00,5,75.4,2.739,1.1622,3.9501,7,2443.1994,-0.4726,2.9396,1.7969,4,1,0,0,1,1,1,0.0402,vol_trail,1
7ac4a604-0d60-4660-8900-0823d4209baf,RAVEUSDT,2026-04-14T04:19:59.999000+00:00,6,78.8,0.2631,1.3297,3.6231,4,1483.7866,-0.6252,2.9971,2.6057,5,1,1,0,1,1,1,1.5433,vol_trail,15
676b79ff-d772-46c9-950e-5ced03e667da,RAVEUSDT,2026-04-15T00:24:59.999000+00:00,7,79.7,0.7017,0.7958,2.1846,0,578.1449,-0.0352,2.3917,1.5449,4,1,0,0,1,1,1,0.7962,vol_trail,11
daf74e30-41a8-4ee6-8fc9-3e954be2e91a,RAVEUSDT,2026-04-16T02:19:59.999000+00:00,9,83.1,5.8936,0.51,3.7457,2,683.1476,-0.4955,3.0726,1.5399,5,1,0,1,1,1,1,0.292,vol_trail,1
696f650f-2a21-46d9-81b6-ed62782dc361,ENJUSDT,2026-02-06T05:39:59.999000+00:00,1,55.2,-0.4725,0.4156,0.5427,5,-3.6724,0.7729,0.2365,2.4297,4,1,1,0,1,0,1,0.0124,vol_trail,11
5ee0c11a-d816-4985-a1a1-ac15754a4c54,ENJUSDT,2026-03-18T06:59:59.999000+00:00,5,76.2,3.345,42.2719,1.2068,6,30.3113,-0.1447,-0.9946,0.2555,4,0,0,1,1,1,1,1.7146,vol_trail,1
53ea0500-21d1-4ee6-8314-a6f1f2b394e0,ENJUSDT,2026-03-19T00:44:59.999000+00:00,9,82.7,3.3967,17.9466,1.695,0,35.609,-0.1375,-0.7261,0.5849,4,0,0,1,1,1,1,0.3349,vol_trail,1
ad87e4a5-ce9a-48ac-8645-848cbfe98b1a,ENJUSDT,2026-03-20T02:24:59.999000+00:00,5,76.3,2.0442,3.3605,1.4374,2,29.4213,-0.0368,1.0518,1.1248,4,1,0,0,1,1,1,-1.0,stop_loss,25
01e9b1b5-1cd6-4a91-843e-f98e552c2693,ENJUSDT,2026-03-29T03:54:59.999000+00:00,9,83.8,0.8466,1.0775,0.3789,3,-1.3882,0.2982,0.5874,2.179,5,1,1,0,1,1,1,-1.0,stop_loss,6
636a9131-48b6-4033-aa11-75ae18099e05,ENJUSDT,2026-04-08T04:44:59.999000+00:00,7,79.1,4.1788,13.7047,0.3413,4,35.5164,-0.4707,0.0488,0.6363,4,1,0,1,0,1,1,-1.0,stop_loss,30
332d9458-a370-4a4a-81c6-07d12d4db584,CRVUSDT,2026-05-07T07:14:59.999000+00:00,2,67.2,0.5624,0.5205,0.3353,7,1.6034,0.9808,0.0,2.3719,4,0,1,0,1,1,1,-1.0,stop_loss,27
e0e14d35-88c5-4540-8aee-67e47660fcdb,CRVUSDT,2026-05-12T07:19:59.999000+00:00,9,84.3,5.034,1.0172,0.6635,7,14.6179,0.7293,-1.2852,1.0841,4,0,0,1,1,1,1,0.0492,vol_trail,1
d5078672-5742-4cbe-b424-e7903ad6d581,CRVUSDT,2026-05-13T01:39:59.999000+00:00,8,81.9,2.971,1.4862,0.5439,1,3.7412,0.9659,0.8415,1.3948,4,1,0,0,1,1,1,-1.0,stop_loss,19
35b2c30e-56d9-4afd-ae33-14bf9167509f,IRYSUSDT,2026-03-20T00:34:59.999000+00:00,6,77.9,5.5225,1.2723,2.3967,0,14.2151,0.1392,0.9035,-0.1009,4,1,0,1,0,1,1,-1.0,stop_loss,5
091e7f5f-8117-40c4-8288-05062cf5e311,IRYSUSDT,2026-04-10T00:34:59.999000+00:00,5,76.7,2.6965,0.4126,0.9586,0,37.2549,0.2098,0.82,0.8898,4,1,0,0,1,1,1,-1.0,stop_loss,5
6f9cffff-8147-460c-bbfc-b4bd02121a00,IRYSUSDT,2026-04-13T01:49:59.999000+00:00,9,84.0,4.2183,1.8262,1.6887,1,50.4836,0.4921,-1.8809,-0.6604,4,0,0,1,1,1,1,1.2571,vol_trail,6
56d5b458-9407-4cc9-9b43-d4eb537f6e70,IRYSUSDT,2026-04-15T04:14:59.999000+00:00,1,58.7,-0.3533,0.1779,1.0509,4,2.1429,-0.7499,-1.4027,2.6679,4,0,1,0,1,1,1,0.216,vol_trail,30
e1a0fe87-2b39-4f54-97df-1bd5ccafb18e,IRYSUSDT,2026-04-20T01:34:59.999000+00:00,7,80.0,3.8188,2.1635,1.9513,1,23.2867,0.2822,0.9043,-0.1491,4,1,0,1,0,1,1,0.5921,vol_trail,36
c31aa8d1-1455-43b3-ae2e-4f709334b751,IRYSUSDT,2026-04-22T02:49:59.999000+00:00,1,65.5,0.0965,0.4264,0.7493,2,21.2121,-0.7514,-1.6809,2.3724,4,0,1,0,1,1,1,0.0166,vol_trail,16
80e93097-4a1d-45d7-90fc-c13953b5c181,IRYSUSDT,2026-05-12T00:24:59.999000+00:00,7,79.0,0.4799,3.2321,0.9682,0,46.378,-0.1914,0.0217,-0.9843,4,1,0,0,1,1,1,1.0326,vol_trail,14
92617756-c372-45c8-9d23-b5c1e038aa40,IRYSUSDT,2026-05-12T05:29:59.999000+00:00,2,69.9,4.1303,3.2321,1.3614,5,46.378,-0.1914,1.6123,0.9577,5,1,0,1,1,1,1,0.6819,vol_trail,51
f0a4cf99-788b-47d7-94b1-87f24048d9f7,IRYSUSDT,2026-05-13T00:39:59.999000+00:00,5,75.5,0.4374,6.2039,0.9621,0,52.7297,0.0404,0.0185,0.2264,4,1,0,0,1,1,1,1.3531,vol_trail,9
14fe62f7-cfdf-4229-a39e-71f45d67253b,IRYSUSDT,2026-05-14T00:44:59.999000+00:00,5,76.9,4.1702,1.6104,2.1349,0,47.0178,0.0837,1.2983,-0.0271,5,1,0,1,1,1,1,0.1478,vol_trail,4
5686083d-ba6d-4c71-8550-5b49dcae4405,IRYSUSDT,2026-05-15T07:09:59.999000+00:00,9,83.4,4.8151,6.3394,1.3135,7,58.7813,-0.0326,-0.7932,0.9372,4,0,0,1,1,1,1,-1.0,stop_loss,10
01a57ff0-9d8c-4038-aaff-cc5b156d646f,DEXEUSDT,2026-02-23T05:39:59.999000+00:00,6,77.5,3.8676,2.1663,0.706,5,27.2208,-0.1815,0.5289,0.7739,4,1,0,1,0,1,1,1.746,vol_trail,51
a4608b84-290c-488c-8950-e7eb35091478,DEXEUSDT,2026-02-24T03:34:59.999000+00:00,1,66.0,-0.2424,8.0582,0.5547,3,41.8766,-0.3221,-1.7556,2.0675,4,0,1,0,1,1,1,6.4549,vol_trail,72
de06dc77-ed2f-4849-984a-37942632909a,DEXEUSDT,2026-02-25T03:29:59.999000+00:00,1,52.5,-1.0083,2.0005,0.7376,3,52.2255,-0.4332,-1.7202,2.219,4,0,1,0,1,1,1,-1.0,stop_loss,13
b7cff19b-2bb8-42db-bda7-bb544fe1a651,DEXEUSDT,2026-03-09T00:29:59.999000+00:00,1,61.3,0.02,4.2906,0.5554,0,29.2097,-0.2217,-0.6272,2.1259,4,0,1,0,1,1,1,0.6922,vol_trail,3
94370fac-8a22-4e08-ba4c-2fe415bf9af3,DEXEUSDT,2026-03-10T01:39:59.999000+00:00,9,83.1,9.746,3.7,0.8977,1,23.8136,-0.1157,0.591,1.225,4,1,0,1,0,1,1,0.1369,vol_trail,2
ae8f1101-9067-48f5-b214-5f8bbbf97393,DEXEUSDT,2026-03-12T00:44:59.999000+00:00,9,83.7,3.1573,0.2281,0.4182,0,14.3721,-0.6914,-0.9317,1.5188,4,0,0,1,1,1,1,0.0482,vol_trail,5
e0c8dcf7-ffb3-4d11-965d-30dd25f772dd,DEXEUSDT,2026-03-15T01:44:59.999000+00:00,8,81.7,5.954,0.6405,0.8785,1,20.411,-0.6024,0.0373,1.4853,5,1,0,1,1,1,1,0.0486,vol_trail,3
4aa48f87-1690-4e7b-892a-f696c612f8e3,DEXEUSDT,2026-03-19T01:54:59.999000+00:00,1,60.0,0.8059,1.3974,0.5298,1,16.3122,-0.8262,-0.3146,2.0553,4,0,1,0,1,1,1,6.2582,vol_trail,50
62fc7f30-4f01-4b07-ad3c-4df4c9dbd3d5,DEXEUSDT,2026-03-20T02:34:59.999000+00:00,1,55.1,-0.4048,0.2674,0.5143,2,16.1266,-0.3001,-1.3252,2.138,4,0,1,0,1,1,1,-1.0,stop_loss,22
89e319fb-7aff-4603-a97b-cfcc05ead774,DEXEUSDT,2026-04-15T00:44:59.999000+00:00,1,61.1,0.0731,1.9387,0.3276,0,28.7319,-0.8583,-0.9285,2.3041,4,0,1,0,1,1,1,1.6513,vol_trail,4
62716a4f-e19d-4de0-845a-6b6c66abcf48,DEXEUSDT,2026-04-17T00:09:59.999000+00:00,7,80.8,1.1283,0.3704,0.4141,0,26.5671,-0.4768,0.2331,1.3731,4,1,0,0,1,1,1,0.041,vol_trail,35
bc4ac10c-8eb8-4a72-b012-d099c5f0cc61,DEXEUSDT,2026-04-19T01:34:59.999000+00:00,5,75.8,3.2348,0.741,0.777,1,50.3217,-0.5483,-0.4754,1.3603,4,0,0,1,1,1,1,0.1987,vol_trail,4
43f926b2-659c-48ba-94c7-fb4d919a2c17,DEXEUSDT,2026-04-19T07:04:59.999000+00:00,2,68.0,3.1194,0.741,1.4563,7,50.3217,-0.5483,-1.5461,0.9044,4,0,0,1,1,1,1,0.0763,vol_trail,50
d6e65fe4-9576-4b72-aea5-9ffa52c8522b,WIFUSDT,2026-02-06T05:14:59.999000+00:00,2,67.9,-0.3424,1.02,0.6722,5,-4.3212,0.2592,-0.1389,2.4743,4,0,1,0,1,1,1,0.0985,vol_trail,17
650cdb5a-82ed-4303-b071-a9f539c2b21a,WIFUSDT,2026-03-01T01:49:59.999000+00:00,8,82.1,0.8824,0.8179,0.5642,1,-2.1101,0.8279,0.0507,1.4116,4,1,0,0,1,1,1,0.7962,vol_trail,3
e332deb4-4e59-4511-b94c-5ba917939e9a,WIFUSDT,2026-05-06T01:04:59.999000+00:00,9,83.2,1.7263,1.9909,0.37,1,17.4005,-0.214,0.6455,0.7649,4,1,0,0,1,1,1,0.9333,vol_trail,4
59d31c32-bb71-4460-8be3-a4797d71e40e,ARBUSDT,2026-02-25T01:19:59.999000+00:00,9,84.0,4.527,0.9905,0.5333,1,3.9216,-0.2348,0.4224,-0.0694,4,1,0,1,0,1,1,0.0394,vol_trail,14
9e3a5902-c9a4-4521-9d38-fe9a1e6e8ed9,ARBUSDT,2026-02-27T04:04:59.999000+00:00,5,75.5,3.0519,1.3314,0.453,4,6.25,0.4906,0.0977,0.0624,5,1,0,1,1,1,1,0.5046,vol_trail,8
f33b553e-b9ae-4668-909d-2ce869606aa3,ARBUSDT,2026-02-28T03:09:59.999000+00:00,1,55.4,-1.0541,0.9893,0.3354,3,6.4103,0.6008,-0.7929,2.8021,4,0,1,0,1,1,1,-1.0,stop_loss,5
bdefac00-c0e2-41f6-9ccf-9437b51a50e7,ARBUSDT,2026-04-16T00:34:59.999000+00:00,1,66.2,-0.1389,1.4132,0.3281,0,11.5052,-0.942,-1.1986,2.5889,4,0,1,0,1,1,1,2.7925,vol_trail,100
019d1f06-4b43-4add-9b8c-7afffdff7983,ARBUSDT,2026-04-17T03:14:59.999000+00:00,1,56.4,-0.6287,0.8557,0.4628,3,18.395,-0.3312,-1.4615,2.1322,4,0,1,0,1,1,1,0.9398,vol_trail,52
f5c63620-db28-42b3-a5ef-2eeed20de02a,ARBUSDT,2026-05-08T06:19:59.999000+00:00,1,62.7,0.4877,1.3731,0.4343,6,21.587,-0.937,-1.4593,2.0245,4,0,1,0,1,1,1,3.4256,vol_trail,41
777b310f-e28c-407b-8146-e476b5679aef,ARBUSDT,2026-05-09T04:04:59.999000+00:00,1,57.5,-0.0484,0.5216,0.4788,4,22.356,0.6999,-1.026,2.5919,4,0,1,0,1,1,1,-1.0,stop_loss,10
0b0bc53f-53ab-4202-af89-81cd9bf21625,APTUSDT,2026-02-25T01:49:59.999000+00:00,2,68.8,4.0207,1.7658,0.6362,1,13.779,-0.4616,-0.5205,1.6005,4,0,0,1,1,1,1,-1.0,stop_loss,19
d5e0d49b-e2f1-465a-b5b0-3a137bf2f16d,APTUSDT,2026-04-14T01:44:59.999000+00:00,1,59.8,-0.8351,0.1074,0.2676,1,1.5725,0.7398,-0.3766,2.0055,4,0,1,0,1,1,1,-1.0,stop_loss,10
9000c733-04df-40d1-be82-19aa05cdb1bf,APTUSDT,2026-05-14T07:34:59.999000+00:00,1,62.9,-0.3158,0.1317,0.2415,7,-4.6242,0.9526,-0.6793,2.0698,4,0,1,0,1,1,1,-1.0,stop_loss,5
ab95b277-6733-4317-b637-47bc402e3dcf,DOTUSDT,2026-02-23T06:14:59.999000+00:00,8,82.3,0.1382,1.0062,0.36,6,-3.5115,0.8997,0.5542,0.6953,4,1,0,0,1,1,1,1.1875,vol_trail,40
b8076403-c74f-4225-ad5d-6685d3dbe214,DOTUSDT,2026-02-25T01:09:59.999000+00:00,5,75.8,3.5814,3.7964,0.2986,1,24.0299,-0.7379,-0.3205,0.8181,4,0,0,1,1,1,1,2.2154,vol_trail,1
97d23940-0c44-452c-9c86-dc27afc901e7,DOTUSDT,2026-02-25T07:54:59.999000+00:00,1,56.8,-0.4661,3.7964,0.2932,7,24.0299,-0.7379,-1.859,2.3037,4,0,1,0,1,1,1,5.2231,vol_trail,28
771cf673-614a-47e7-bc28-f48fb65ab3c5,DOTUSDT,2026-02-27T02:49:59.999000+00:00,8,82.0,3.1872,0.9375,0.7316,2,21.8917,0.1428,0.426,1.1166,5,1,0,1,1,1,1,0.0095,vol_trail,21
7696e147-72b5-41d4-acb3-702430d2914e,DOTUSDT,2026-04-08T07:09:59.999000+00:00,1,62.6,-0.4291,0.2555,0.3281,7,2.4252,0.8626,-0.5243,2.1629,4,0,1,0,1,1,1,-1.0,stop_loss,5
5606cf70-b6bf-4fc6-8153-314d3affe3b7,DOTUSDT,2026-04-16T05:54:59.999000+00:00,1,62.7,3.1558,1.1324,0.5073,5,3.2659,-0.6361,0.1617,0.4075,5,1,0,1,1,1,1,0.6773,vol_trail,32
9fb9b916-add4-4162-958d-c55a9b0eca89,DOTUSDT,2026-04-18T00:29:59.999000+00:00,1,55.7,-1.0488,0.2719,0.3903,0,3.6705,0.8943,-0.5952,2.1152,4,0,1,0,1,1,1,-1.0,stop_loss,2
ef8cfbc6-a63d-4762-a1d4-33a3f6f2d014,DOTUSDT,2026-04-29T03:19:59.999000+00:00,9,83.4,6.0764,1.6841,0.2142,3,-3.352,0.9288,0.2437,0.509,5,1,0,1,1,1,1,1.3622,struct_trail,28
c1397b20-be7d-4654-80cf-a5ccf54cd04d,DOTUSDT,2026-04-30T00:49:59.999000+00:00,5,75.9,-0.0865,0.1252,0.2516,0,-3.451,0.9266,0.082,0.7155,4,1,0,0,1,1,1,-1.0,stop_loss,21
36d1fb5f-5f88-4b17-a535-4c6d318d5ead,DOTUSDT,2026-05-15T07:14:59.999000+00:00,1,56.9,-0.3242,1.0695,0.2987,7,-4.8516,0.8474,-1.7608,2.6957,4,0,1,0,1,1,1,-1.0,stop_loss,13
c3b0da12-ce6d-47ae-a5b5-c05e809eb01c,FETUSDT,2026-03-13T00:14:59.999000+00:00,7,80.7,2.6404,1.7632,0.9566,0,26.3307,-0.1319,0.2237,1.0072,4,1,0,0,1,1,1,1.2592,vol_trail,29
7c608f79-e282-4e97-b7d6-3783f0371aaf,FETUSDT,2026-03-15T02:04:59.999000+00:00,8,81.9,6.7699,0.7707,0.5968,2,27.3493,-0.4256,0.5965,0.9648,5,1,0,1,1,1,1,1.8181,vol_trail,15
4b1f068f-2791-4430-beef-98577e51b301,FETUSDT,2026-03-16T03:24:59.999000+00:00,1,59.0,-0.0867,2.1555,0.4317,3,48.3468,-0.4846,-1.4515,2.4708,4,0,1,0,1,1,1,0.3261,vol_trail,2
02a2393a-b64e-43b7-a79c-99ffaee7a297,FETUSDT,2026-03-16T07:24:59.999000+00:00,7,80.5,4.0504,2.1555,0.8806,7,48.3468,-0.4846,1.1996,1.521,5,1,0,1,1,1,1,-1.0,stop_loss,6
c238a814-d2ff-46f2-9ecc-ac0056803065,FETUSDT,2026-03-20T01:44:59.999000+00:00,6,77.9,6.0935,1.0941,0.7456,1,14.8601,-0.3281,0.7283,1.4764,5,1,0,1,1,1,1,1.1602,vol_trail,37
75440d3d-c0e9-4772-bd32-fccc7ea3c530,FETUSDT,2026-04-29T04:34:59.999000+00:00,5,77.0,3.7958,1.0162,0.3515,4,-4.5149,0.9377,0.1992,1.833,5,1,0,1,1,1,1,-1.0,stop_loss,23
c6294403-484d-4219-abfe-30a1b9466c0a,TAOUSDT,2026-02-14T04:44:59.999000+00:00,1,57.3,-0.5009,2.0487,0.6346,4,19.8743,0.1549,-0.9373,2.2003,4,0,1,0,1,1,1,0.2224,vol_trail,18
ab49c4ba-5de2-42f9-890b-28553fd7c52a,TAOUSDT,2026-02-15T07:04:59.999000+00:00,2,70.0,1.5353,0.2723,0.2713,7,19.4858,0.6581,-0.6188,2.2163,4,0,1,0,1,1,1,-1.0,stop_loss,9
b0d2ef31-0870-4750-b42b-6984ad7283ed,TAOUSDT,2026-03-13T00:19:59.999000+00:00,8,81.9,8.3054,2.9971,0.6016,0,29.882,-0.6303,0.5849,0.4946,5,1,0,1,1,1,1,2.8662,vol_trail,32
3cd2eca2-c392-4cfd-9f60-2518071c8e28,TAOUSDT,2026-03-15T01:19:59.999000+00:00,2,70.1,4.0946,2.1257,1.0206,1,41.6667,-0.4907,0.2855,0.1294,4,1,0,1,0,1,1,1.2238,vol_trail,37
3a46e783-78da-4356-85e8-c0e9221b2359,TAOUSDT,2026-03-17T07:04:59.999000+00:00,1,64.0,0.1978,0.4137,0.6882,7,26.7457,0.0182,-1.1309,2.22,4,0,1,0,1,1,1,-1.0,stop_loss,9
ed130aa1-2df3-4eca-a8d8-8afaae029782,TAOUSDT,2026-03-19T00:09:59.999000+00:00,6,77.4,1.1057,1.1144,0.4813,0,13.5266,0.1157,0.4978,1.4145,4,1,0,0,1,1,1,-1.0,stop_loss,10
2382f5c2-0136-47fb-be64-19a70172d1d8,TAOUSDT,2026-03-24T02:04:59.999000+00:00,5,76.0,4.3155,1.2546,1.0261,2,18.9727,-0.2887,0.0995,0.3695,4,1,0,1,0,1,1,0.8489,vol_trail,21
198f4974-e172-433e-a7b7-b44fff1a923b,TAOUSDT,2026-03-24T07:54:59.999000+00:00,5,75.5,2.7501,1.2546,0.9175,7,18.9727,-0.2887,0.1736,2.038,4,1,1,0,0,1,1,-1.0,stop_loss,17
b92cbb13-0a39-41a7-bab1-2520b666d99d,TAOUSDT,2026-05-01T05:29:59.999000+00:00,2,68.8,3.6642,1.1358,0.2394,5,7.802,-0.9049,-0.3106,2.0436,4,0,1,1,1,0,1,5.5953,vol_trail,75
f7cc15a0-e33b-49ff-aaec-fdd75ba4340d,TAOUSDT,2026-05-02T06:54:59.999000+00:00,9,84.5,5.3335,0.9882,0.2742,6,15.6815,-0.9734,0.4341,0.5722,5,1,0,1,1,1,1,0.3603,vol_trail,1
677b6432-985a-4b09-831a-4c216aff29e0,TAOUSDT,2026-05-03T05:24:59.999000+00:00,6,78.7,2.391,0.4327,0.3231,5,12.0443,-0.5201,0.2048,0.891,4,1,0,0,1,1,1,0.4557,vol_trail,33
75c568d6-213b-4601-b17a-2a3bd4e22328,NEARUSDT,2026-03-02T01:14:59.999000+00:00,8,82.4,5.173,2.2123,0.7468,1,15.6863,-0.6528,0.7647,1.4139,4,1,0,1,0,1,1,-1.0,stop_loss,2
a0f81d15-c6e4-43d6-bbe3-9b92c2d45e87,NEARUSDT,2026-03-16T03:24:59.999000+00:00,5,75.8,4.2299,1.1121,0.5974,3,14.792,-0.2451,0.2892,1.3243,5,1,0,1,1,1,1,0.9034,vol_trail,32
7728a8e1-eb27-4728-a67f-84edfeff2a33,NEARUSDT,2026-05-06T05:44:59.999000+00:00,2,67.2,-0.5271,1.9318,0.4285,5,15.528,-0.7058,-0.3782,2.1827,4,0,1,0,1,1,1,10.8405,vol_trail,89
41b0a173-66fe-476a-b4be-db1e5660337e,NEARUSDT,2026-05-12T05:04:59.999000+00:00,2,68.1,-0.3131,2.2277,0.3198,5,9.3197,0.3611,-0.3878,2.1318,4,0,1,0,1,1,1,0.1565,vol_trail,25
f00ae50a-56fd-4a63-a330-ec723edb59ce,NEARUSDT,2026-05-13T03:39:59.999000+00:00,1,62.5,-0.1081,1.0841,0.6732,3,-1.3158,0.1178,0.1187,2.0342,5,1,1,0,1,1,1,-1.0,stop_loss,9
bef02946-e24f-4e50-83d1-78a6d438abd3,SOLUSDT,2026-03-04T00:49:59.999000+00:00,1,63.4,-0.4317,0.5817,0.3971,0,11.0269,-0.4472,-0.6176,2.3358,4,0,1,0,1,1,1,0.0522,vol_trail,23
7881a918-920d-4815-afa4-739766487706,SOLUSDT,2026-03-31T01:24:59.999000+00:00,7,80.2,1.701,1.2705,0.3568,1,-3.8395,0.63,0.0239,0.6993,4,1,0,0,1,1,1,0.0316,vol_trail,2
50cb5b5f-75b0-4231-8e04-c45b82d0f872,SOLUSDT,2026-04-29T03:39:59.999000+00:00,8,81.8,3.142,1.8249,0.1545,3,-3.6224,0.8306,0.0118,1.4077,4,1,0,1,1,0,1,0.4295,vol_trail,17
aac4a8d9-fae7-49c8-b8e0-fda3c7960de0,SOLUSDT,2026-04-30T00:39:59.999000+00:00,8,80.9,0.5684,0.1987,0.1987,0,-3.5876,0.1999,0.2153,0.5917,4,1,0,0,1,1,1,-1.0,stop_loss,23
8c15471b-e8e7-4b66-8cd1-f06a5aafaf93,SOLUSDT,2026-05-06T00:54:59.999000+00:00,2,67.0,-0.2738,1.0126,0.2049,0,6.4516,-0.5565,-0.575,2.1286,4,0,1,0,1,1,1,0.1871,vol_trail,19
5fd543b2-5806-4d69-89f1-df8b619f7e66,SOLUSDT,2026-05-07T04:14:59.999000+00:00,1,63.7,-0.1964,0.5916,0.2022,4,4.9507,0.102,-1.4233,2.5424,4,0,1,0,1,1,1,0.8659,vol_trail,19
149507d3-e872-4051-94ad-136fb6c175d4,SOLUSDT,2026-05-13T05:24:59.999000+00:00,5,75.5,3.4271,1.0919,0.2171,5,-0.9351,0.6432,-0.5627,1.1577,4,0,0,1,1,1,1,-1.0,stop_loss,24
a0fe1d3c-ce93-4457-9506-9974a7b0a668,XRPUSDT,2026-02-15T00:19:59.999000+00:00,9,82.8,3.2433,1.8087,0.4742,0,5.3832,0.2362,0.35,1.7703,5,1,0,1,1,1,1,0.5312,vol_trail,10
ca499701-b777-4065-b576-86676265d270,XRPUSDT,2026-02-15T04:54:59.999000+00:00,1,64.0,4.1271,1.8087,0.6151,4,5.3832,0.2362,-0.9237,0.4244,4,0,0,1,1,1,1,3.6003,vol_trail,44
cf68a11f-ddd3-4e1e-8f15-cce7dfefc62a,XRPUSDT,2026-02-17T02:14:59.999000+00:00,6,77.6,3.4863,0.4051,0.3349,2,8.1089,0.5485,-0.288,-0.0098,4,0,0,1,1,1,1,-1.0,stop_loss,23
07f2060b-27aa-44b5-99f4-dbd8b833f271,XRPUSDT,2026-03-02T01:24:59.999000+00:00,1,55.4,1.1616,0.5448,0.4348,1,-3.0631,-0.1688,-1.058,2.264,4,0,1,0,1,1,1,0.1473,vol_trail,41
5784652e-e5c9-448e-a497-731b07eba928,XRPUSDT,2026-04-16T00:34:59.999000+00:00,6,78.3,-0.0016,1.1979,0.1728,0,7.2531,-0.5418,-1.058,2.0476,4,0,1,0,1,1,1,0.6671,vol_trail,21
e7a399b7-eb2c-435a-bbf5-abfcdd7ceac5,XRPUSDT,2026-04-19T05:34:59.999000+00:00,7,79.7,4.4935,0.8097,0.1862,5,2.403,0.657,0.0139,0.351,5,1,0,1,1,1,1,-1.0,stop_loss,4
caf795a1-f305-4a55-b73a-3750c8ad0cda,XRPUSDT,2026-04-30T06:34:59.999000+00:00,8,82.0,3.7195,0.1029,0.1835,6,-3.928,0.0578,-0.8681,1.4731,4,0,0,1,1,1,1,0.2665,vol_trail,22
70d3c851-493f-474b-825e-230bcfb1cad7,XRPUSDT,2026-05-10T02:34:59.999000+00:00,7,80.1,9.1736,1.9276,0.1326,2,4.3139,-0.3758,-0.5476,-1.4364,4,0,0,1,1,1,1,0.0038,vol_trail,45
a0e3601c-97fd-448a-b177-ff3258a4e75e,XRPUSDT,2026-05-13T06:09:59.999000+00:00,5,76.2,5.4987,0.803,0.1779,6,0.6066,0.8117,-0.4575,0.7908,4,0,0,1,1,1,1,0.324,vol_trail,18
175e8712-cbf7-4965-b847-f7290b2d24fd,PENDLEUSDT,2026-03-01T01:34:59.999000+00:00,1,66.8,-0.32,1.1984,0.4325,1,5.782,-0.8194,-0.1538,2.7622,4,0,1,0,1,1,1,4.084,vol_trail,10
b1f60426-00db-4388-afa8-d44556040d1a,PENDLEUSDT,2026-03-01T07:39:59.999000+00:00,1,63.6,-0.0085,1.1984,0.3784,7,5.782,-0.8194,-1.8491,2.3534,4,0,1,0,1,1,1,-1.0,stop_loss,5
fb322515-f9df-4edc-aee9-939d4b24d9db,PENDLEUSDT,2026-04-16T04:24:59.999000+00:00,1,63.6,3.5023,1.2614,0.429,4,13.3393,-0.5032,0.2285,1.8792,4,1,0,1,1,0,1,1.3769,vol_trail,44
01e5c8a4-dd8f-4337-aeda-981535c3499d,PENDLEUSDT,2026-05-01T04:29:59.999000+00:00,9,85.0,6.4667,4.5777,0.8874,4,17.8165,-0.3465,0.2647,-0.385,5,1,0,1,1,1,1,0.1292,vol_trail,22
f837243f-cdb1-425e-92a8-370c2074573c,PENDLEUSDT,2026-05-04T04:04:59.999000+00:00,5,75.8,3.0775,6.9049,0.5119,4,43.0934,-0.8283,0.7801,0.1296,5,1,0,1,1,1,1,0.8782,vol_trail,18
d37d92cf-9288-4550-9e4b-7cc964c71c8d,PENDLEUSDT,2026-05-05T02:34:59.999000+00:00,5,76.1,3.8036,1.1708,0.7568,2,38.0201,-0.4134,-0.7614,0.5247,4,0,0,1,1,1,1,-1.0,stop_loss,3
559cf584-d0cd-4af0-bd23-197de0508f18,PENDLEUSDT,2026-05-10T03:39:59.999000+00:00,1,66.0,-0.4045,1.2716,0.2472,3,0.4778,0.8186,-0.6444,2.1837,4,0,1,0,1,1,1,-1.0,stop_loss,6
035819a7-5721-4219-ba2e-09a78d9b5419,DASHUSDT,2026-04-10T02:09:59.999000+00:00,8,81.9,1.6309,1.4211,0.9674,2,50.1644,-0.3149,1.215,0.7216,4,1,0,0,1,1,1,0.0405,vol_trail,24
1fe8e353-7f78-4139-9cec-138da5ecf59e,DASHUSDT,2026-04-12T00:29:59.999000+00:00,1,59.6,0.0421,0.735,0.7302,0,21.7456,0.6964,-1.1465,2.01,4,0,1,0,1,1,1,-1.0,stop_loss,14
0dfb4f94-4ea3-45d4-ba2c-54b044f742ae,DASHUSDT,2026-05-04T00:49:59.999000+00:00,9,84.2,3.5006,2.8979,0.7419,0,37.4964,-0.3213,1.1845,0.838,5,1,0,1,1,1,1,1.5549,vol_trail,1
9f9c7619-344f-4c55-99bc-b110fa669080,DASHUSDT,2026-05-06T07:09:59.999000+00:00,9,83.6,5.6069,2.2188,1.626,7,36.6321,-0.2833,0.8654,0.4032,5,1,0,1,1,1,1,0.534,vol_trail,11
5a9f49d3-b820-4112-ac31-56d01da679fb,WLDUSDT,2026-02-07T04:24:59.999000+00:00,1,57.6,3.2131,0.2538,0.7025,4,-3.408,0.0895,-0.8286,-0.4471,4,0,0,1,1,1,1,-1.0,stop_loss,3
c5b5f29f-02f6-496e-bd97-eae52c8d4839,WLDUSDT,2026-03-13T03:54:59.999000+00:00,6,77.8,0.4499,0.2823,0.3711,3,-0.7776,0.0057,0.2713,1.6564,4,1,0,0,1,1,1,-1.0,stop_loss,14
5a4004a3-bea5-4273-a5fa-c311bcce958c,WLDUSDT,2026-04-13T01:14:59.999000+00:00,9,84.7,4.6848,1.0022,0.5398,1,21.3645,-0.2419,0.1357,1.7179,5,1,0,1,1,1,1,0.7103,vol_trail,6
14f41202-9018-4891-b00a-bbd194c00d50,WLDUSDT,2026-04-14T02:19:59.999000+00:00,5,77.1,1.3249,0.6904,0.4589,2,10.9656,-0.1701,0.1577,0.889,4,1,0,0,1,1,1,-1.0,stop_loss,2
ed2636be-24e4-42bc-bd02-1774fcf93857,WLDUSDT,2026-04-27T00:59:59.999000+00:00,6,77.7,3.2851,1.2869,0.3159,0,-3.4208,0.9196,0.2676,0.0527,5,1,0,1,1,1,1,0.4759,vol_trail,34
539ffd96-fab8-454a-a8d9-eeacee8a655d,WLDUSDT,2026-05-06T05:24:59.999000+00:00,2,68.9,0.2131,0.7625,0.4315,5,9.8802,-0.3138,-0.9059,2.6107,4,0,1,0,1,1,1,2.9447,vol_trail,72
fc5a9952-677a-459a-a84a-a523ca591a10,WLDUSDT,2026-05-10T07:24:59.999000+00:00,8,81.5,1.4235,2.5649,0.2647,7,15.4976,0.4574,0.372,-0.2678,4,1,0,0,1,1,1,1.112,vol_trail,31
876fd725-b596-45d3-99ea-b55d3ec524e1,WLDUSDT,2026-05-12T07:24:59.999000+00:00,1,62.2,0.1903,0.8529,0.474,7,6.1532,0.9602,-1.2113,2.144,4,0,1,0,1,1,1,-1.0,stop_loss,11
d120d22c-5a78-48bc-b14e-aefc80ec8639,TONUSDT,2026-04-11T00:29:59.999000+00:00,5,75.8,4.3127,1.6451,0.2526,0,17.7776,-0.0784,0.1901,2.1491,4,1,1,1,0,0,1,-1.0,stop_loss,10
e6551a11-ad45-4b3c-8a35-60d216ce182b,TONUSDT,2026-05-04T05:19:59.999000+00:00,8,82.2,5.1526,3.7918,0.3147,5,25.1042,-0.4773,0.1227,1.5145,4,1,0,1,0,1,1,0.0491,vol_trail,18
97d78fb2-de8b-4146-bfde-5340e56dc3ff,TONUSDT,2026-05-05T00:39:59.999000+00:00,6,77.5,3.8436,15.5612,1.4871,0,46.1562,-0.4267,1.4124,0.3024,5,1,0,1,1,1,1,1.2448,vol_trail,6
0ed264f8-26a8-4171-b797-8f34dff0be0c,TONUSDT,2026-05-06T01:49:59.999000+00:00,1,65.0,0.4981,24.2735,1.6049,1,85.7078,-0.2797,-0.7601,2.2003,4,0,1,0,1,1,1,0.6529,vol_trail,48
9f636e46-c798-42a9-81ba-8c58160d18e3,TONUSDT,2026-05-07T01:44:59.999000+00:00,7,79.4,6.926,29.2047,1.6272,1,102.0782,-0.0894,1.4354,0.6583,5,1,0,1,1,1,1,0.7335,vol_trail,28
202a14e5-afb3-4fdd-9e71-487e3d82ea21,TONUSDT,2026-05-10T02:54:59.999000+00:00,7,80.6,3.6363,3.806,0.5781,2,27.2326,0.1889,0.3886,-0.0525,4,1,0,1,0,1,1,0.9735,vol_trail,12
aba43bed-7f7d-4d1e-9a50-78269ac1c975,CHZUSDT,2026-03-28T04:09:59.999000+00:00,1,66.1,3.4619,1.059,0.4397,4,12.2802,-0.3269,-0.6885,-0.8307,4,0,0,1,1,1,1,-1.0,stop_loss,12
3cf3b60d-e2f5-4932-9ca6-b2c948820d60,CHZUSDT,2026-04-13T05:59:59.999000+00:00,1,61.0,-0.1502,0.1022,0.3667,5,-1.4081,0.5798,-1.2128,2.1186,4,0,1,0,1,1,1,0.3935,vol_trail,21
fd9688c4-c2ed-4c77-90a2-9f912110b03e,CHZUSDT,2026-04-20T00:59:59.999000+00:00,6,78.4,4.8096,1.0061,0.6087,0,10.4474,-0.3302,0.1908,0.4263,4,1,0,1,0,1,1,1.3922,vol_trail,28
27bf98e0-687d-46ed-a6e3-84d8e2f88fa5,CHZUSDT,2026-04-22T02:54:59.999000+00:00,1,57.9,0.0864,0.2489,0.4854,2,13.8231,0.0266,-1.185,2.3904,4,0,1,0,1,1,1,-1.0,stop_loss,22
da42be92-95c7-4543-bff0-469637d54b75,CHZUSDT,2026-05-15T00:14:59.999000+00:00,8,81.1,4.2659,1.3443,0.4047,0,-0.022,0.4342,0.3371,-0.8034,5,1,0,1,1,1,1,-1.0,stop_loss,4
0ab22e6c-a125-4f1b-ad64-a79ba23ba685,QNTUSDT,2026-02-06T04:19:59.999000+00:00,1,62.3,-0.7365,0.9195,0.5492,4,-3.3539,0.1112,-1.0864,2.6142,4,0,1,0,1,1,1,3.4723,vol_trail,29
2c5e877f-b8a7-4589-ab47-979f9ea3e6cd,QNTUSDT,2026-03-19T03:14:59.999000+00:00,8,80.8,4.3867,1.8134,0.677,3,10.9384,0.0012,1.0,0.3859,5,1,0,1,1,1,1,0.1167,vol_trail,18
5a62cab7-1543-4a4a-9b34-772a681b2442,QNTUSDT,2026-05-14T06:14:59.999000+00:00,1,55.6,3.5633,1.001,0.4566,6,6.7667,-0.379,-0.6906,-0.47,4,0,0,1,1,1,1,1.887,vol_trail,40
c54288ef-01ef-49d9-a05c-da10c0eb6d32,QNTUSDT,2026-05-15T01:14:59.999000+00:00,6,77.7,1.573,0.7101,0.3737,1,4.6502,0.5289,0.0253,1.1639,4,1,0,0,1,1,1,-1.0,stop_loss,12
b6a95437-5d82-43bf-a1ef-6b861fce4a40,NMRUSDT,2026-01-31T01:09:59.999000+00:00,1,57.9,-0.7386,2.4299,0.4585,1,1.9029,0.841,-1.0418,2.4079,4,0,1,0,1,1,1,-1.0,stop_loss,12
6682ac20-206f-45b2-9dc8-c886cb262c2c,NMRUSDT,2026-02-02T07:19:59.999000+00:00,2,68.2,4.9276,0.3733,1.1021,7,3.4409,-0.6069,0.6734,1.0311,5,1,0,1,1,1,1,0.4793,vol_trail,20
ce912e6e-4e11-472f-91d2-945192ac4ef2,NMRUSDT,2026-02-06T04:19:59.999000+00:00,6,78.5,-0.2846,0.3902,0.7989,4,4.5054,0.8956,0.9476,1.3682,4,1,0,0,1,1,1,1.401,vol_trail,27
75555b48-cef3-4a7f-a6ff-b86bdfde4c00,NMRUSDT,2026-04-02T06:59:59.999000+00:00,1,62.6,3.0852,5.7176,0.7931,6,15.394,0.1057,0.4368,1.4782,4,1,0,1,0,1,1,0.0636,vol_trail,15
a83d4fd9-2712-4b92-87e9-7a5e5fe96b97,NMRUSDT,2026-04-07T05:19:59.999000+00:00,1,64.0,-0.5376,0.4337,0.4988,5,7.2922,-0.3528,-1.274,2.1462,4,0,1,0,1,1,1,-1.0,stop_loss,9
65c63648-d94c-4167-809d-dc649a8e9a64,NMRUSDT,2026-04-13T04:19:59.999000+00:00,5,76.7,-0.0229,0.1226,0.282,4,4.6269,0.4742,0.3282,0.411,4,1,0,0,1,1,1,-1.0,stop_loss,5
2012ec9d-eedb-459f-8377-6c45721ab365,NMRUSDT,2026-05-16T03:49:59.999000+00:00,1,56.7,-0.7936,6.0522,0.4811,3,8.3051,-0.4168,-1.4678,2.5724,4,0,1,0,1,1,1,-1.0,stop_loss,19
7b4667f0-70c6-4186-a0f5-506f9c0f08ff,UNIUSDT,2026-02-13T01:49:59.999000+00:00,1,59.2,-0.3105,0.2262,0.4402,1,-1.9913,-0.5242,0.1528,2.177,5,1,1,0,1,1,1,0.4317,vol_trail,71
5987ca55-fb47-4b75-b614-9e6b92781583,UNIUSDT,2026-04-29T03:19:59.999000+00:00,8,80.9,1.0192,1.1512,0.1644,3,-1.8462,0.9843,0.0307,1.0767,4,1,0,0,1,1,1,1.8827,vol_trail,21
b680b3e0-2b2f-4451-9d3a-b2fba1d78b20,UNIUSDT,2026-05-10T05:24:59.999000+00:00,7,79.5,3.2056,1.3587,0.5344,5,18.9213,0.3269,0.2876,-0.0905,4,1,0,1,0,1,1,1.6962,vol_trail,7
5d379d40-5f8d-4f3c-922e-d45857cd9205,UNIUSDT,2026-05-12T07:34:59.999000+00:00,1,63.9,-0.1986,0.7936,0.2928,7,9.6445,0.9654,-0.3901,2.0647,4,0,1,0,1,1,1,-1.0,stop_loss,8
223437b9-22b9-49e8-a3b7-2b155fb6c6aa,BNBUSDT,2026-04-04T06:19:59.999000+00:00,7,80.4,4.4682,0.1199,0.0812,6,-2.5926,-0.2403,0.1184,0.8296,4,1,0,1,1,0,1,-1.0,stop_loss,15
4b9b6366-c79a-4f6a-b33b-504cae28dc28,BNBUSDT,2026-05-04T02:44:59.999000+00:00,2,67.7,4.5292,1.0693,0.2565,2,0.8743,-0.1024,0.1519,0.4302,4,1,0,1,1,0,1,0.7616,vol_trail,17
f82959f6-2b9b-4afb-ad80-ebf5fc3e1ea8,BNBUSDT,2026-05-06T07:44:59.999000+00:00,7,79.4,4.2274,2.3466,0.1234,7,5.2621,-0.8803,0.1033,1.3059,4,1,0,1,1,0,1,0.8919,vol_trail,10
b7a02091-5dab-4cc1-99e6-9c4972f6dc16,BNBUSDT,2026-05-14T00:39:59.999000+00:00,2,68.7,3.1836,0.5162,0.1498,0,4.4118,-0.4054,0.1316,0.5888,4,1,0,1,1,0,1,-1.0,stop_loss,3
36b98cd1-300a-44d6-bf55-17788dc2bd34,1000LUNCUSDT,2026-02-01T01:29:59.999000+00:00,1,62.1,-0.3674,1.1294,0.4111,1,-2.8421,0.4018,-0.578,2.365,4,0,1,0,1,1,1,2.0727,vol_trail,31
82dd0dc2-07cf-4c4f-926a-aba5b07462c2,1000LUNCUSDT,2026-02-02T04:44:59.999000+00:00,2,68.4,3.4215,0.2821,1.0786,4,-2.374,0.7412,0.1042,1.939,4,1,0,1,0,1,1,-1.0,stop_loss,4
7e5b6683-d0af-4041-a248-170838f247be,1000LUNCUSDT,2026-02-27T01:34:59.999000+00:00,8,81.0,3.6799,3.6599,0.9077,1,21.5758,-0.1742,1.8716,0.9329,5,1,0,1,1,1,1,1.9956,vol_trail,11
4aaefda2-60ac-4db1-8f01-589ac8f3c0f6,1000LUNCUSDT,2026-03-02T02:24:59.999000+00:00,5,76.1,1.1449,0.485,0.4891,2,15.3364,-0.3171,-1.6491,2.0719,4,0,1,0,1,1,1,0.3456,vol_trail,19
cc5888b7-8088-4ff9-8ca2-2c97c4d41297,1000LUNCUSDT,2026-04-26T07:19:59.999000+00:00,2,67.2,0.5215,1.4989,0.3546,7,37.759,-0.7579,-1.1311,2.0404,4,0,1,0,1,1,1,0.3922,vol_trail,50
a0aa3091-22aa-40fb-95b9-dc1171c4a106,1000LUNCUSDT,2026-04-30T04:19:59.999000+00:00,1,59.0,-0.7984,1.777,0.7541,4,43.7257,-0.1844,-1.842,2.1872,4,0,1,0,1,1,1,-1.0,stop_loss,4
6049ce04-52ab-48e3-9ef2-73f1792d4b65,ZECUSDT,2026-02-14T07:04:59.999000+00:00,1,61.9,0.6215,1.7203,0.548,7,34.6503,-0.7573,-1.3037,2.1692,4,0,1,0,1,1,1,0.1106,vol_trail,25
784fe4af-263f-4925-906c-182143d669e5,ZECUSDT,2026-03-16T03:24:59.999000+00:00,2,68.7,0.3604,1.5878,0.47,3,30.1684,-0.6666,-1.3834,2.0115,4,0,1,0,1,1,1,0.5207,vol_trail,2
f8551a0f-edf0-42fe-ae2a-44e2df0bee99,ZECUSDT,2026-03-18T05:09:59.999000+00:00,1,63.2,0.5342,0.7272,0.4468,5,19.408,0.4166,-1.0341,2.0161,4,0,1,0,1,1,1,-1.0,stop_loss,9
278978d9-4e68-4aed-9cf8-06365cb62c6f,ZECUSDT,2026-04-07T04:24:59.999000+00:00,9,83.2,2.0752,1.5044,0.4307,4,33.0535,-0.7316,-0.1794,2.3587,4,0,1,0,1,1,1,0.0875,vol_trail,1
ae3e8467-14ca-461e-b139-b71e0548a1c5,ZECUSDT,2026-04-08T06:14:59.999000+00:00,1,65.2,-0.4775,1.057,0.5236,6,37.9578,-0.2379,-1.5091,2.4841,4,0,1,0,1,1,1,0.626,vol_trail,30
2c85f29b-d1ed-4816-bc2b-d031bd9cd30b,ZECUSDT,2026-04-09T00:14:59.999000+00:00,2,70.4,0.7231,0.9853,0.5061,0,45.9716,-0.0745,-0.5033,2.1999,4,0,1,0,1,1,1,-1.0,stop_loss,6
565aaecd-2d64-4f78-871e-53f8bbd193c6,ZECUSDT,2026-04-14T07:29:59.999000+00:00,1,56.8,-0.6361,1.0817,0.4614,7,-3.4296,0.807,-0.7493,2.0729,4,0,1,0,1,1,1,1.5387,vol_trail,36
4b50c915-cbdf-4393-95cf-d67915ebd95a,ZECUSDT,2026-05-03T03:54:59.999000+00:00,1,61.3,-0.0379,1.404,0.3336,3,22.8528,-0.7633,-1.5557,2.5686,4,0,1,0,1,1,1,0.1534,vol_trail,36
fd0ef8df-9a7f-4786-ab01-143462fa0dad,ZECUSDT,2026-05-04T06:54:59.999000+00:00,2,69.7,0.0306,1.1718,0.4365,6,29.0458,-0.533,-1.9604,2.4338,4,0,1,0,1,1,1,-1.0,stop_loss,6
d376e6b4-0827-4e74-b7cb-81a105a41f3a,1000PEPEUSDT,2026-04-19T06:44:59.999000+00:00,8,81.3,2.6205,1.0946,0.3306,6,2.3455,0.7154,0.1845,0.4743,4,1,0,0,1,1,1,-1.0,stop_loss,6
3ed38cff-41c6-449a-8630-f281dd51ab03,1000PEPEUSDT,2026-04-29T04:34:59.999000+00:00,5,76.5,5.7446,1.565,0.2725,4,-0.2718,0.3607,0.2833,1.0327,5,1,0,1,1,1,1,0.0395,vol_trail,14
2f0f6684-4ede-40b8-aada-18f1c01ac3ed,1000PEPEUSDT,2026-04-30T00:54:59.999000+00:00,6,77.5,0.5412,0.1829,0.3742,0,0.621,0.627,0.2737,0.5739,4,1,0,0,1,1,1,-1.0,stop_loss,20
0ae904c9-7a68-4682-ad15-a3fcafa614eb,ETHUSDT,2026-04-22T02:29:59.999000+00:00,8,82.0,1.5282,1.1972,0.3135,2,-1.8456,-0.6504,0.0459,1.3728,4,1,0,0,1,1,1,0.1922,vol_trail,14
eeb33fd6-65b7-4a89-a8f8-e5e5cec4f7ca,ETHUSDT,2026-04-29T03:19:59.999000+00:00,5,77.0,3.3947,1.5028,0.1298,3,-2.695,0.1814,0.0927,1.0162,5,1,0,1,1,1,1,0.3646,vol_trail,4
7e928437-38b4-4ae4-adf7-23976bad77e4,ETHUSDT,2026-04-30T05:34:59.999000+00:00,2,70.4,0.7768,0.2454,0.1917,5,-2.6624,0.0064,-1.508,2.2988,4,0,1,0,1,1,1,1.5207,vol_trail,56
1d7a8a19-6bfc-43fc-bc5a-d6cb5d089241,ETHUSDT,2026-05-04T01:59:59.999000+00:00,6,77.8,4.0238,1.3186,0.3295,1,4.2012,-0.3835,-0.266,0.7257,4,0,0,1,1,1,1,1.344,vol_trail,20
06dfae16-1f59-4aa4-a5dd-e5e9bf7febfe,FILUSDT,2026-03-01T02:04:59.999000+00:00,9,83.5,3.4876,0.6857,0.6727,2,9.795,0.6834,0.5859,0.5582,5,1,0,1,1,1,1,-1.0,stop_loss,11
dcdabcb7-15c4-48bf-896f-26cbc5371526,FILUSDT,2026-04-18T06:44:59.999000+00:00,6,77.3,1.1791,1.2933,0.324,6,2.3939,0.9934,0.4049,0.944,4,1,0,0,1,1,1,-1.0,stop_loss,19
7af36b16-507d-4bb3-8da1-8eff49c7b479,FILUSDT,2026-04-29T03:39:59.999000+00:00,9,84.2,8.1893,2.2865,0.3292,3,-2.5559,0.9466,0.2148,0.6693,5,1,0,1,1,1,1,0.8372,vol_trail,11
2e235423-e2f6-4d3f-94e4-dc931a07817a,FILUSDT,2026-04-30T01:54:59.999000+00:00,5,75.5,0.8078,0.117,0.4512,1,-1.6026,0.5513,0.5382,0.7842,4,1,0,0,1,1,1,-1.0,stop_loss,8
3658e33a-756e-43fe-8bcb-674d1e6fc04c,FILUSDT,2026-05-06T03:29:59.999000+00:00,1,59.0,3.3996,3.5252,1.2993,3,21.3508,0.2827,0.4686,-0.3286,5,1,0,1,1,1,1,0.7733,vol_trail,19
e3d57ffd-2a36-420d-8afe-5914d6d12af7,FILUSDT,2026-05-07T07:59:59.999000+00:00,1,60.3,0.1112,2.1199,0.6666,7,17.8112,0.0413,-1.7086,2.0758,4,0,1,0,1,1,1,0.2078,vol_trail,58
8e0a3499-5651-4360-ba98-6f77e9a68f81,FILUSDT,2026-05-08T00:04:59.999000+00:00,7,79.4,5.0538,4.2284,0.6166,0,39.3709,-0.5711,-1.626,-0.5667,4,0,0,1,1,1,1,0.2745,vol_trail,24
0a534341-5de3-4836-bd0c-f72b9a36336f,LDOUSDT,2026-03-01T07:39:59.999000+00:00,1,63.8,0.0971,0.2654,0.364,7,0.1671,-0.0443,-1.6703,2.1771,4,0,1,0,1,1,1,-1.0,stop_loss,11
147632f8-af51-4ea7-8669-bb3c9f460354,LDOUSDT,2026-03-13T00:34:59.999000+00:00,7,79.8,2.9065,1.0373,0.5102,0,6.6857,-0.2687,0.2278,0.1177,4,1,0,0,1,1,1,-1.0,stop_loss,3
c42199e7-5784-4581-858a-b04a0359145a,LDOUSDT,2026-03-29T05:54:59.999000+00:00,2,69.8,3.1036,0.4018,0.2946,5,2.137,0.515,-1.3141,0.8256,4,0,0,1,1,1,1,-1.0,stop_loss,14
8a620c36-f6af-4ea1-8a2a-5f58764bbf2c,LDOUSDT,2026-04-15T00:09:59.999000+00:00,5,75.6,-0.1052,0.8162,0.3717,0,13.0813,-0.7281,0.2268,1.4285,4,1,0,0,1,1,1,-1.0,stop_loss,29
7021689b-e683-4961-adeb-3dd7ec87f231,LDOUSDT,2026-04-27T01:29:59.999000+00:00,9,82.9,0.1897,4.3048,0.9287,1,8.0952,0.7394,0.5966,1.5318,4,1,0,0,1,1,1,-1.0,stop_loss,8
fd0a6fe7-d366-4dd6-a224-a71d0f383445,SEIUSDT,2026-04-01T06:09:59.999000+00:00,7,79.9,1.6796,0.7116,0.7325,6,-1.078,-0.1888,1.1693,0.173,4,1,0,0,1,1,1,1.0562,vol_trail,22
7bfeabef-fde1-4a41-b8d3-d0810c8390be,SEIUSDT,2026-04-04T04:19:59.999000+00:00,7,79.4,4.2218,0.2171,0.1923,4,5.3606,0.9275,0.0916,0.9644,4,1,0,1,1,0,1,0.2844,vol_trail,7
3e51188e-9cc3-44b5-b654-3bd395864bea,SEIUSDT,2026-04-13T06:04:59.999000+00:00,8,81.3,3.6933,0.4287,0.2687,6,2.8978,-0.2732,0.6465,0.5906,5,1,0,1,1,1,1,-1.0,stop_loss,14
98d0ffbb-fa83-4b63-b413-c8cbfd7cf3b7,SEIUSDT,2026-05-11T06:29:59.999000+00:00,1,64.2,3.8605,1.3085,0.7786,6,23.471,0.4238,-1.3044,-0.4978,4,0,0,1,1,1,1,-1.0,stop_loss,7
d34ff9e9-9283-4383-8274-9f61b8912ee6,1000BONKUSDT,2026-02-16T04:54:59.999000+00:00,5,76.2,1.6405,0.1092,0.3,4,12.0123,0.8312,0.3778,0.8336,4,1,0,0,1,1,1,-1.0,stop_loss,4
e7aa971f-d8ec-411e-840b-eaa9c88296a4,1000BONKUSDT,2026-03-01T01:34:59.999000+00:00,1,64.8,-0.514,0.493,0.3884,1,1.676,0.218,-1.9095,2.2761,4,0,1,0,1,1,1,2.9407,vol_trail,6
c8891d6a-8f7d-46d4-9456-8cd007c10823,1000BONKUSDT,2026-05-06T05:04:59.999000+00:00,7,79.0,5.9255,1.5812,0.4305,5,9.3042,0.2182,-0.511,1.0818,4,0,0,1,1,1,1,2.781,vol_trail,25
95b37d44-5a2e-40a7-a61d-4723ca72673b,1000BONKUSDT,2026-05-07T01:29:59.999000+00:00,2,69.5,3.3311,0.1449,0.4338,1,7.6642,0.6707,-1.2319,0.2922,4,0,0,1,1,1,1,-1.0,stop_loss,13
1be0efbb-1105-4b94-a0b9-f14f047ba116,ENAUSDT,2026-03-26T01:19:59.999000+00:00,2,67.1,3.0128,1.153,0.7407,1,-2.4242,0.5665,0.3717,0.5667,4,1,0,1,0,1,1,-1.0,stop_loss,25
7f28401a-6de3-455a-9cd4-8c9beed64bd0,ENAUSDT,2026-03-28T03:59:59.999000+00:00,1,60.4,-0.553,0.3068,0.3123,3,-3.4152,0.7596,-0.6682,3.1987,4,0,1,0,1,1,1,-1.0,stop_loss,2
68bc0332-793e-4e7f-9b96-ac586faea1f5,ENAUSDT,2026-04-16T01:34:59.999000+00:00,1,57.1,-0.6192,1.6156,0.3485,1,18.2083,-0.8899,-1.6263,2.0804,4,0,1,0,1,1,1,4.443,vol_trail,85
b024a0d3-6ef4-477a-ac70-3687e7451cd0,ENAUSDT,2026-04-20T01:54:59.999000+00:00,1,66.3,-0.1225,0.1702,0.3705,1,12.7908,0.4155,-0.5407,2.5498,4,0,1,0,1,1,1,-1.0,stop_loss,38
756ef70b-ca64-4eb9-93e9-e40dd81c8bf5,ENAUSDT,2026-04-29T01:44:59.999000+00:00,1,63.0,-0.5142,1.3142,0.239,1,-4.3198,0.9686,-0.5236,2.0034,4,0,1,0,1,1,1,2.8506,vol_trail,40
6fbcbf14-5976-4568-85a0-91850755e38d,ENAUSDT,2026-05-08T03:54:59.999000+00:00,1,57.7,-0.0711,0.6062,0.479,3,31.1038,-0.6078,-0.1995,2.1634,4,0,1,0,1,1,1,-1.0,stop_loss,11
