trade_uuid,symbol,entry_time,decile,aggression,vol_z,cascade_strength,atr_pct,hour,ret_5d,liq_imb,breakout_distance_pct,imb_z,n_confirmations,conf_breakout,conf_imb,conf_vol,conf_body,conf_impulse,conf_momentum,pnl_r,exit_reason,bars_held,exit_r_full,exit_r_scale,scaled_at_b3
7ffaa550-c26f-488e-a3bb-66f78e027b60,1000LUNCUSDT,2026-02-01T17:54:59.999000+00:00,7,79.6,3.6896,1.1294,1.113,17,-2.8421,0.4018,0.9158,1.2729,5,1,0,1,1,1,1,0.3138,vol_trail,9,0.3138,-0.2538349999999999,True
1d066b12-3a39-4978-9085-b4f36d1af789,1000LUNCUSDT,2026-02-02T15:14:59.999000+00:00,1,56.6,-0.1302,0.2821,0.6772,15,-2.374,0.7412,-1.1974,2.122,4,0,1,0,1,1,1,0.225,vol_trail,27,0.225,0.007955,False
cf074882-d10c-45da-b2b5-08c26bb21d3d,NMRUSDT,2026-02-02T21:59:59.999000+00:00,1,53.3,-0.0012,0.3733,0.711,21,3.4409,-0.6069,-1.7616,2.1796,4,0,1,0,1,1,1,-1.0,stop_loss,21,-1.0,-0.0902775,False
a62acec5-5223-4cc7-b34e-d6bc03978d9c,WLDUSDT,2026-02-06T21:19:59.999000+00:00,1,57.6,-0.5053,0.5442,0.6099,21,3.3955,0.3366,-1.8357,2.798,4,0,1,0,1,1,1,-1.0,stop_loss,38,-1.0,-0.0282425,False
7f88b00f-e134-4b9a-b1aa-65ae51abbd9c,QNTUSDT,2026-02-07T18:29:59.999000+00:00,1,61.2,-0.0953,0.2347,0.4316,18,-4.0059,0.4366,-0.5113,2.5175,4,0,1,0,1,1,1,0.3557,vol_trail,46,0.3557,0.11523,True
7afd0078-b13f-45ce-8bd9-3626a2117655,BNBUSDT,2026-02-13T14:29:59.999000+00:00,2,68.6,3.9489,0.3344,0.3384,14,-3.2617,-0.3621,-0.7971,-0.6278,4,0,0,1,1,1,1,3.0652,vol_trail,46,3.0652,2.202145,True
c6e7ba09-3f07-49dd-aaa2-d0d51dfc57da,UNIUSDT,2026-02-13T14:34:59.999000+00:00,7,79.4,6.184,0.2262,0.6066,14,-1.9913,-0.5242,0.7969,0.5848,5,1,0,1,1,1,1,0.7097,vol_trail,37,0.7097,0.0241375,False
8f0ade98-4c31-4940-baf0-f5f682a364f3,UNIUSDT,2026-02-13T21:09:59.999000+00:00,1,62.8,-0.6325,0.2262,0.2696,21,-1.9913,-0.5242,-1.4028,2.1923,4,0,1,0,1,1,1,-1.0,stop_loss,5,-1.0,-0.29077,False
a6f5233f-30c6-455e-ae8a-f005781b8a80,TAOUSDT,2026-02-14T16:59:59.999000+00:00,2,67.9,-0.0335,2.0487,0.5532,16,19.8743,0.1549,-1.5692,2.4163,4,0,1,0,1,1,1,-1.0,stop_loss,6,-1.0,-0.3104925,False
3bc10d9c-3517-44d5-a047-78e965ecf97d,ZECUSDT,2026-02-14T21:14:59.999000+00:00,7,80.1,5.1902,1.7203,1.0406,21,34.6503,-0.7573,2.7539,0.9015,5,1,0,1,1,1,1,-1.0,stop_loss,41,-1.0,-0.1610775,False
d96dd27e-2129-4231-a969-fec0cacf5b54,XRPUSDT,2026-02-17T16:04:59.999000+00:00,5,75.8,4.0593,0.4051,0.5956,16,8.1089,0.5485,1.0256,0.7942,5,1,0,1,1,1,1,0.0013,vol_trail,20,0.0013,0.070455,False
43f30624-b9a6-47d4-8c1d-20edff5e71d4,DOTUSDT,2026-02-23T21:14:59.999000+00:00,1,55.8,-0.8179,1.0062,0.3543,21,-3.5115,0.8997,-0.936,2.8379,4,0,1,0,1,1,1,-1.0,stop_loss,49,-1.0,0.0666675,False
c27d2496-1890-4b21-8c8c-c223b326f9dc,ARBUSDT,2026-02-25T14:49:59.999000+00:00,9,84.2,2.6714,0.9905,0.5795,14,3.9216,-0.2348,1.0246,0.7536,4,1,0,0,1,1,1,0.015,vol_trail,4,0.015,0.035,False
3a00b629-035f-4bf6-ae71-936576ea0691,APTUSDT,2026-02-25T15:04:59.999000+00:00,1,64.2,3.5574,1.7658,0.66,15,13.779,-0.4616,0.293,-0.0936,4,1,0,1,0,1,1,4.067,vol_trail,35,4.067,2.617465,True
27765afa-3911-46c8-9b3f-42606a993b5a,DOTUSDT,2026-02-25T17:49:59.999000+00:00,6,77.5,1.1281,3.7964,0.877,17,24.0299,-0.7379,0.9634,0.8365,4,1,0,0,1,1,1,0.5181,vol_trail,24,0.5181,0.007255,False
4068e80f-6be6-4051-8fef-f015b245cce4,ARBUSDT,2026-02-25T19:59:59.999000+00:00,5,76.0,1.1259,0.9905,0.4721,19,3.9216,-0.2348,0.578,1.3182,4,1,0,0,1,1,1,0.8812,vol_trail,20,0.8812,0.16232,False
2fe9aa91-41fe-4343-8a74-fd68874097fb,APTUSDT,2026-02-26T15:29:59.999000+00:00,2,70.1,3.2342,0.8781,0.6706,15,9.0159,0.7657,0.1032,1.1357,4,1,0,1,0,1,1,0.036,vol_trail,4,0.036,-0.52931,True
11dbaedd-a34d-4b0a-8870-96368c5f4399,DOTUSDT,2026-02-26T15:44:59.999000+00:00,5,75.5,3.7346,1.6009,0.9908,15,18.4967,0.3083,-1.3982,0.9904,4,0,0,1,1,1,1,-1.0,stop_loss,5,-1.0,-0.24889,False
17c93cca-0c95-4be3-9247-02fdd260df3e,ENAUSDT,2026-02-28T15:04:59.999000+00:00,1,56.0,1.2034,1.4981,0.771,15,5.7927,0.6829,-1.6032,2.0918,4,0,1,0,1,1,1,0.0151,vol_trail,29,0.0151,0.0,False
36ff2f0d-cdd8-4150-a132-d8ee3b29354e,XLMUSDT,2026-02-28T15:24:59.999000+00:00,1,54.5,-0.2054,1.4277,0.4799,15,5.0198,0.8408,-1.2667,3.0169,4,0,1,0,1,1,1,0.0154,vol_trail,24,0.0154,0.03084,True
7a2d7c88-8014-4d15-9305-bcd698841a44,1000LUNCUSDT,2026-02-28T18:49:59.999000+00:00,2,68.7,-0.2321,1.9206,0.5876,18,30.046,0.1461,0.0724,2.1819,4,1,1,0,0,1,1,1.2411,vol_trail,2,1.2411,0.6322575,False
729901f2-9dfc-4916-8768-04a50d90da7f,FILUSDT,2026-02-28T18:54:59.999000+00:00,5,76.7,1.3628,1.0373,0.5811,18,12.9213,0.7178,0.6218,0.4786,4,1,0,0,1,1,1,0.4354,vol_trail,9,0.4354,0.3189875,False
9595ccf6-70d2-4ed1-be82-14c84566d848,XRPUSDT,2026-02-28T19:34:59.999000+00:00,8,82.4,1.5371,1.1381,0.4523,19,1.7762,0.0488,0.2744,0.5618,4,1,0,0,1,1,1,0.9308,vol_trail,19,0.9308,0.590155,True
c802740e-78a8-4045-bef5-fbd5033030ec,ARBUSDT,2026-02-28T19:39:59.999000+00:00,5,76.6,2.063,0.9893,0.7912,19,6.4103,0.6008,1.1411,0.2958,4,1,0,0,1,1,1,0.0593,vol_trail,18,0.0593,0.03889,False
98f72fcf-ad0f-4458-80fd-8c77e3728184,ARBUSDT,2026-03-02T14:44:59.999000+00:00,7,79.2,6.4303,0.2819,0.7129,14,1.0924,-0.6292,0.6763,-0.1089,5,1,0,1,1,1,1,0.9327,vol_trail,10,0.9327,0.3226,True
383e06d5-c2bd-486b-a938-9b115764e4da,XRPUSDT,2026-03-02T14:44:59.999000+00:00,7,79.7,3.938,0.5448,0.4132,14,-3.0631,-0.1688,0.4635,0.3546,5,1,0,1,1,1,1,2.5539,vol_trail,30,2.5539,1.6779549999999999,True
a0c73103-544d-4fc9-b35a-09db30375030,NEARUSDT,2026-03-02T15:09:59.999000+00:00,6,77.9,5.8405,2.2123,1.2592,15,15.6863,-0.6528,1.0753,1.0025,5,1,0,1,1,1,1,-1.0,stop_loss,6,-1.0,-0.2172425,False
516105fc-477b-475d-b9e3-d78be7d9c214,XLMUSDT,2026-03-02T15:09:59.999000+00:00,2,69.4,4.1826,0.3453,0.6001,15,-4.3104,-0.3269,0.482,-0.2419,5,1,0,1,1,1,1,0.3017,vol_trail,25,0.3017,-0.17131999999999994,True
17f848ac-c644-41ca-a5f8-8f5b1204d91e,ENAUSDT,2026-03-02T15:14:59.999000+00:00,1,66.8,3.4927,0.587,0.8127,15,4.1171,-0.6601,0.1854,-0.5466,5,1,0,1,1,1,1,3.2,vol_trail,74,3.2,0.136585,False
9f087ec1-3f5c-469a-8082-c39f504863dd,SOLUSDT,2026-03-03T16:09:59.999000+00:00,2,70.2,3.2998,1.1437,0.7003,16,1.2346,-0.5156,1.0185,1.4905,5,1,0,1,1,1,1,-1.0,stop_loss,7,-1.0,-1.0578,True
1f529a5d-daf4-4f51-b51c-df55118e0f21,RENDERUSDT,2026-03-13T21:04:59.999000+00:00,5,76.0,-0.5272,1.059,0.4767,21,32.7165,-0.4599,0.1078,2.4187,5,1,1,0,1,1,1,-1.0,stop_loss,5,-1.0,-0.81774,True
74d1e039-9113-4f90-81a3-08f0074f16d1,TAOUSDT,2026-03-15T14:09:59.999000+00:00,8,82.2,4.9771,2.1257,0.7997,14,41.6667,-0.4907,-0.0447,0.1577,4,0,0,1,1,1,1,0.5419,vol_trail,26,0.5419,0.196605,False
29a92736-52fe-4eee-94d0-bc6c6820cd9c,FETUSDT,2026-03-15T21:34:59.999000+00:00,1,56.5,-0.7272,0.7707,0.6191,21,27.3493,-0.4256,-0.247,2.4346,4,0,1,0,1,1,1,-1.0,stop_loss,7,-1.0,-0.344,False
3907dd77-60da-4b00-8ab5-feeb272259a0,ZECUSDT,2026-03-16T17:04:59.999000+00:00,6,77.2,1.8933,1.5878,0.7115,17,30.1684,-0.6666,0.6876,0.4758,4,1,0,0,1,1,1,3.2739,vol_trail,16,3.2739,2.092205,True
d6ddac3b-1ccf-4a89-ac27-5fa596163cab,NEARUSDT,2026-03-16T21:04:59.999000+00:00,7,80.7,2.0652,1.1121,0.4597,21,14.792,-0.2451,0.7509,0.377,4,1,0,0,1,1,1,0.64,vol_trail,45,0.64,0.04421,False
a50b1e85-cf39-40f0-91f4-5c54c443048e,TAOUSDT,2026-03-17T16:54:59.999000+00:00,1,56.9,-0.767,0.4137,0.5329,16,26.7457,0.0182,-1.3662,2.0168,4,0,1,0,1,1,1,1.251,vol_trail,20,1.251,0.8192449999999999,True
63ea0591-5112-4d9f-a18d-88cdd0aba706,ZECUSDT,2026-03-17T17:59:59.999000+00:00,6,77.4,4.0382,1.0426,0.6174,17,30.8283,-0.2492,0.2952,0.6495,4,1,0,1,0,1,1,0.2618,vol_trail,1,0.2618,0.30407,False
3ebdce32-d43a-4f66-b710-cb6977af458d,TAOUSDT,2026-03-20T21:34:59.999000+00:00,5,75.6,2.2098,2.164,0.8071,21,-4.6698,-0.1466,-1.6689,2.5605,4,0,1,0,1,1,1,0.016,vol_trail,19,0.016,0.02668,False
12a1cfd5-f7ad-41b2-abc9-896941662a78,FETUSDT,2026-03-20T21:54:59.999000+00:00,5,76.3,1.9891,1.0941,0.6511,21,14.8601,-0.3281,0.6233,1.3179,4,1,0,0,1,1,1,0.1515,vol_trail,1,0.1515,0.237865,False
c5c11a94-ab0c-404d-9e1c-9c61d826be97,TAOUSDT,2026-03-21T14:04:59.999000+00:00,9,83.9,3.1485,0.3876,0.4552,14,-4.2862,0.1655,0.633,0.8677,5,1,0,1,1,1,1,0.3868,vol_trail,7,0.3868,0.137635,True
4b736afd-e9bd-44f3-8be7-f0d8f4874e5b,TAOUSDT,2026-03-21T21:49:59.999000+00:00,1,59.3,-0.8909,0.3876,0.3923,21,-4.2862,0.1655,-0.29,2.0764,4,0,1,0,1,1,1,-1.0,stop_loss,22,-1.0,0.1880875,False
abc2106e-295b-4cc8-9214-7f0d2c62955b,TAOUSDT,2026-03-24T16:09:59.999000+00:00,1,63.3,0.756,1.2546,0.7233,16,18.9727,-0.2887,-0.5717,2.1864,4,0,1,0,1,1,1,2.9418,vol_trail,56,2.9418,2.03941,True
c2906640-4535-4a46-b790-bb810c7536ee,APTUSDT,2026-03-24T19:39:59.999000+00:00,1,64.5,0.2991,1.7031,0.465,19,17.5509,0.132,0.2838,2.2269,5,1,1,0,1,1,1,3.3339,vol_trail,55,3.3339,0.30029,False
480b23bb-0000-431e-b5a7-f8a9bac07b90,TAOUSDT,2026-03-25T15:29:59.999000+00:00,2,68.7,0.411,1.4489,0.9289,15,28.5831,-0.2616,-1.1715,3.0214,4,0,1,0,1,1,1,-1.0,stop_loss,9,-1.0,-0.2100575,False
2b892dcb-5ef4-4107-bf65-597ce85c9067,APTUSDT,2026-03-25T16:29:59.999000+00:00,6,78.6,4.1028,0.2377,0.3919,16,6.7865,0.2766,-0.1752,-0.0693,4,0,0,1,1,1,1,-1.0,stop_loss,8,-1.0,-0.292255,False
d3bc23ed-dc03-4c3f-abba-fc374fad4d6e,ENAUSDT,2026-03-28T14:54:59.999000+00:00,1,55.7,3.1906,0.3068,0.4872,14,-3.4152,0.7596,-1.8359,-2.8763,4,0,0,1,1,1,1,1.5548,vol_trail,24,1.5548,0.940295,True
4770738e-656b-4583-b086-860b35d98dad,CHZUSDT,2026-03-28T15:24:59.999000+00:00,1,62.0,3.2871,1.059,0.8822,15,12.2802,-0.3269,0.5257,0.2466,5,1,0,1,1,1,1,-1.0,stop_loss,24,-1.0,-0.01129,False
c763e54a-51d7-4db5-9969-5740a2d43a7c,SOLUSDT,2026-04-01T16:29:59.999000+00:00,5,77.0,3.4227,0.4551,0.4194,16,-2.2763,0.4349,0.2616,0.2043,5,1,0,1,1,1,1,0.2618,vol_trail,2,0.2618,0.1838375,False
e1e9ef18-c525-4cfd-8582-393d8ae907d3,DOTUSDT,2026-04-02T14:39:59.999000+00:00,9,84.3,7.7785,1.2494,0.4614,14,-1.6706,0.9859,0.2459,0.2939,4,1,0,1,0,1,1,0.0633,vol_trail,5,0.0633,-0.20062499999999994,True
931d2691-a6e0-4778-a634-b10aa61a472b,NMRUSDT,2026-04-03T20:14:59.999000+00:00,1,61.1,-0.7475,1.0947,0.3124,20,14.4971,0.4855,-1.0713,2.03,4,0,1,0,1,1,1,0.0178,vol_trail,29,0.0178,0.0,False
d34ad843-9572-49e8-9d15-3c27ce26c216,BNBUSDT,2026-04-04T16:29:59.999000+00:00,2,69.9,3.0254,0.1199,0.0892,16,-2.5926,-0.2403,0.0439,2.1278,5,1,1,1,1,0,1,-1.0,stop_loss,7,-1.0,-0.206215,False
c34894f3-89ff-4ff5-a8e0-c55a3fb60eac,NMRUSDT,2026-04-06T16:29:59.999000+00:00,1,59.4,-0.4126,0.2128,0.2804,16,11.9395,-0.5764,-1.3128,2.5598,4,0,1,0,1,1,1,0.8553,vol_trail,31,0.8553,0.2256575,False
d20e4e3d-875d-48f3-9d5a-28ab1a428d29,NMRUSDT,2026-04-07T15:29:59.999000+00:00,1,53.0,-0.4162,0.4337,1.0502,15,7.2922,-0.3528,-1.5478,2.1099,4,0,1,0,1,1,1,1.3187,vol_trail,19,1.3187,0.107785,False
2b99671c-6fc1-4d53-a637-cc83d0ed37ad,PENDLEUSDT,2026-04-07T15:29:59.999000+00:00,1,62.4,-0.3941,0.6433,0.3768,15,-0.4894,0.0609,-0.7367,2.2685,4,0,1,0,1,1,1,0.5354,vol_trail,26,0.5354,-0.143725,False
8e4723a5-9b1d-4865-85b9-7825b72e0641,WLDUSDT,2026-04-07T18:24:59.999000+00:00,7,79.1,3.0549,0.323,0.633,18,0.8962,-0.2187,0.3161,0.6329,4,1,0,1,0,1,1,-1.0,stop_loss,7,-1.0,-0.7375550000000001,True
33857450-3252-4193-baab-f0e418e47f9d,PENDLEUSDT,2026-04-07T21:19:59.999000+00:00,1,60.2,3.2453,0.6433,0.4309,21,-0.4894,0.0609,-0.8405,-2.3487,4,0,0,1,1,1,1,4.8268,vol_trail,42,4.8268,0.336275,False
311ff335-46b7-491a-ba1b-7d29527103a8,ZECUSDT,2026-04-07T21:34:59.999000+00:00,5,76.4,3.7632,1.5044,0.9579,21,33.0535,-0.7316,0.8864,2.2771,6,1,1,1,1,1,1,1.5158,vol_trail,1,1.5158,0.3527975,False
474e96ee-3262-41a7-bd84-229c5f75ccd8,DOTUSDT,2026-04-07T21:39:59.999000+00:00,5,76.5,1.4702,1.663,0.4634,21,6.3107,-0.418,0.7171,1.7192,4,1,0,0,1,1,1,2.1854,vol_trail,12,2.1854,1.4000249999999999,True
dfb6c285-97a4-4d86-beb0-6f0fbb4ceca9,ZECUSDT,2026-04-08T18:34:59.999000+00:00,2,70.2,-0.0206,1.057,0.58,18,37.9578,-0.2379,-1.9773,2.7527,4,0,1,0,1,1,1,-1.0,stop_loss,4,-1.0,-0.28207,False
de618380-8651-4e1c-bd76-182c09b90260,DOTUSDT,2026-04-09T15:14:59.999000+00:00,7,79.4,1.5114,1.824,0.3852,15,3.6712,-0.626,0.2385,1.4548,4,1,0,0,1,1,1,0.5471,vol_trail,4,0.5471,0.32797,True
d1a0dca7-06c2-4242-bb13-87bc5a5668e7,DOTUSDT,2026-04-09T19:04:59.999000+00:00,2,67.9,1.192,1.824,0.3977,19,3.6712,-0.626,-0.0773,2.0702,4,0,1,0,1,1,1,3.3278,vol_trail,39,3.3278,2.49585,True
579fd7e2-7ba2-4098-805a-fc0abb44d06d,DASHUSDT,2026-04-10T21:54:59.999000+00:00,1,62.3,-0.2568,1.4211,0.8925,21,50.1644,-0.3149,-0.1983,2.7074,4,0,1,0,1,1,1,1.0049,vol_trail,32,1.0049,0.5310599999999999,True
f3748b8e-43ab-4437-9da1-a766f2ff5079,TONUSDT,2026-04-11T16:54:59.999000+00:00,1,62.1,-0.5817,1.6451,0.4385,16,17.7776,-0.0784,-0.4431,2.1267,4,0,1,0,1,1,1,4.7153,vol_trail,36,4.7153,3.14338,True
a7f2290b-9fa0-4604-a873-119caa54c111,DASHUSDT,2026-04-11T18:29:59.999000+00:00,5,75.5,1.2332,0.5178,0.5524,18,53.964,-0.2587,0.706,0.4944,4,1,0,0,1,1,1,-1.0,stop_loss,3,-1.0,-0.15,False
91fd1121-1e02-4158-9218-90e683f0ab0f,NMRUSDT,2026-04-11T20:44:59.999000+00:00,1,57.8,-0.3745,1.1507,0.528,20,9.2263,0.8011,-1.306,2.3367,4,0,1,0,1,1,1,-1.0,stop_loss,65,-1.0,-0.066975,False
293a959c-da6f-403a-968b-fd8f7bdb2179,TONUSDT,2026-04-12T14:24:59.999000+00:00,1,53.8,-0.4396,0.883,0.4849,14,16.1945,0.0671,-1.287,2.2559,4,0,1,0,1,1,1,-1.0,stop_loss,28,-1.0,0.085365,False
b9217039-5b2f-4f11-92de-d335ca204401,ENAUSDT,2026-04-13T14:34:59.999000+00:00,1,56.0,0.549,1.073,0.8531,14,14.6136,-0.344,-1.2911,2.0161,4,0,1,0,1,1,1,0.0065,vol_trail,7,0.0065,-0.18866,True
59a33a33-ac46-47f3-8ab4-b0c58bd541cf,RENDERUSDT,2026-04-13T15:09:59.999000+00:00,1,59.9,4.3706,0.3619,0.4845,15,-3.954,0.1825,-0.6789,-1.6385,4,0,0,1,1,1,1,-1.0,stop_loss,5,-1.0,-0.2930225,False
a7ebd546-68b6-4d39-a511-3cf4ffb328ee,CHZUSDT,2026-04-13T16:59:59.999000+00:00,9,83.0,3.4286,0.1022,0.3961,16,-1.4081,0.5798,0.082,1.1195,5,1,0,1,1,1,1,0.7172,vol_trail,8,0.7172,0.11031499999999997,True
c5bc015e-6449-4641-95ac-45d7e0de1cb5,DOTUSDT,2026-04-13T18:19:59.999000+00:00,1,54.2,-1.3207,1.031,0.46,18,-3.236,0.63,-0.4219,2.3507,4,0,1,0,1,1,1,0.4053,vol_trail,23,0.4053,-0.1105275,False
229c2ee2-8ef4-48e5-8f5a-e60495ce8cd5,ENAUSDT,2026-04-13T18:34:59.999000+00:00,8,81.9,3.0722,1.073,0.5944,18,14.6136,-0.344,-1.1057,3.0781,5,0,1,1,1,1,1,0.2766,vol_trail,8,0.2766,-0.17937,True
687878a3-8630-4f0a-9396-84a8522aacd8,CHZUSDT,2026-04-13T21:19:59.999000+00:00,1,60.9,-0.6903,0.1022,0.28,21,-1.4081,0.5798,-0.9169,2.1376,4,0,1,0,1,1,1,1.0944,vol_trail,34,1.0944,0.0583325,False
131baf43-c110-49a4-8651-f55f7ca8fefd,APTUSDT,2026-04-13T21:34:59.999000+00:00,1,62.2,-0.8323,0.3688,0.3221,21,5.0668,-0.3922,-1.2264,2.1622,4,0,1,0,1,1,1,1.9688,vol_trail,39,1.9688,0.68,False
4bcfd4d9-a21d-4463-8efd-9956e73bd9b7,ENAUSDT,2026-04-14T21:34:59.999000+00:00,2,67.1,-0.3701,0.3633,0.2863,21,6.427,0.8882,-1.2539,2.239,4,0,1,0,1,1,1,3.0984,vol_trail,61,3.0984,-0.02932,False
096d4388-5292-4547-8e32-f6768df3c9c4,ENAUSDT,2026-04-15T16:14:59.999000+00:00,1,59.1,0.2718,0.3214,0.517,16,5.0688,0.4421,-1.1005,2.2677,4,0,1,0,1,1,1,1.292,vol_trail,47,1.292,0.0631875,False
d002f657-59dd-4ddb-aee4-4b0e79d55557,WLDUSDT,2026-04-15T16:39:59.999000+00:00,2,69.1,3.2934,0.5556,0.4362,16,9.4401,-0.574,0.0664,-0.7642,5,1,0,1,1,1,1,0.3065,vol_trail,57,0.3065,-0.0076075,False
94d83773-a629-411d-97e0-0c674a4cb323,ETHUSDT,2026-04-15T17:29:59.999000+00:00,9,84.4,3.3367,0.7096,0.2726,17,5.1237,-0.5978,0.0881,1.3616,4,1,0,1,0,1,1,0.6072,vol_trail,23,0.6072,0.00156,False
2b7635fc-6a17-4c6b-9c2e-2c027451bae1,SOLUSDT,2026-04-16T18:19:59.999000+00:00,9,85.0,4.2913,1.7958,0.4179,18,4.8769,-0.644,0.3785,1.4107,5,1,0,1,1,1,1,0.6227,vol_trail,6,0.6227,0.2351575,False
f9397980-e5e3-43d0-b929-eca2a2e0861d,XLMUSDT,2026-04-16T18:19:59.999000+00:00,1,59.7,-0.1173,1.2637,0.4236,18,10.243,-0.9526,-0.2412,2.0539,4,0,1,0,1,1,1,1.1087,vol_trail,25,1.1087,0.1598375,False
35e80cdc-b6f5-4d60-9760-f404dfd1945c,ADAUSDT,2026-04-16T18:44:59.999000+00:00,6,77.2,2.3417,1.1252,0.4435,18,3.8492,-0.6283,0.3114,1.1567,4,1,0,0,1,1,1,0.52,vol_trail,17,0.52,0.18000000000000002,True
7c996ade-d1b0-44a4-afb7-6c2335d3f5e8,ENAUSDT,2026-04-16T18:44:59.999000+00:00,5,75.5,2.4747,1.6156,0.7901,18,18.2083,-0.8899,0.3892,0.7779,4,1,0,0,1,1,1,1.9154,decay,15,1.9154,1.121635,True
ed6c73b1-feea-4347-8787-6048fc8b6a7b,PENDLEUSDT,2026-04-16T18:49:59.999000+00:00,5,75.8,1.5266,1.2614,0.6649,18,13.3393,-0.5032,0.7262,1.1346,4,1,0,0,1,1,1,1.0887,vol_trail,20,1.0887,0.42417,False
65959a7d-b9d1-41dc-876b-23af30591eb9,ARBUSDT,2026-04-16T18:49:59.999000+00:00,9,82.8,0.7131,1.4132,0.6754,18,11.5052,-0.942,0.3162,1.0454,4,1,0,0,1,1,1,2.305,vol_trail,18,2.305,1.4954150000000002,True
19c4cef7-6fe8-4b4d-9010-c4e31f486fd8,DOTUSDT,2026-04-16T21:49:59.999000+00:00,1,55.3,-1.1251,1.1324,0.4334,21,3.2659,-0.6361,-1.3304,2.7052,4,0,1,0,1,1,1,-1.0,stop_loss,6,-1.0,-0.241975,False
b0dcc230-0f29-4987-aaf6-b09f01b5bd77,ENAUSDT,2026-04-17T16:39:59.999000+00:00,7,80.6,3.6446,2.2925,0.7715,16,37.124,-0.6819,0.9456,0.2462,5,1,0,1,1,1,1,2.8454,vol_trail,47,2.8454,-0.1457025,False
539c082d-b0a6-4b2b-96e0-943e87253e35,ARBUSDT,2026-04-17T19:19:59.999000+00:00,2,68.5,-0.1472,0.8557,0.4869,19,18.395,-0.3312,-1.476,2.3813,4,0,1,0,1,1,1,-1.0,stop_loss,28,-1.0,-0.015385,False
5c82eb56-6115-4872-af06-4d10275b3673,FILUSDT,2026-04-18T15:24:59.999000+00:00,1,56.6,-0.8778,1.2933,0.3054,15,2.3939,0.9934,-0.6218,2.1834,4,0,1,0,1,1,1,-1.0,stop_loss,11,-1.0,-0.10244,False
8d0292d8-301e-4320-9d24-8a9a9eb58e44,1000PEPEUSDT,2026-04-18T21:29:59.999000+00:00,7,78.9,0.6191,0.7472,0.2187,21,0.6051,0.935,-0.3013,2.403,4,0,1,0,1,1,1,-1.0,stop_loss,26,-1.0,-0.18867,False
bae8d5cc-d855-4101-bcc7-96176f5ac281,PENDLEUSDT,2026-04-18T21:39:59.999000+00:00,1,61.9,-0.5492,0.6044,0.4015,21,22.7486,0.2268,-1.0193,2.4409,4,0,1,0,1,1,1,-1.0,stop_loss,27,-1.0,0.007225,False
e03fb31d-178f-4957-9f0e-7f4b59ae2550,ETHUSDT,2026-04-20T17:19:59.999000+00:00,9,84.1,1.4233,1.1819,0.2803,17,-1.962,-0.4873,-0.2691,2.4996,4,0,1,0,1,1,1,0.0035,vol_trail,9,0.0035,0.0499825,False
c5d36aaf-eed7-48d3-9aae-266528b0f346,TONUSDT,2026-04-20T18:49:59.999000+00:00,1,56.6,-0.5411,0.2858,0.1803,18,-4.1747,-0.3269,0.0526,2.1022,4,1,1,0,1,0,1,0.044,vol_trail,8,0.044,-0.35033499999999995,True
48b06de8-6089-408f-9cb3-0044da520d35,CHZUSDT,2026-04-20T18:59:59.999000+00:00,1,65.0,3.2766,1.0061,0.8064,18,10.4474,-0.3302,-0.9512,-0.6978,4,0,0,1,1,1,1,0.3009,vol_trail,38,0.3009,-0.1349725,False
47793a6e-875d-49ec-bfb6-7400af3a8ec8,ADAUSDT,2026-04-21T20:09:59.999000+00:00,8,82.4,4.4812,0.4101,0.3939,20,-3.5907,0.7406,-1.083,0.82,4,0,0,1,1,1,1,0.1324,vol_trail,26,0.1324,0.0823525,False
79b7b52a-8a02-4148-a98b-ecf22cfbec54,RUNEUSDT,2026-04-21T21:39:59.999000+00:00,1,60.5,0.5773,1.0708,0.5239,21,9.2385,0.2889,-0.1081,2.4257,4,0,1,0,1,1,1,-1.0,stop_loss,7,-1.0,-0.2436575,False
43bab713-43ad-4340-84f8-db59cd042439,CHZUSDT,2026-04-22T18:34:59.999000+00:00,2,69.3,1.0551,0.2489,0.401,18,13.8231,0.0266,-0.5708,2.0055,4,0,1,0,1,1,1,-1.0,stop_loss,13,-1.0,-0.06894,False
3b1936d8-4434-4e05-b094-7b78575ab6ad,1000LUNCUSDT,2026-04-27T19:34:59.999000+00:00,1,66.2,-0.3012,4.6293,0.8971,19,48.7326,-0.1894,-1.225,2.1024,4,0,1,0,1,1,1,0.5245,vol_trail,29,0.5245,0.291875,True
e72296d5-0a4d-4522-9561-aa94ca773cea,WLDUSDT,2026-04-27T20:04:59.999000+00:00,1,64.0,-0.1281,1.2869,0.237,20,-3.4208,0.9196,-1.4573,2.516,4,0,1,0,1,1,1,1.7928,vol_trail,77,1.7928,0.0,False
f6c9abf1-2fee-4972-91fd-2c2b741740fd,1000LUNCUSDT,2026-04-28T17:29:59.999000+00:00,1,63.4,-0.7012,4.2104,0.6219,17,23.795,-0.0598,-1.5975,2.623,4,0,1,0,1,1,1,-1.0,stop_loss,20,-1.0,-0.91892,True
0b748cca-d3e4-4a0d-967a-72e6bac61c9d,ETHUSDT,2026-04-28T19:44:59.999000+00:00,2,67.8,0.4799,0.4056,0.1412,19,-1.742,0.2902,0.0322,2.6007,4,1,1,0,1,0,1,-1.0,stop_loss,18,-1.0,-0.9182200000000001,True
67bbd6a6-d756-4675-8efc-e4fd6c22553d,FETUSDT,2026-04-29T20:19:59.999000+00:00,1,62.4,-0.3694,1.0162,0.336,20,-4.5149,0.9377,-0.8114,2.0306,4,0,1,0,1,1,1,0.6,vol_trail,34,0.6,0.0152175,False
27058cbe-9dc6-4b5f-863f-4195ce251bed,ENAUSDT,2026-04-29T20:19:59.999000+00:00,1,66.9,-0.4221,1.3142,0.4062,20,-4.3198,0.9686,-1.0543,2.2235,4,0,1,0,1,1,1,0.1744,vol_trail,21,0.1744,-0.00954,False
17a649e3-d2e9-49df-9776-0f4a0a3400b9,SOLUSDT,2026-04-30T15:29:59.999000+00:00,2,67.1,3.9757,0.1987,0.2644,15,-3.5876,0.1999,-0.0479,0.7689,4,0,0,1,1,1,1,-1.0,stop_loss,18,-1.0,-0.1132675,False
d3aa516d-b3e5-4c72-8aae-14a8101f24c6,ZECUSDT,2026-04-30T16:44:59.999000+00:00,1,65.1,2.7589,0.6209,0.2957,16,-2.2809,-0.7148,0.0797,2.1744,5,1,1,0,1,1,1,0.4578,vol_trail,2,0.4578,0.313105,False
7d6de62a-9aee-470c-9bbe-af6f7a8eace8,ZECUSDT,2026-04-30T20:04:59.999000+00:00,1,63.1,0.6024,0.6209,0.5748,20,-2.2809,-0.7148,-0.8405,2.2535,4,0,1,0,1,1,1,0.0027,vol_trail,21,0.0027,0.1692475,False
7198831c-cff8-45eb-afe3-80fd053a7c2b,DOTUSDT,2026-05-01T14:19:59.999000+00:00,1,62.2,6.0854,0.1286,0.3877,14,-4.3685,0.7015,-0.7347,-0.7509,4,0,0,1,1,1,1,0.1636,vol_trail,18,0.1636,-0.04699500000000002,True
90cdf3e3-754e-419d-80a4-a14ec5fdd224,TAOUSDT,2026-05-01T14:59:59.999000+00:00,2,68.3,3.205,1.1358,0.5333,14,7.802,-0.9049,0.2407,1.5442,4,1,0,1,0,1,1,1.048,vol_trail,18,1.048,0.717055,True
84282bd1-29fc-4eba-ac33-809629ed9380,ZECUSDT,2026-05-01T15:39:59.999000+00:00,5,76.0,5.1896,1.7227,0.5204,15,8.4075,-0.7791,0.5144,1.0227,5,1,0,1,1,1,1,0.2055,vol_trail,5,0.2055,0.126295,False
230a3011-c797-48c3-8d1e-9a6796215148,PENDLEUSDT,2026-05-01T16:54:59.999000+00:00,1,54.4,-0.7689,4.5777,0.8608,16,17.8165,-0.3465,-1.291,2.0036,4,0,1,0,1,1,1,-1.0,stop_loss,3,-1.0,-0.357225,False
97d84b1b-1865-438c-a8e9-a8e73970c90f,FILUSDT,2026-05-01T19:14:59.999000+00:00,1,56.8,-0.66,0.2604,0.2762,19,-2.5478,0.6556,-0.4278,2.5554,4,0,1,0,1,1,1,-1.0,stop_loss,8,-1.0,-0.2333325,False
3803df0c-9c22-49a0-a035-c2e3a2dc596a,ZECUSDT,2026-05-02T16:54:59.999000+00:00,6,78.0,1.8431,0.5062,0.2619,16,9.1677,-0.5069,0.1971,2.1513,5,1,1,0,1,1,1,0.449,vol_trail,7,0.449,0.271775,True
c229d4e5-cc43-4eb7-882c-829ede959112,TAOUSDT,2026-05-02T20:29:59.999000+00:00,1,58.3,4.2862,0.9882,0.5213,20,15.6815,-0.9734,-0.8493,-0.2334,4,0,0,1,1,1,1,-1.0,stop_loss,11,-1.0,-0.751325,True
cb11d694-e764-4aab-8516-3b780491aeaf,ETHUSDT,2026-05-04T14:54:59.999000+00:00,7,79.2,2.2409,1.3186,0.3603,14,4.2012,-0.3835,0.2362,0.0921,4,1,0,0,1,1,1,-1.0,stop_loss,5,-1.0,-0.3569775,False
f93cf340-bea4-4561-9e9a-bcb112c2a5be,TONUSDT,2026-05-04T18:59:59.999000+00:00,1,56.9,-0.1778,3.7918,0.5691,18,25.1042,-0.4773,-0.2811,2.5953,4,0,1,0,1,1,1,4.009,vol_trail,41,4.009,-0.1522,False
11bb941d-de8e-4f41-8961-5f776c53d041,ZECUSDT,2026-05-04T21:14:59.999000+00:00,6,77.7,1.5021,1.1718,0.3992,21,29.0458,-0.533,0.3446,1.2469,4,1,0,0,1,1,1,0.156,vol_trail,1,0.156,0.1110925,False
d8e3acca-894d-4442-90d9-28a50e0e23b9,DASHUSDT,2026-05-04T21:59:59.999000+00:00,7,80.6,4.2453,2.8979,1.0816,21,37.4964,-0.3213,1.344,1.2976,5,1,0,1,1,1,1,-1.0,stop_loss,14,-1.0,-0.1043125,False
62411d3b-cfcb-4efb-a48d-0927474e73fc,TONUSDT,2026-05-05T18:59:59.999000+00:00,1,61.4,-0.479,15.5612,0.8214,18,46.1562,-0.4267,-0.6603,3.2228,4,0,1,0,1,1,1,0.7867,vol_trail,16,0.7867,0.19396999999999998,True
d39fe2e7-459b-46ec-8ec1-fb212f629c85,WLDUSDT,2026-05-05T20:14:59.999000+00:00,1,59.0,-0.0753,0.7285,0.329,20,0.9469,0.0809,0.1224,2.1949,4,1,1,0,1,0,1,1.0018,vol_trail,23,1.0018,0.6026750000000001,True
f7e98454-6ea6-4f38-b92e-a6eb4a05c1d7,ZECUSDT,2026-05-06T14:24:59.999000+00:00,2,69.1,-0.1307,2.4301,1.0257,14,43.9833,-0.427,-1.7087,2.1891,4,0,1,0,1,1,1,0.3387,vol_trail,24,0.3387,0.0871275,False
e651d7e2-b263-4e00-b735-27a54637e472,SOLUSDT,2026-05-06T15:19:59.999000+00:00,1,61.1,0.0083,1.0126,0.3136,15,6.4516,-0.5565,-1.4424,2.1273,4,0,1,0,1,1,1,0.001,vol_trail,30,0.001,0.078975,False
d82a3d3b-804c-4fdb-a6f4-aa2ba828b91c,NEARUSDT,2026-05-06T15:44:59.999000+00:00,1,65.0,0.4568,1.9318,0.7704,15,15.528,-0.7058,0.0666,2.6706,5,1,1,0,1,1,1,0.0074,vol_trail,45,0.0074,-0.11544000000000001,True
f478a6ad-3399-4ad5-ab05-2f8687a5e5a1,ICPUSDT,2026-05-06T15:49:59.999000+00:00,5,76.8,3.0781,2.1165,0.9368,15,36.0614,-0.2918,1.105,0.9901,5,1,0,1,1,1,1,0.0833,vol_trail,7,0.0833,-0.12711,True
9aa07996-2fae-488c-aa7c-80a20fc30242,WLDUSDT,2026-05-06T16:49:59.999000+00:00,1,58.2,-0.7278,0.7625,0.4592,16,9.8802,-0.3138,-0.959,2.6153,4,0,1,0,1,1,1,-1.0,stop_loss,6,-1.0,-0.168675,False
32f6e09a-8c8a-4003-9f69-e13b7c7dcbd7,FILUSDT,2026-05-06T19:54:59.999000+00:00,1,66.9,-0.244,3.5252,0.4414,19,21.3508,0.2827,-1.2939,2.5496,4,0,1,0,1,1,1,1.0545,vol_trail,26,1.0545,0.45148,True
92aca942-45b9-4329-98fa-921c4b50097b,ICPUSDT,2026-05-06T21:39:59.999000+00:00,9,83.6,0.5878,2.1165,0.8553,21,36.0614,-0.2918,0.2308,0.4373,4,1,0,0,1,1,1,0.1033,vol_trail,17,0.1033,-0.21483500000000003,True
f0e94af8-5af7-4c5e-957c-f14ff4fef40b,NEARUSDT,2026-05-07T14:14:59.999000+00:00,1,56.7,-0.721,0.4752,0.4768,14,13.2512,0.2671,-0.3989,2.2144,4,0,1,0,1,1,1,-1.0,stop_loss,4,-1.0,-0.35,False
18544920-af88-4dc1-ba01-5a98f0f1599d,TONUSDT,2026-05-07T18:19:59.999000+00:00,7,80.3,2.3395,29.2047,1.2965,18,102.0782,-0.0894,1.8264,1.5189,4,1,0,0,1,1,1,-1.0,stop_loss,6,-1.0,-1.09599,True
6309a607-ac84-44b1-8b4d-61d07d04a0dc,ENAUSDT,2026-05-07T19:14:59.999000+00:00,1,60.3,-0.8736,1.4158,0.5243,19,16.5691,0.2652,-1.6426,2.2919,4,0,1,0,1,1,1,-1.0,stop_loss,23,-1.0,0.202275,False
137bbbe1-9504-4b44-9b42-fe23896dbaf6,ICPUSDT,2026-05-07T21:29:59.999000+00:00,1,58.5,-0.9887,1.6353,0.41,21,29.5589,0.3217,-1.0087,2.3364,4,0,1,0,1,1,1,2.9112,vol_trail,39,2.9112,2.1336950000000003,True
d66c6e34-98a8-4d65-a678-459401280f21,ZECUSDT,2026-05-08T15:29:59.999000+00:00,1,58.8,0.319,1.031,0.8877,15,48.463,-0.6855,-1.0869,2.32,4,0,1,0,1,1,1,0.1777,vol_trail,27,0.1777,0.0046575,False
324cdbcc-7920-4554-b543-1391907ee24e,ADAUSDT,2026-05-08T15:59:59.999000+00:00,1,61.8,3.7286,0.5761,0.334,15,9.6231,-0.9064,0.2231,0.3556,4,1,0,1,1,0,1,0.7429,vol_trail,45,0.7429,-0.055555,False
ca20e289-256e-4cf3-bb14-70cf484b42e9,SOLUSDT,2026-05-08T17:29:59.999000+00:00,8,81.1,4.0221,0.9104,0.2659,17,9.6578,-0.8476,0.2332,0.7832,5,1,0,1,1,1,1,1.1685,vol_trail,1,1.1685,0.5458325,False
2edc2b61-9d7a-4648-9740-d7de305c97bd,BNBUSDT,2026-05-08T17:49:59.999000+00:00,2,69.1,0.5168,0.1058,0.1665,17,5.2139,-0.6179,0.1067,2.1745,4,1,1,0,1,0,1,0.1082,vol_trail,23,0.1082,0.1233925,False
829090f0-7f59-4730-8fed-f063dc8bf59e,ICPUSDT,2026-05-08T18:14:59.999000+00:00,1,56.0,-1.1421,1.9876,0.6236,18,54.5066,-0.4391,-0.8349,2.1991,4,0,1,0,1,1,1,4.19,vol_trail,24,4.19,-0.025,False
55b9ca8c-7b3b-49b8-bfa0-7aabf2d89849,ARBUSDT,2026-05-09T21:14:59.999000+00:00,8,82.1,0.8436,0.5216,0.3199,21,22.356,0.6999,0.2104,1.6929,4,1,0,0,1,1,1,-1.0,stop_loss,30,-1.0,-0.109375,False
727462b8-fadc-4129-9fc4-06b2ccde05f2,ICPUSDT,2026-05-09T21:49:59.999000+00:00,1,62.2,-1.045,2.8959,0.2938,21,49.6186,0.053,-0.7773,2.5015,4,0,1,0,1,1,1,-1.0,stop_loss,18,-1.0,-0.009525,False
8fabef79-85f4-4702-8f32-ea0d7dd7154d,XRPUSDT,2026-05-10T15:39:59.999000+00:00,7,79.8,4.8748,1.9276,0.1997,15,4.3139,-0.3758,0.2713,1.0755,4,1,0,1,1,0,1,0.8476,vol_trail,7,0.8476,0.330025,False
47903ed0-cbb0-4160-91b4-148ecb1cd025,1000PEPEUSDT,2026-05-10T15:49:59.999000+00:00,7,79.4,4.333,1.4981,0.2572,15,7.1939,-0.2078,0.2513,0.4672,5,1,0,1,1,1,1,0.5311,vol_trail,8,0.5311,0.10767499999999999,True
84354368-a92d-4cbe-85fc-9d0f2dcc4196,APTUSDT,2026-05-10T16:04:59.999000+00:00,2,67.8,3.0551,1.888,0.344,16,16.4042,-0.0829,0.3203,-0.6084,5,1,0,1,1,1,1,4.8545,vol_trail,19,4.8545,0.5620625,False
453ff80e-ad63-40df-874b-8287526eea7d,XLMUSDT,2026-05-10T16:09:59.999000+00:00,1,62.5,3.5243,1.5079,0.332,16,6.1604,-0.2235,-0.5783,-0.6063,4,0,0,1,1,1,1,3.0467,vol_trail,31,3.0467,1.8117349999999999,True
61cfced6-8de5-4b84-a80a-06606a458828,SOLUSDT,2026-05-10T17:04:59.999000+00:00,5,76.4,2.1017,1.9836,0.2471,17,11.8043,-0.5099,0.1264,2.1399,5,1,1,0,1,1,1,2.0231,vol_trail,24,2.0231,1.2534949999999998,True
4040319f-418c-4322-9dfa-c6d71f3945eb,UNIUSDT,2026-05-10T19:24:59.999000+00:00,1,61.6,-0.9569,1.3587,0.3412,19,18.9213,0.3269,-1.6469,2.0594,4,0,1,0,1,1,1,-1.0,stop_loss,11,-1.0,-0.173195,False
42e6fc66-bdf5-4a9e-91f0-620c2f98932d,WLDUSDT,2026-05-10T19:49:59.999000+00:00,1,56.7,-0.2741,2.5649,0.4762,19,15.4976,0.4574,-1.9641,2.0648,4,0,1,0,1,1,1,-1.0,stop_loss,6,-1.0,-0.35544,False
6a0797f4-37e0-466d-903a-b592baedd75b,SOLUSDT,2026-05-11T14:04:59.999000+00:00,2,68.2,3.1062,0.9987,0.3527,14,9.2144,-0.6729,0.0314,1.653,5,1,0,1,1,1,1,-1.0,stop_loss,5,-1.0,-0.2610175,False
65b146dc-2825-4061-9ac6-83b6019ae6e4,XRPUSDT,2026-05-11T15:29:59.999000+00:00,5,76.0,5.4226,0.6698,0.3941,15,3.7006,0.0466,0.4801,0.6425,5,1,0,1,1,1,1,-1.0,stop_loss,15,-1.0,-0.0307325,False
a9a4037d-dc45-47fc-adac-687532aa6e51,PENDLEUSDT,2026-05-11T15:59:59.999000+00:00,5,77.1,3.3593,0.8675,0.6179,15,10.2874,-0.217,0.4797,0.9783,5,1,0,1,1,1,1,-1.0,stop_loss,13,-1.0,-0.07152,False
60a381c0-f988-44f8-809b-40ca1ca9cbaa,RENDERUSDT,2026-05-12T17:14:59.999000+00:00,1,64.8,0.2703,1.0252,0.3964,17,-2.1594,0.8697,-1.8848,2.1145,4,0,1,0,1,1,1,0.8077,vol_trail,30,0.8077,0.0673075,False
d36d9730-3a1b-4895-823c-5fbbb0982de0,NEARUSDT,2026-05-12T18:44:59.999000+00:00,7,79.3,3.4309,2.2277,0.6947,18,9.3197,0.3611,0.6905,1.1907,5,1,0,1,1,1,1,0.1936,vol_trail,7,0.1936,-0.12403,True
51ba4865-96d3-43ab-8ca3-9d062c7b7162,FILUSDT,2026-05-12T19:34:59.999000+00:00,1,64.5,-0.5149,1.0199,0.3633,19,-0.6375,0.9757,0.0,2.3262,4,0,1,0,1,1,1,-1.0,stop_loss,45,-1.0,-0.1,False
4bf9e4b5-4941-4567-ae72-4d3bf5dede18,ADAUSDT,2026-05-14T14:19:59.999000+00:00,2,67.2,1.679,0.5201,0.361,14,-0.1108,-0.3298,-0.2614,2.0974,4,0,1,0,1,1,1,1.203,vol_trail,31,1.203,0.2177775,False
c6776f40-b7d3-4479-aa1e-2d2a466a921d,BNBUSDT,2026-05-14T14:44:59.999000+00:00,1,58.0,6.171,0.5162,0.245,14,4.4118,-0.4054,0.0133,2.2207,4,1,1,1,0,0,1,0.0939,vol_trail,26,0.0939,0.0120225,False
222730d3-2d38-467c-8c1f-0324a05fea8b,WLDUSDT,2026-05-14T16:24:59.999000+00:00,1,57.7,3.7942,0.561,0.5121,16,-3.2175,0.7843,-1.0511,-1.9266,4,0,0,1,1,1,1,1.4434,vol_trail,40,1.4434,0.074075,False
883ab2e5-de5e-4637-9777-a5532fc76fdd,XLMUSDT,2026-05-14T18:14:59.999000+00:00,2,67.6,0.7927,0.3821,0.4012,18,-0.0739,0.6173,0.1819,2.0335,5,1,1,0,1,1,1,0.4547,vol_trail,15,0.4547,-0.23224999999999996,True
b912ad42-fb7e-4e34-b4fb-e28af19e0c0b,NEARUSDT,2026-05-14T21:39:59.999000+00:00,1,64.1,-0.2052,0.5734,0.3641,21,0.3831,0.8488,-1.853,2.2215,4,0,1,0,1,1,1,-1.0,stop_loss,26,-1.0,-0.0345675,False
318774a1-7e42-4574-a790-c8fd7356390b,CHZUSDT,2026-05-15T21:09:59.999000+00:00,1,63.2,-0.1251,1.3443,0.5103,21,-0.022,0.4342,0.022,2.1621,5,1,1,0,1,1,1,0.912,vol_trail,61,0.912,0.63231,True
bcc45dab-6cd2-4372-8f45-92847826de63,NMRUSDT,2026-05-16T17:19:59.999000+00:00,7,80.6,3.8423,6.0522,0.7385,17,8.3051,-0.4168,0.7293,0.6955,5,1,0,1,1,1,1,1.1176,vol_trail,36,1.1176,0.6172949999999998,True
d103c257-c7f5-4867-a51d-d0cb49cb3391,CHZUSDT,2026-05-17T19:24:59.999000+00:00,1,65.6,-0.3244,2.2807,0.4883,19,4.5936,0.7232,-1.53,2.1447,4,0,1,0,1,1,1,-1.0,stop_loss,47,-1.0,-0.0636375,False
