trade_uuid,symbol,entry_time,decile,aggression,vol_z,cascade_strength,atr_pct,hour,pnl_r,exit_reason,bars_held
d800a969-1f6e-4f04-b7af-699b7c1b14c0,RUNEUSDT,2026-04-21T12:34:59.999000+00:00,7,79.0,0.777,1.0708,0.6003,12,-1.0,stop_loss,2
6f655ba8-aae2-4ed6-a064-f46503821352,RUNEUSDT,2026-05-08T04:54:59.999000+00:00,2,70.2,0.1221,1.4759,0.1477,4,0.37,runner_trail,1
85e1e6fb-75d2-4725-a7d0-51270fa3d10c,RUNEUSDT,2026-05-08T09:09:59.999000+00:00,2,70.4,-0.3271,1.4759,0.1643,9,0.0,runner_trail,1
b637a9f9-391a-4ff5-9ecd-cdb43ee97d13,RUNEUSDT,2026-05-08T18:19:59.999000+00:00,1,58.5,-0.8693,1.4759,0.3779,18,-0.0178,unconfirmed_cut,10
553b090d-bc01-4015-9c5f-e3a694fc4df6,RUNEUSDT,2026-05-09T03:09:59.999000+00:00,1,63.1,-0.1095,0.2967,0.1872,3,0.0,runner_trail,4
3163e055-d765-454d-b9b3-d59f1e4912fb,RUNEUSDT,2026-05-09T16:09:59.999000+00:00,1,59.2,-0.1097,0.2967,0.1801,16,0.0,runner_trail,1
a327da5f-dc21-4dca-8979-f8aebfc3719d,RUNEUSDT,2026-05-10T00:14:59.999000+00:00,2,66.9,1.2076,0.6071,0.15,0,0.0,runner_trail,1
3e35bdab-6851-450a-8499-82ac8360289c,RUNEUSDT,2026-05-10T09:04:59.999000+00:00,2,69.3,0.3292,0.6071,0.1883,9,-0.4637,unconfirmed_cut,10
86e4ce19-1bf6-453e-97b6-fc739fb79389,RUNEUSDT,2026-05-10T15:14:59.999000+00:00,9,84.1,4.5084,0.6071,0.2319,15,0.8869,runner_trail,6
2c9e855e-d0c7-4355-bc1f-61560ea54373,RUNEUSDT,2026-05-10T23:04:59.999000+00:00,1,58.5,0.6236,0.6071,0.3329,23,-0.1768,unconfirmed_cut,10
404400ca-5254-4371-8f92-64ea5927247f,BLUAIUSDT,2026-01-31T01:44:59.999000+00:00,2,67.9,0.5882,1.1432,0.8426,1,0.0,runner_trail,1
eac4ba64-2df6-493f-8801-be058770f594,BLUAIUSDT,2026-01-31T22:44:59.999000+00:00,2,70.4,0.7709,1.1432,1.0198,22,0.0,runner_trail,8
3a888e7d-5134-42c7-ad0c-53ca32b99587,BLUAIUSDT,2026-03-11T00:34:59.999000+00:00,7,79.1,0.7646,1.3381,1.0522,0,0.4036,runner_trail,11
b80d559b-cf19-47f8-b241-154aec7cb3c8,BLUAIUSDT,2026-03-11T05:09:59.999000+00:00,1,46.5,-0.8684,1.3381,1.0668,5,0.0173,unconfirmed_cut,10
2c623aac-6b19-415f-b089-32e8fb7beec7,BLUAIUSDT,2026-03-11T19:04:59.999000+00:00,1,55.4,-0.7271,1.3381,1.098,19,0.109,unconfirmed_cut,10
8f9b530f-65bd-4bf4-a304-2fcaafd56678,BLUAIUSDT,2026-03-11T23:39:59.999000+00:00,1,61.3,-0.5414,1.3381,0.7942,23,0.0,runner_trail,5
0a780bec-3196-4aa2-b0d6-bf46af750dc5,BLUAIUSDT,2026-03-12T03:54:59.999000+00:00,1,65.6,0.8994,0.9077,1.1988,3,0.0,runner_trail,3
d0bfd4ff-d9be-417c-9a9d-ed972713bcc4,BLUAIUSDT,2026-03-12T14:14:59.999000+00:00,1,62.8,-0.0303,0.9077,0.8301,14,-1.0,stop_loss,2
21e4d885-58a0-485f-aefb-03a88e4f761f,BLUAIUSDT,2026-03-22T00:09:59.999000+00:00,6,78.1,4.2661,2.2464,0.6317,0,0.0,runner_trail,11
b86093f5-48b5-4c66-9cbf-8fb7e3a535e3,BLUAIUSDT,2026-03-22T05:14:59.999000+00:00,1,53.4,-0.5673,2.2464,0.313,5,0.224,unconfirmed_cut,10
50cec53e-ab2a-432e-bc6a-dfd8f6db0949,BLUAIUSDT,2026-03-22T15:04:59.999000+00:00,2,68.9,1.5943,2.2464,1.5195,15,1.8296,runner_trail,11
a9a21e79-d9ed-4ee8-8a51-c871bfb0bfdf,BLUAIUSDT,2026-03-23T04:29:59.999000+00:00,1,64.6,-0.3795,1.0328,1.0591,4,2.2582,runner_trail,15
d5b51694-4df7-4989-b178-284153811639,BLUAIUSDT,2026-03-24T02:29:59.999000+00:00,1,65.9,0.5198,0.6901,1.1097,2,0.5599,runner_trail,32
285e3883-9622-49a0-9ebe-f2c5e8d3f5a0,BLUAIUSDT,2026-03-25T01:54:59.999000+00:00,1,46.3,-0.3321,0.3678,0.5685,1,0.0,runner_trail,3
0de6577d-d4ca-4987-bb5d-309c9f7787c1,BLUAIUSDT,2026-03-25T16:34:59.999000+00:00,1,54.6,-0.4741,0.3678,1.0945,16,0.1983,runner_trail,8
79c2735a-499c-4262-a58c-09ecb7706173,BLUAIUSDT,2026-03-25T22:54:59.999000+00:00,1,60.9,-0.2786,0.3678,0.9139,22,0.0,runner_trail,7
11f72174-fe94-472c-a1ff-16c8a6abbdbb,BLUAIUSDT,2026-03-26T03:04:59.999000+00:00,1,66.0,-0.1094,2.8364,0.6747,3,-1.0,stop_loss,1
d7adcc0c-a826-4b33-8f7e-2ad2acd9f162,BLUAIUSDT,2026-04-07T09:39:59.999000+00:00,8,81.9,2.6802,1.4336,0.4439,9,0.0,runner_trail,7
bc12b114-24f1-44a3-bbd9-593baf7c1dca,BLUAIUSDT,2026-04-07T13:19:59.999000+00:00,2,70.2,4.746,1.4336,1.3103,13,0.0556,runner_trail,1
a503df37-9ad1-44ee-b2c5-e076206a7e89,BLUAIUSDT,2026-04-07T16:34:59.999000+00:00,1,62.6,2.2583,1.4336,1.7449,16,0.1821,runner_trail,13
3aaddd7f-3cb3-4bb2-b9e4-1db03d4634a2,BLUAIUSDT,2026-04-08T04:44:59.999000+00:00,2,70.0,0.152,0.3065,1.1097,4,0.0,runner_trail,2
d3315734-e519-4d77-a03e-3d8775c82b04,BLUAIUSDT,2026-04-08T15:34:59.999000+00:00,1,56.8,-0.915,0.3065,1.0221,15,-0.2689,unconfirmed_cut,10
fd7e9ca7-0d5d-4a51-8fdc-fe904f400de7,BLUAIUSDT,2026-04-08T22:09:59.999000+00:00,1,62.4,-0.3566,0.3065,0.5327,22,-0.1007,unconfirmed_cut,10
2979a3a8-e788-44e4-865c-49b9287ff8f0,BLUAIUSDT,2026-04-09T11:04:59.999000+00:00,1,63.7,2.1325,0.5407,0.9943,11,-1.0,stop_loss,10
604a9997-c9de-4410-ab71-5bf9a82a3745,BERAUSDT,2026-02-06T02:04:59.999000+00:00,1,55.0,-0.2523,2.0399,1.2405,2,-1.0,stop_loss,10
909f77a8-1ea7-410e-8514-2ead68d4bccb,BERAUSDT,2026-02-11T01:09:59.999000+00:00,1,66.3,0.5398,3.4665,1.0866,1,0.0,runner_trail,5
6c3c93df-9876-4157-8d70-4db7e67c12e4,BERAUSDT,2026-02-11T05:04:59.999000+00:00,1,64.2,-0.3159,3.4665,0.8987,5,0.0,runner_trail,1
258e89c3-b092-4a88-bc92-ead4a1530515,BERAUSDT,2026-02-11T09:19:59.999000+00:00,1,57.9,-0.4118,3.4665,0.9829,9,0.2739,runner_trail,1
955b0375-05b2-4103-867d-80c5b6725f03,BERAUSDT,2026-02-11T15:19:59.999000+00:00,8,81.7,4.0208,3.4665,1.1965,15,1.3688,runner_trail,1
90c2fa5d-e223-43ba-89b0-dd9a76047636,BERAUSDT,2026-02-11T19:04:59.999000+00:00,9,83.2,1.7425,3.4665,2.0802,19,0.0,runner_trail,1
2dff0117-d8fe-4319-942c-0a8bc2e6cc2e,BERAUSDT,2026-02-11T22:14:59.999000+00:00,5,75.5,4.2469,3.4665,6.0045,22,0.0,runner_trail,1
36da75c2-c4b7-410f-ac77-ee3207254224,BERAUSDT,2026-02-12T12:44:59.999000+00:00,1,65.4,2.1942,2.5998,2.3487,12,-1.0,stop_loss,3
7292fb40-8cd0-4b28-a5bc-c72d6f482b7d,SIRENUSDT,2026-02-03T00:39:59.999000+00:00,2,68.8,-0.0791,1.7857,0.594,0,0.0,runner_trail,6
cc0586ea-8c6a-4b4a-84c8-ed7e277ecfd7,SIRENUSDT,2026-02-03T04:14:59.999000+00:00,6,77.5,1.3704,1.7857,1.0048,4,0.2069,runner_trail,14
d4ec3df8-4380-419a-844e-1bad8019163f,SIRENUSDT,2026-02-03T08:34:59.999000+00:00,5,76.9,3.6234,1.7857,0.9738,8,-0.7502,unconfirmed_cut,10
2d40d9b5-71a3-4cb9-9d60-a80a37462416,SIRENUSDT,2026-02-03T13:44:59.999000+00:00,2,69.2,1.9321,1.7857,0.8687,13,-0.6366,unconfirmed_cut,10
f14d2022-b5b6-4b54-aced-536d1b619b34,SIRENUSDT,2026-02-03T19:14:59.999000+00:00,5,75.7,2.2125,1.7857,0.9488,19,-0.1766,unconfirmed_cut,10
0743bfe8-ebde-4d39-9da8-a6dcf36fe843,SIRENUSDT,2026-02-05T02:44:59.999000+00:00,2,67.4,0.1238,1.0591,0.6148,2,-1.0,stop_loss,3
bcac898a-69b6-4510-896e-555a9107ee3d,SIRENUSDT,2026-02-13T11:29:59.999000+00:00,1,54.0,-0.4939,0.6623,0.9996,11,0.0,runner_trail,9
7c12f812-d0d4-4afa-b0e4-bec835376557,SIRENUSDT,2026-02-13T19:24:59.999000+00:00,1,54.8,-0.9161,0.6623,0.9869,19,-0.3563,unconfirmed_cut,10
09b5ed81-16cf-4eb1-983c-633c910c3b04,SIRENUSDT,2026-02-14T00:09:59.999000+00:00,5,76.1,0.7459,1.2026,0.6745,0,0.0184,runner_trail,12
95ccb01d-2f40-4f8d-a841-0ef1e3342b3e,SIRENUSDT,2026-02-14T04:49:59.999000+00:00,6,77.8,1.0694,1.2026,0.8385,4,0.0806,runner_trail,3
f19b4747-6afa-4794-bfde-741d25ddf15a,SIRENUSDT,2026-02-14T14:19:59.999000+00:00,1,63.3,2.8653,1.2026,3.3245,14,-0.732,unconfirmed_cut,10
5d6d9921-7f54-4a6a-938c-a93fcc132026,SIRENUSDT,2026-02-16T00:49:59.999000+00:00,2,68.2,0.4571,2.0541,0.7149,0,0.0,runner_trail,1
2baf8a78-fb91-4014-9c7d-99da0a599287,SIRENUSDT,2026-02-16T04:44:59.999000+00:00,2,67.0,2.2105,2.0541,1.0482,4,0.0,runner_trail,1
f29f40fb-92c3-4398-a80a-fa29d415c55d,SIRENUSDT,2026-02-17T13:09:59.999000+00:00,1,65.3,-0.3168,0.6697,1.0481,13,-0.5872,unconfirmed_cut,10
e6d7e02a-c8ba-445e-b033-b325d32fc3fe,SIRENUSDT,2026-02-17T22:39:59.999000+00:00,1,64.1,-0.5023,0.6697,0.6317,22,0.0575,unconfirmed_cut,10
61d03f09-f539-4d8c-b4cb-65e8b801db6b,SIRENUSDT,2026-02-18T03:04:59.999000+00:00,8,81.1,3.0327,0.3352,1.0496,3,0.0,runner_trail,5
d0c28821-0006-4752-862e-c427c5ae4385,SIRENUSDT,2026-02-18T11:14:59.999000+00:00,1,53.6,-0.9908,0.3352,0.7905,11,1.1479,runner_trail,13
0479be3b-c1f7-4941-93fa-59ea1e88565e,SIRENUSDT,2026-02-18T22:04:59.999000+00:00,2,67.7,-0.3016,0.3352,0.5607,22,0.4933,runner_trail,8
717f21f0-178f-4b31-b839-580b7347d42e,SIRENUSDT,2026-02-26T02:09:59.999000+00:00,1,61.0,-0.9516,1.4772,1.2766,2,0.1301,unconfirmed_cut,10
2df7f5f6-6f6b-4d31-99fa-73dd07430d82,SIRENUSDT,2026-02-26T07:19:59.999000+00:00,5,77.1,3.9342,1.4772,1.5282,7,0.2412,runner_trail,1
33c14857-74b0-4124-8038-9dcbeb53168c,SIRENUSDT,2026-02-27T06:19:59.999000+00:00,1,52.1,-0.694,0.5452,2.0878,6,-0.2955,unconfirmed_cut,10
e54e94d1-8ae4-4e8d-8bc3-6dd4df5fcc00,SIRENUSDT,2026-02-27T10:54:59.999000+00:00,1,66.7,0.0832,0.5452,1.8717,10,0.0,runner_trail,7
62ec5770-828e-466c-8a3e-d44b47279bc5,SIRENUSDT,2026-02-27T18:19:59.999000+00:00,1,58.0,-0.7234,0.5452,1.073,18,0.0,runner_trail,8
0d5b8a5b-d7ce-448f-8c9c-4dbfb570d221,SIRENUSDT,2026-02-28T15:34:59.999000+00:00,2,68.1,2.0782,0.5331,2.5495,15,-0.6415,unconfirmed_cut,10
95c3bf12-e0dc-4aff-9781-8060c8a3a9e3,SIRENUSDT,2026-03-02T05:49:59.999000+00:00,8,82.1,1.4832,1.4103,1.8542,5,0.0,runner_trail,6
77e1ceb8-2eca-4103-9281-7fb55234661b,SIRENUSDT,2026-03-02T09:39:59.999000+00:00,2,68.9,2.3545,1.4103,2.3722,9,0.1059,unconfirmed_cut,10
5586c4ba-55e8-432d-a040-3754b8959186,SIRENUSDT,2026-03-02T14:09:59.999000+00:00,1,60.2,0.7861,1.4103,1.8089,14,0.0,runner_trail,5
f82b6f1f-8a73-4e0c-987a-24f3856bc917,SIRENUSDT,2026-03-03T01:19:59.999000+00:00,1,57.9,-0.505,0.9941,1.6146,1,0.0487,runner_trail,4
a38eeda7-0a0e-4486-8001-1368b7c08ee5,SIRENUSDT,2026-03-03T15:54:59.999000+00:00,2,68.6,0.0328,0.9941,1.615,15,0.0,runner_trail,2
07acf3ca-54f8-4fd5-808c-f0325e3c4ce6,SIRENUSDT,2026-03-03T21:59:59.999000+00:00,2,70.4,-0.1547,0.9941,0.9935,21,-1.0,stop_loss,2
2a849ef6-5e4a-48a9-b675-1f594ccce45b,SIRENUSDT,2026-04-06T00:34:59.999000+00:00,1,58.1,-0.5175,0.2655,2.1552,0,0.1547,unconfirmed_cut,10
df7bb4d5-390f-42a9-8608-cb5e0af42a77,SIRENUSDT,2026-04-06T13:49:59.999000+00:00,1,59.3,0.987,0.2655,2.0229,13,-0.4547,unconfirmed_cut,10
22b7695d-557b-4510-b88a-453d6f15ca50,SIRENUSDT,2026-04-06T19:49:59.999000+00:00,1,60.7,0.0979,0.2655,2.1499,19,-0.4774,unconfirmed_cut,10
96e42913-2a65-4345-95bb-763d4cddd7ca,EDGEUSDT,2026-03-31T00:04:59.999000+00:00,6,78.2,1.0247,1.0206,0.5577,0,0.2267,runner_trail,5
79a96cc2-eae2-4640-9d0e-5efac42fbc6e,EDGEUSDT,2026-04-01T08:29:59.999000+00:00,1,55.4,0.0164,1.2613,1.5418,8,-1.0,stop_loss,2
daf354b2-cfd1-4245-a70b-a97b801c9c2e,EDGEUSDT,2026-04-14T00:39:59.999000+00:00,1,60.2,-0.304,1.1461,0.6566,0,-0.4496,unconfirmed_cut,10
bda6060e-46fe-4faf-8e2a-eea22ace69b5,EDGEUSDT,2026-04-14T06:34:59.999000+00:00,5,77.1,2.696,1.1461,0.8434,6,-1.0,stop_loss,9
7617cfe8-24c4-4520-a465-ba420a1e0ed3,MEGAUSDT,2026-02-26T03:29:59.999000+00:00,1,54.2,-0.5081,2.109,0.2288,3,-0.1183,unconfirmed_cut,10
e5e8ef9b-8671-4600-921a-e2927a56f81a,MEGAUSDT,2026-02-26T07:44:59.999000+00:00,1,57.0,-0.6426,2.109,0.2065,7,-1.0,stop_loss,8
1ffa4b1f-3099-4535-8a9a-580ee58d431f,MEGAUSDT,2026-03-22T00:24:59.999000+00:00,1,60.5,-0.2909,2.9618,0.2862,0,-0.5443,unconfirmed_cut,10
0c457f2d-a3a2-4517-9aeb-613e47ae7296,MEGAUSDT,2026-03-22T07:49:59.999000+00:00,5,76.9,1.4934,2.9618,0.2387,7,0.1296,runner_trail,3
d6a1bcd0-5084-4b04-9366-212e5598a875,MEGAUSDT,2026-03-22T16:59:59.999000+00:00,1,65.0,-0.1661,2.9618,0.216,16,0.9369,runner_trail,4
d99a6c1b-43d4-4669-b29d-00c49335708f,MEGAUSDT,2026-04-17T02:34:59.999000+00:00,2,67.8,1.1965,4.6789,0.1603,2,-0.6653,unconfirmed_cut,10
bffba1e4-2660-430c-9ae6-ba7a35b8e64e,MEGAUSDT,2026-04-17T10:09:59.999000+00:00,1,57.1,-0.2163,4.6789,0.5058,10,0.0,runner_trail,2
81ef402b-8550-4882-bb7b-10bc87f2cc55,MEGAUSDT,2026-04-18T01:14:59.999000+00:00,1,62.6,0.6645,1.9136,2.2108,1,-0.4454,unconfirmed_cut,10
985dffb7-44f1-4543-bc89-7da45b0feaf7,MEGAUSDT,2026-04-18T15:39:59.999000+00:00,5,75.5,0.8188,1.9136,1.3246,15,-1.0,stop_loss,4
3b169209-b7d7-4007-b614-12042ce4223f,MEGAUSDT,2026-04-30T00:09:59.999000+00:00,1,66.3,0.1084,30.2201,0.8686,0,0.0,runner_trail,5
c3304696-4078-4d7b-9c48-71c97efa90c4,MEGAUSDT,2026-04-30T20:49:59.999000+00:00,2,69.6,0.5588,30.2201,1.6621,20,0.0,runner_trail,5
74d268c3-c212-4482-a648-5d713ee14f0d,MEGAUSDT,2026-05-08T00:24:59.999000+00:00,1,62.8,-0.5789,2.0608,0.3337,0,0.0,runner_trail,4
6f4ff1ae-24b8-4cc1-815c-b5afdfd777f3,MEGAUSDT,2026-05-08T04:14:59.999000+00:00,9,82.7,6.426,2.0608,0.4672,4,-1.0,stop_loss,5
866747c6-a577-4e3f-ad8b-3a7f61fbcae3,KITEUSDT,2026-01-31T00:09:59.999000+00:00,1,66.3,0.3634,0.8469,0.6484,0,0.0,runner_trail,8
0a606f5e-d4b8-46a3-bbc8-51b38686d0c2,KITEUSDT,2026-01-31T11:44:59.999000+00:00,2,69.2,-0.4484,0.8469,0.4646,11,-1.0,stop_loss,4
ec1c35c5-efe6-4989-a4e0-9af6e7b9956f,KITEUSDT,2026-02-13T02:24:59.999000+00:00,1,62.2,2.1928,1.5858,0.851,2,0.0,runner_trail,2
68eb403b-5824-4454-84f5-06325f6cd9f1,KITEUSDT,2026-02-13T11:04:59.999000+00:00,2,69.7,-0.2915,1.5858,0.9065,11,0.0,runner_trail,14
e9ba3120-2f9d-4bc5-9198-04f35e6b4abd,KITEUSDT,2026-02-13T16:29:59.999000+00:00,1,50.1,-0.705,1.5858,1.6521,16,0.0,runner_trail,4
37756dc9-2a4b-464e-8af9-39ef91636a3b,KITEUSDT,2026-02-13T20:49:59.999000+00:00,2,69.7,-0.3406,1.5858,1.0879,20,0.0,runner_trail,5
b1272c01-c7fb-40ba-8d9d-2e4aafad1ec7,KITEUSDT,2026-02-14T20:44:59.999000+00:00,1,62.6,-0.9483,0.5942,0.8344,20,0.3945,runner_trail,17
520b338a-e4e1-49f9-8033-727ac9f10c37,KITEUSDT,2026-02-15T01:59:59.999000+00:00,9,83.6,6.7226,0.7577,1.3516,1,0.0,runner_trail,5
f6a952da-07a8-4802-bb70-6b24021cb75e,KITEUSDT,2026-02-15T06:54:59.999000+00:00,1,59.3,-0.315,0.7577,1.2039,6,0.0,runner_trail,6
1f978df9-627c-490a-8b24-37d7882ff97f,KITEUSDT,2026-02-15T11:39:59.999000+00:00,1,66.4,2.0619,0.7577,0.9776,11,0.0,runner_trail,3
e735f490-50dc-4f7c-bd6c-7ad4a03ed97e,KITEUSDT,2026-02-22T00:29:59.999000+00:00,2,68.2,1.0514,1.1193,1.4585,0,0.0,runner_trail,1
c431d148-6b5e-4b42-994e-be60cc5e8864,KITEUSDT,2026-02-22T06:19:59.999000+00:00,2,67.0,2.3624,1.1193,1.7065,6,0.1321,unconfirmed_cut,10
11ea11e8-adb7-4026-a8ab-2c65472438d0,KITEUSDT,2026-02-22T10:14:59.999000+00:00,1,59.3,-0.0152,1.1193,1.7213,10,-0.1401,unconfirmed_cut,10
a864a7b8-a910-4239-8b5e-d2bbaec8023a,KITEUSDT,2026-02-22T14:09:59.999000+00:00,1,54.7,-0.5629,1.1193,1.339,14,-1.0,stop_loss,9
ba52c5f0-0fed-4ad6-8b78-15605d62c518,KITEUSDT,2026-03-04T01:49:59.999000+00:00,1,52.3,-0.6625,0.2834,0.8925,1,-0.4366,unconfirmed_cut,10
04807c86-5f57-45c0-80da-e964ee7df817,KITEUSDT,2026-03-04T10:49:59.999000+00:00,1,65.5,0.4433,0.2834,0.8683,10,-1.0,stop_loss,6
2fa7151e-3edb-4b4a-9f3f-d0d01055b20b,ONTUSDT,2026-03-24T00:04:59.999000+00:00,2,67.5,3.135,20.6081,0.4101,0,0.0,runner_trail,6
8b0cc171-68a0-4319-b531-7c7ba5ee3aa6,ONTUSDT,2026-03-24T09:29:59.999000+00:00,1,55.2,-0.5874,20.6081,0.5114,9,0.0,runner_trail,1
f1c3e9ad-30ba-4244-bebd-87ec6c25ff50,ONTUSDT,2026-03-24T23:49:59.999000+00:00,1,52.0,-0.7987,20.6081,0.8136,23,-1.0,stop_loss,3
b90c339f-2340-4cec-98f0-82e78183d8b5,KAITOUSDT,2026-02-10T01:09:59.999000+00:00,1,66.3,1.5099,1.4604,0.2894,1,0.0,runner_trail,16
819dd94e-eb0f-40bb-8560-6c3613889b1a,KAITOUSDT,2026-02-10T10:49:59.999000+00:00,1,56.7,0.0938,1.4604,0.5733,10,-0.1771,unconfirmed_cut,10
cbb71e6f-6dea-4222-a43a-bb19ed13059b,KAITOUSDT,2026-02-10T22:24:59.999000+00:00,1,62.5,-0.4402,1.4604,0.3703,22,0.3133,runner_trail,3
cc45883d-af1c-4981-827f-1354e1ebf34c,KAITOUSDT,2026-02-11T09:24:59.999000+00:00,1,63.6,0.1584,0.378,0.4204,9,0.0,runner_trail,11
0b31a37b-293a-4675-a5d4-d8ac9c877378,KAITOUSDT,2026-02-11T14:09:59.999000+00:00,2,69.9,2.5896,0.378,0.6485,14,0.0,runner_trail,1
cb04f19e-df65-4237-8407-249ef240fc8b,KAITOUSDT,2026-02-11T17:59:59.999000+00:00,1,57.7,2.651,0.378,0.7606,17,0.2715,unconfirmed_cut,10
11d21467-a97a-4228-a3d9-aaa44b8601a7,KAITOUSDT,2026-02-12T02:44:59.999000+00:00,1,66.0,-0.5404,0.1134,0.4485,2,-0.8594,unconfirmed_cut,10
1c36b023-8a30-47cb-9753-8fdab4b2ac23,KAITOUSDT,2026-02-12T09:44:59.999000+00:00,1,59.8,0.201,0.1134,0.3121,9,-0.3652,unconfirmed_cut,10
c3699043-880b-457d-a5a3-cfe2a01ec72d,KAITOUSDT,2026-02-28T12:14:59.999000+00:00,1,59.5,-0.5111,1.3859,0.4525,12,0.0022,runner_trail,8
ee1b1825-b78b-48bc-87f5-4e45552d5c17,KAITOUSDT,2026-02-28T16:49:59.999000+00:00,6,78.7,5.998,1.3859,0.8313,16,0.0,runner_trail,9
652ac0fa-57d5-43d8-8915-9b4e9216be3d,KAITOUSDT,2026-02-28T21:49:59.999000+00:00,1,53.9,-0.8077,1.3859,0.4756,21,0.0,runner_trail,11
3719e11f-ffe9-4eaf-b491-78cac34318c1,KAITOUSDT,2026-03-02T00:34:59.999000+00:00,1,53.2,-0.5413,1.87,0.2902,0,0.6291,runner_trail,2
94c79669-a5ec-40ab-964f-af69a0439ea6,KAITOUSDT,2026-03-02T10:49:59.999000+00:00,1,58.7,-0.4442,1.87,0.3428,10,-0.319,unconfirmed_cut,10
a3e7d421-63a4-4c80-bdc9-c1b90f8e575c,KAITOUSDT,2026-03-02T14:44:59.999000+00:00,7,80.1,2.9906,1.87,0.4804,14,0.0,runner_trail,1
96330eb2-ba02-4403-8da6-11768e1550d7,KAITOUSDT,2026-03-02T22:29:59.999000+00:00,1,54.3,-0.5545,1.87,0.3095,22,0.0,runner_trail,2
72c3f0b0-b449-4aa7-bea9-8f82d4eb9555,KAITOUSDT,2026-03-03T04:44:59.999000+00:00,1,65.1,-0.0488,0.6011,0.4759,4,0.0,runner_trail,10
59dacfcd-b331-47b2-9907-1ca4884ff8cf,KAITOUSDT,2026-03-03T08:44:59.999000+00:00,1,58.9,2.2671,0.6011,0.5956,8,-1.0,stop_loss,10
93ab5647-e315-450f-a289-a4b238ad3f54,KAITOUSDT,2026-05-17T03:34:59.999000+00:00,2,69.2,-0.1949,1.5867,0.2385,3,0.0,runner_trail,1
52d25357-6431-40a8-a0d7-bb69781c201f,KAITOUSDT,2026-05-17T08:19:59.999000+00:00,1,55.0,-0.441,1.5867,0.3552,8,0.0,runner_trail,8
93a5ad0a-f169-4c63-98a2-5b1c9fb60dfd,KAITOUSDT,2026-05-17T12:14:59.999000+00:00,2,68.9,2.0156,1.5867,0.4482,12,1.669,runner_trail,25
fd541362-7ad8-47f9-be9c-f36753592e54,KAITOUSDT,2026-05-17T23:54:59.999000+00:00,6,77.7,1.0812,1.5867,0.7221,23,0.0,runner_trail,1
fd4d1efd-a6d1-406a-ab56-16926cd95d8e,KAITOUSDT,2026-05-18T05:49:59.999000+00:00,1,56.6,-0.7415,1.1593,0.5283,5,-0.6541,unconfirmed_cut,10
10822baa-dc0a-4a81-8e8f-f25832339240,KAITOUSDT,2026-05-18T10:14:59.999000+00:00,1,59.2,-0.6411,1.1593,0.3983,10,0.0,runner_trail,2
d8e9bec7-17da-4407-9445-09a318b0e99a,KAITOUSDT,2026-05-18T15:54:59.999000+00:00,9,83.0,2.9251,1.1593,0.3924,15,0.0,runner_trail,2
e6fffd29-966c-4984-baf6-cf9c0cfbdfd4,KAITOUSDT,2026-05-18T19:39:59.999000+00:00,1,56.2,-0.4608,1.1593,0.3721,19,0.0,runner_trail,2
d14dd06f-3087-4034-8d71-e0a9130c28a5,KAITOUSDT,2026-05-19T00:44:59.999000+00:00,1,51.2,-0.271,0.5155,0.4554,0,-0.9243,unconfirmed_cut,10
cd73e5c5-7195-442c-a728-b4c8cdc15ab0,KAITOUSDT,2026-05-19T09:59:59.999000+00:00,1,46.5,-0.1517,0.5155,0.734,9,-1.0,stop_loss,6
b29ab124-e412-4112-8358-438937f23cca,RAVEUSDT,2026-04-09T04:14:59.999000+00:00,1,51.9,-0.6942,4.6548,1.073,4,0.689,runner_trail,16
d992f445-513b-4908-830b-ffbca3669203,RAVEUSDT,2026-04-09T10:44:59.999000+00:00,1,48.1,-0.3714,4.6548,1.2905,10,0.0,runner_trail,14
e00b71b5-ec23-4044-9f85-3b7552c1cdfd,RAVEUSDT,2026-04-09T15:49:59.999000+00:00,8,82.0,4.6854,4.6548,3.1682,15,0.0,runner_trail,5
956338eb-44fd-4f2b-b34d-b9634c3e58cf,RAVEUSDT,2026-04-09T19:34:59.999000+00:00,5,76.1,4.2777,4.6548,4.4189,19,0.228,unconfirmed_cut,10
bd6d262d-ad24-49f2-9e29-83e8a46e5959,RAVEUSDT,2026-04-10T07:04:59.999000+00:00,9,83.6,2.5641,4.7473,3.918,7,0.0,runner_trail,7
70ac60ac-a38f-4863-b16f-789adbaf5c04,RAVEUSDT,2026-04-10T12:19:59.999000+00:00,1,66.1,1.304,4.7473,3.1204,12,0.028,runner_trail,4
7ab1b2e0-e149-4b7b-b64c-116e92d01859,RAVEUSDT,2026-04-10T20:49:59.999000+00:00,1,58.9,-0.6155,4.7473,2.1315,20,0.0,runner_trail,12
97d68bcb-99f4-492d-9745-ce98614b5560,RAVEUSDT,2026-04-11T01:29:59.999000+00:00,2,68.2,2.1539,2.7603,3.9801,1,-1.0,stop_loss,8
8f1feed9-9c8c-4369-b755-77ed7940d13f,RAVEUSDT,2026-04-24T00:24:59.999000+00:00,9,82.7,2.4609,0.4124,2.5713,0,-0.3213,unconfirmed_cut,10
f49ca360-a735-4c69-a261-268a9da9dd22,RAVEUSDT,2026-04-24T19:24:59.999000+00:00,1,56.5,-0.5778,0.4124,1.5219,19,0.0,runner_trail,7
85eb606a-1db2-44d3-96c6-ea88f26e839f,RAVEUSDT,2026-05-04T04:44:59.999000+00:00,2,69.3,0.2988,1.3986,0.6234,4,0.2916,unconfirmed_cut,10
d32396b7-5d39-4974-a26f-334ad9776d1b,RAVEUSDT,2026-05-04T09:14:59.999000+00:00,1,61.4,-0.1721,1.3986,0.621,9,0.0123,runner_trail,5
5482d064-3d9d-48e4-b196-00af08cae146,RAVEUSDT,2026-05-04T17:14:59.999000+00:00,8,81.7,2.5113,1.3986,0.8814,17,0.3337,runner_trail,2
80b063d5-145e-4f5a-84c5-7b8a6ed420f1,RAVEUSDT,2026-05-05T20:19:59.999000+00:00,1,58.0,-0.6799,0.8781,0.8496,20,-1.0,stop_loss,5
4ee7c212-48ec-4cc5-a0cd-40fd997e80e9,ENJUSDT,2026-02-06T05:04:59.999000+00:00,2,67.7,-0.2634,0.4156,0.5661,5,1.49,runner_trail,17
b44c9146-eb64-4f3e-b556-1703d8bbfecf,ENJUSDT,2026-02-06T09:34:59.999000+00:00,1,65.9,0.3426,0.4156,0.5817,9,0.0,runner_trail,3
9675a215-79a9-4473-bfa5-040217e62f2c,ENJUSDT,2026-02-06T12:59:59.999000+00:00,1,54.9,-1.1118,0.4156,0.2962,12,0.0,runner_trail,1
7169c0e9-ba25-4810-ae58-72305bf1bbb7,ENJUSDT,2026-02-06T16:49:59.999000+00:00,1,53.3,0.1637,0.4156,0.4698,16,0.3255,runner_trail,13
28dcb0c5-2e89-4c02-80af-fc2f891c8541,ENJUSDT,2026-02-06T22:54:59.999000+00:00,1,60.0,-0.9614,0.4156,0.3838,22,-1.0,stop_loss,5
cf7e399f-cf0e-40c7-94d7-56afda38f235,ENJUSDT,2026-03-17T02:44:59.999000+00:00,1,64.1,0.2599,1.2093,0.2916,2,-1.0,stop_loss,5
7a99a214-13de-44c3-9251-214bcb4f60bd,ENJUSDT,2026-03-26T09:29:59.999000+00:00,2,68.5,1.611,1.098,0.3468,9,-1.0,stop_loss,4
194c502e-7d90-4cbc-a0ce-d0ccef968025,ENJUSDT,2026-03-29T01:09:59.999000+00:00,2,68.9,0.1116,1.0775,0.4767,1,0.0,runner_trail,1
ed69da0c-247c-4a78-98c2-ddeb9c3def06,ENJUSDT,2026-03-29T09:39:59.999000+00:00,1,65.6,-0.0305,1.0775,0.3579,9,-1.0,stop_loss,9
9bf51efe-5052-4756-9154-a611c954e71d,ENJUSDT,2026-04-08T00:39:59.999000+00:00,1,54.7,-0.2248,13.7047,0.3575,0,-0.672,unconfirmed_cut,10
495036b9-45a1-40ba-a84a-56f14c6b3c0f,ENJUSDT,2026-04-08T04:44:59.999000+00:00,7,79.1,4.1788,13.7047,0.3413,4,0.0,runner_trail,2
bd267984-f362-4a9c-9d60-44f42aa5db0d,ENJUSDT,2026-04-08T11:14:59.999000+00:00,1,59.9,-0.4311,13.7047,0.2931,11,0.05,runner_trail,5
c8955563-c183-4a7c-9952-c18bcab698f9,ENJUSDT,2026-04-08T15:04:59.999000+00:00,1,64.6,1.1189,13.7047,0.534,15,0.2682,runner_trail,2
b9d226bb-a59f-4b28-a8ba-e87ba29e000c,ENJUSDT,2026-04-08T20:39:59.999000+00:00,7,79.3,0.9532,13.7047,1.8348,20,-1.0,stop_loss,9
298785e4-d7f4-46bc-982c-3b144b217fa7,CRVUSDT,2026-04-02T00:34:59.999000+00:00,1,66.0,-0.5076,1.244,0.6523,0,-1.0,stop_loss,9
c46eb02d-0019-4e27-a790-50e288b4a1f0,CRVUSDT,2026-05-07T06:44:59.999000+00:00,5,75.9,2.2836,0.5205,0.2962,6,0.0,runner_trail,5
3ea6ebd8-aef8-4f86-bee5-297bd0eacf90,CRVUSDT,2026-05-07T10:44:59.999000+00:00,2,69.9,0.3898,0.5205,0.3403,10,0.0,unconfirmed_cut,10
91bc58e6-e268-42b9-914f-2d8eb98ac886,CRVUSDT,2026-05-07T18:34:59.999000+00:00,1,57.6,0.1177,0.5205,0.3691,18,-0.8512,unconfirmed_cut,10
616a1537-94a7-430f-ad84-194fb9b494bb,CRVUSDT,2026-05-08T02:34:59.999000+00:00,2,67.9,-0.3934,0.1679,0.3297,2,-1.0,stop_loss,6
86927d9a-5b8e-49ee-9563-c313e027b39d,CRVUSDT,2026-05-11T05:19:59.999000+00:00,1,59.6,-0.348,2.0665,0.291,5,0.1033,runner_trail,5
459b3076-10f4-46db-b3ff-ec931f36b438,CRVUSDT,2026-05-11T09:29:59.999000+00:00,1,57.1,-0.4138,2.0665,0.3224,9,0.9252,runner_trail,8
6266ad7d-881c-428c-ae9a-88c038fe02ac,CRVUSDT,2026-05-11T14:59:59.999000+00:00,1,56.4,-0.3595,2.0665,0.6062,14,2.6942,runner_trail,16
af0f496a-f56a-4c35-8b0c-50c4aa1188ae,CRVUSDT,2026-05-11T19:24:59.999000+00:00,1,61.3,-0.4613,2.0665,0.555,19,0.5722,runner_trail,2
91072854-2135-4431-b11f-d1de2e174bd5,CRVUSDT,2026-05-12T03:54:59.999000+00:00,1,50.8,-1.0406,1.0172,0.6018,3,0.7859,runner_trail,24
afaaabe1-2a9c-439f-8d89-a2cfccbe1b97,CRVUSDT,2026-05-12T11:54:59.999000+00:00,2,69.4,0.0882,1.0172,0.5782,11,0.0,runner_trail,8
ae01eb06-1b7d-4065-81d7-81ac38b2ebf7,CRVUSDT,2026-05-12T20:04:59.999000+00:00,1,65.6,-0.5035,1.0172,0.4801,20,-1.0,stop_loss,7
f0617052-391b-40a0-b4eb-411284dbacb2,IRYSUSDT,2026-03-20T00:29:59.999000+00:00,2,67.3,2.8072,1.2723,2.2558,0,-1.0,stop_loss,6
86450463-ced9-4b3d-91dc-e39e96c151cd,IRYSUSDT,2026-04-02T00:34:59.999000+00:00,2,67.5,1.9425,0.3443,0.3983,0,-1.0,stop_loss,7
691eb0fb-02b7-431e-92ab-25c36b283161,IRYSUSDT,2026-04-09T02:34:59.999000+00:00,2,68.9,-0.125,1.1497,0.4166,2,0.0,runner_trail,6
955b05a5-9562-4c48-853b-0e83b6f61c00,IRYSUSDT,2026-04-09T07:24:59.999000+00:00,1,64.1,2.9937,1.1497,2.6938,7,-0.1385,unconfirmed_cut,10
61a0fe75-2327-4f76-ad74-33aea98ce68a,IRYSUSDT,2026-04-09T12:54:59.999000+00:00,1,61.8,-0.304,1.1497,1.2121,12,0.1967,runner_trail,7
b68c3894-7945-44a1-8023-81cfd9eb4fdc,IRYSUSDT,2026-04-09T21:19:59.999000+00:00,1,60.5,-0.4044,1.1497,0.4634,21,1.0184,runner_trail,13
c93e17a6-254c-40f0-9be1-e0cd6dc42725,IRYSUSDT,2026-04-10T03:19:59.999000+00:00,1,64.5,0.092,0.4126,1.0418,3,-1.0,stop_loss,2
34994c8b-5e89-42ee-abbf-4d3ef6802434,IRYSUSDT,2026-04-13T01:24:59.999000+00:00,1,62.7,0.5746,1.8262,0.9207,1,0.5055,runner_trail,2
9ea3c1d7-9bbf-44e2-b30b-a8240bd7c1a7,IRYSUSDT,2026-04-13T22:49:59.999000+00:00,1,62.6,-0.2708,1.8262,1.6915,22,-1.0,stop_loss,8
fe76693f-6b36-49cb-8ca9-9e8e52995f70,IRYSUSDT,2026-04-20T00:24:59.999000+00:00,1,65.6,-0.0802,2.1635,1.3566,0,0.3336,runner_trail,11
975ddb1b-08fe-4bf1-925d-1aabbf02c62c,IRYSUSDT,2026-04-20T05:04:59.999000+00:00,7,78.8,4.9543,2.1635,2.5844,5,-1.0,stop_loss,3
adf0fcbc-9cfd-4a51-8d9c-313fb737f5a1,IRYSUSDT,2026-05-12T00:24:59.999000+00:00,7,79.0,0.4799,3.2321,0.9682,0,0.0,runner_trail,2
50fc6f4c-447d-4e60-a4bf-4da3323a8823,IRYSUSDT,2026-05-12T04:44:59.999000+00:00,1,55.9,0.4512,3.2321,1.7875,4,0.0,runner_trail,2
10c29460-15ab-43a9-b3df-e7ab6ca31aef,IRYSUSDT,2026-05-12T08:04:59.999000+00:00,6,77.9,5.5087,3.2321,1.4814,8,-0.0148,unconfirmed_cut,10
39d11e70-b27f-4582-b234-e401d3ab4f45,IRYSUSDT,2026-05-12T17:54:59.999000+00:00,1,54.1,-0.7784,3.2321,1.1807,17,0.6565,runner_trail,16
a36be7df-cc50-446c-b8d2-c483de5c5d88,IRYSUSDT,2026-05-13T00:39:59.999000+00:00,5,75.5,0.4374,6.2039,0.9621,0,1.3855,runner_trail,9
5884eb29-497e-4a7f-a475-7432aa53e0f8,IRYSUSDT,2026-05-13T18:24:59.999000+00:00,1,57.9,-0.8967,6.2039,1.5037,18,-1.0,stop_loss,8
0b2c831d-a03b-4316-a81d-4d153b309bdd,DEXEUSDT,2026-02-23T00:44:59.999000+00:00,2,68.0,0.4334,2.1663,0.548,0,-1.0,stop_loss,7
e4b1cb12-66c8-4aed-9167-4567acfc6161,DEXEUSDT,2026-03-09T00:14:59.999000+00:00,8,81.8,2.6322,4.2906,0.5017,0,0.0,runner_trail,4
bcd7807a-658a-4826-bddd-5faaf2a7ec92,DEXEUSDT,2026-03-09T04:34:59.999000+00:00,2,69.3,2.5663,4.2906,0.9681,4,0.0,runner_trail,8
05e35c55-3dce-493e-b038-48557712ce3b,DEXEUSDT,2026-03-09T09:14:59.999000+00:00,1,57.0,-0.4078,4.2906,1.2974,9,-1.0,stop_loss,3
d283e220-b443-4d69-9029-e5c72397f6c4,DEXEUSDT,2026-03-14T01:09:59.999000+00:00,1,58.3,-0.5466,1.3318,0.6865,1,0.0,runner_trail,11
672cbbe2-aaac-45e4-9ff6-c603117f4674,DEXEUSDT,2026-03-14T07:09:59.999000+00:00,2,68.5,-0.3291,1.3318,0.6938,7,0.2083,unconfirmed_cut,10
b0092f69-2504-4a95-89d5-f8806ec32bd3,DEXEUSDT,2026-03-14T21:44:59.999000+00:00,1,55.7,-1.1361,1.3318,0.465,21,-0.4749,unconfirmed_cut,10
1701ca24-e18b-4ebd-8209-3ec554830094,DEXEUSDT,2026-03-15T01:44:59.999000+00:00,8,81.7,5.954,0.6405,0.8785,1,0.1847,runner_trail,3
e37712d9-0236-48eb-bbf1-c5d6e303a6b7,DEXEUSDT,2026-03-15T06:34:59.999000+00:00,1,63.7,0.8644,0.6405,0.51,6,-0.6031,unconfirmed_cut,10
21181ebc-5d2c-4286-92b1-ff8fc2f7fc3e,DEXEUSDT,2026-03-15T18:34:59.999000+00:00,1,60.0,-0.3323,0.6405,0.4381,18,0.1404,unconfirmed_cut,10
221de3ac-34fa-43aa-bca1-8b33f4e07011,DEXEUSDT,2026-03-16T00:09:59.999000+00:00,1,58.3,-0.124,0.2887,0.3028,0,0.0,runner_trail,2
cac1404d-5ea4-4f72-b4f6-f03870ef0200,DEXEUSDT,2026-03-16T07:24:59.999000+00:00,1,62.4,-0.1359,0.2887,0.4047,7,-0.1938,unconfirmed_cut,10
63946c48-6c9e-4695-817a-c50dfc08b8eb,DEXEUSDT,2026-03-16T13:34:59.999000+00:00,2,69.3,0.8918,0.2887,0.4168,13,-1.0,stop_loss,6
72c941ca-2c3e-4042-b66e-d96e1138c78a,DEXEUSDT,2026-03-19T00:29:59.999000+00:00,1,61.5,0.3204,1.3974,0.7577,0,-0.1118,unconfirmed_cut,10
ffe4950f-49f4-4d18-a5c3-a5afb261382c,DEXEUSDT,2026-03-19T05:09:59.999000+00:00,6,78.2,6.1582,1.3974,1.1331,5,0.0,runner_trail,7
74e83f96-2224-4c19-8db8-ca660455d3e9,DEXEUSDT,2026-03-19T12:59:59.999000+00:00,1,52.4,-0.9527,1.3974,0.6595,12,0.0,runner_trail,1
b8d8514c-e9fa-4525-819e-2dc702fb17fa,DEXEUSDT,2026-03-19T17:39:59.999000+00:00,1,41.2,-1.1857,1.3974,0.5964,17,0.0,runner_trail,6
11aa7f25-316b-4a4a-aedb-f3c23cd48d1c,DEXEUSDT,2026-03-19T22:24:59.999000+00:00,1,65.1,-0.4727,1.3974,0.4297,22,0.0,runner_trail,8
e5c22320-ea14-4e38-8811-5d78c5fbba33,DEXEUSDT,2026-03-20T02:34:59.999000+00:00,1,55.1,-0.4048,0.2674,0.5143,2,0.0,runner_trail,13
be23087f-7560-46df-be89-554171c41c69,DEXEUSDT,2026-03-20T08:39:59.999000+00:00,1,66.9,0.8046,0.2674,0.5999,8,0.0,runner_trail,2
6d2974dd-0bcd-4f52-88e8-37120d8bffbc,DEXEUSDT,2026-03-20T14:29:59.999000+00:00,1,57.1,-0.5551,0.2674,0.5556,14,-0.0586,unconfirmed_cut,10
8d9f60b9-5405-4b18-8d38-8d7cd3ac919a,DEXEUSDT,2026-03-20T20:24:59.999000+00:00,1,60.7,-0.3762,0.2674,0.4348,20,-1.0,stop_loss,8
168917d2-7e18-4254-866a-c2b37bb090f9,DEXEUSDT,2026-04-15T00:19:59.999000+00:00,1,61.3,-0.4822,1.9387,0.2961,0,2.9653,runner_trail,9
f5d629ff-e822-4dd7-bf26-769b20ff6c95,DEXEUSDT,2026-04-15T11:29:59.999000+00:00,1,58.4,-0.464,1.9387,0.6741,11,-1.0,stop_loss,4
c69ec3f8-1a17-495a-a152-0cf7a72f40fe,WIFUSDT,2026-02-06T03:59:59.999000+00:00,1,54.3,-0.4799,1.02,0.8376,3,0.2935,unconfirmed_cut,10
d33e55eb-cd10-4680-ac54-2af13276e9a8,WIFUSDT,2026-02-06T09:44:59.999000+00:00,1,59.1,-1.1169,1.02,0.6052,9,3.1669,runner_trail,58
1060d9cb-3c3f-4c01-914f-2bd54bf1b630,WIFUSDT,2026-02-28T00:24:59.999000+00:00,1,66.1,-0.092,1.5969,0.2517,0,-0.3111,unconfirmed_cut,10
0ff1641b-6543-420e-a229-5d1e6e448159,WIFUSDT,2026-02-28T13:14:59.999000+00:00,1,58.8,-0.3439,1.5969,0.4186,13,1.0995,runner_trail,7
cdb57c97-d8c7-4c02-9edc-6f870c13deb7,WIFUSDT,2026-02-28T19:24:59.999000+00:00,1,55.9,-0.431,1.5969,0.6393,19,0.7254,runner_trail,8
75dd185b-0af4-458d-9a91-382514b1831a,WIFUSDT,2026-02-28T23:24:59.999000+00:00,1,54.8,-1.0452,1.5969,0.5582,23,-0.2947,unconfirmed_cut,10
d7f112ec-0296-4bcd-8acb-3cc2c55bba62,WIFUSDT,2026-03-01T11:19:59.999000+00:00,1,53.6,-0.9781,0.8179,0.3656,11,0.112,unconfirmed_cut,10
d4f9ce2b-b6fb-4a8f-8f49-edfac88aeaa8,WIFUSDT,2026-03-01T15:14:59.999000+00:00,1,54.8,-0.3578,0.8179,0.5986,15,0.0,runner_trail,9
6d2972da-8862-4e2e-bab5-70471d832738,WIFUSDT,2026-03-12T03:34:59.999000+00:00,1,64.5,-0.1237,0.7744,0.3306,3,-1.0,stop_loss,3
ee7fb989-7dda-4d44-898f-f8e07561fd19,WIFUSDT,2026-05-06T01:04:59.999000+00:00,9,83.2,1.7263,1.9909,0.37,1,0.0,runner_trail,2
9266b43b-b81a-4c37-b1eb-3100e3a2ef43,WIFUSDT,2026-05-06T17:59:59.999000+00:00,2,69.3,0.3174,1.9909,0.5132,17,0.4905,runner_trail,15
9591758f-9d48-4614-a83c-bc7de4c33c72,WIFUSDT,2026-05-07T05:49:59.999000+00:00,1,65.1,0.2347,0.612,0.4704,5,-0.3549,unconfirmed_cut,10
a883fe9a-b5c2-4c9f-a04e-ba0129201af6,WIFUSDT,2026-05-07T10:04:59.999000+00:00,1,64.7,-0.2312,0.612,0.3343,10,0.0,runner_trail,1
a68b44a7-0820-401b-8642-50c8e2ff6f09,WIFUSDT,2026-05-07T13:24:59.999000+00:00,1,59.7,0.5012,0.612,0.5303,13,-1.0,stop_loss,7
1c331e16-c9fe-41e9-b6f3-2d1cc540e3ed,ARBUSDT,2026-02-25T01:19:59.999000+00:00,9,84.0,4.527,0.9905,0.5333,1,0.0789,unconfirmed_cut,10
705f0a3e-fbc1-4465-b672-871836cdfb55,ARBUSDT,2026-02-25T11:29:59.999000+00:00,1,45.3,-0.054,0.9905,0.3715,11,0.0,runner_trail,2
ec0dbfad-b10b-497e-bbf7-98e9e37a055e,ARBUSDT,2026-02-25T14:49:59.999000+00:00,9,84.2,2.6714,0.9905,0.5795,14,2.54,runner_trail,28
67499e17-5b26-42e2-8003-0906392efd17,ARBUSDT,2026-02-25T22:14:59.999000+00:00,1,59.2,-0.4786,0.9905,0.7109,22,-1.0,stop_loss,8
30f60602-b532-4093-958d-7c28c21b7b3c,ARBUSDT,2026-02-27T00:59:59.999000+00:00,1,58.3,-0.2269,1.3314,0.3354,0,-0.3574,unconfirmed_cut,10
6328d845-d8fc-44ff-9f32-81d755307658,ARBUSDT,2026-02-27T06:49:59.999000+00:00,2,69.4,0.7155,1.3314,0.4306,6,0.0,runner_trail,7
60e88dff-bd5d-429c-ae38-ea3c45f35441,ARBUSDT,2026-02-27T21:04:59.999000+00:00,1,62.2,-0.6342,1.3314,0.3996,21,-1.0,stop_loss,7
b4393541-293f-4324-b632-d9fb2de483c1,ARBUSDT,2026-04-16T00:34:59.999000+00:00,1,66.2,-0.1389,1.4132,0.3281,0,-0.317,unconfirmed_cut,10
99ba2040-1e65-4eee-a15d-a8b5f84ac44f,ARBUSDT,2026-04-16T04:49:59.999000+00:00,5,75.5,2.81,1.4132,0.3965,4,0.0,runner_trail,6
6b50bb32-daa2-4a22-a9d4-a639cc97be10,ARBUSDT,2026-04-16T10:24:59.999000+00:00,2,68.8,2.0381,1.4132,0.4309,10,0.0,runner_trail,5
532f81ce-94a3-40fc-9937-50dfb679f82b,ARBUSDT,2026-04-16T16:04:59.999000+00:00,1,64.3,2.5005,1.4132,0.9257,16,-1.0,stop_loss,6
d63dc726-e6b0-4b68-b155-6bfb94047e4c,ARBUSDT,2026-05-08T01:54:59.999000+00:00,2,68.6,0.3251,1.3731,0.4385,1,-1.0,stop_loss,5
1a2951ca-c20a-4eb8-9de6-5e311ceed90c,APTUSDT,2026-02-25T00:24:59.999000+00:00,5,76.7,2.0808,1.7658,0.1995,0,0.0,runner_trail,3
264516f8-d622-4879-b118-5ca5b6cfb81f,APTUSDT,2026-02-25T07:49:59.999000+00:00,1,55.1,-0.7044,1.7658,0.2891,7,0.0,runner_trail,1
96a06595-ed49-4ab6-8825-f5fe341fc1ea,APTUSDT,2026-02-25T11:54:59.999000+00:00,1,64.0,2.134,1.7658,0.34,11,0.0,runner_trail,3
040ce4af-a1d5-4392-965c-09ea9a0398b6,APTUSDT,2026-02-25T15:24:59.999000+00:00,1,65.5,2.2901,1.7658,0.7081,15,0.0,runner_trail,2
3b236cce-d7e0-4e05-8768-e787c982518c,APTUSDT,2026-02-25T19:49:59.999000+00:00,5,77.1,2.0916,1.7658,0.8168,19,1.1825,runner_trail,8
c454ddc1-9c30-4492-83c2-6d6c8496946a,APTUSDT,2026-02-26T07:04:59.999000+00:00,2,70.5,-0.0183,0.8781,0.372,7,0.0,runner_trail,1
cd55d2c7-74ae-48a5-98e1-4b3b2143040a,APTUSDT,2026-02-26T12:19:59.999000+00:00,1,60.8,-0.2752,0.8781,0.28,12,0.0,runner_trail,1
852c8a22-fe27-4878-b987-ed07d2074a87,APTUSDT,2026-02-26T15:29:59.999000+00:00,2,70.1,3.2342,0.8781,0.6706,15,0.3626,runner_trail,4
b369ac87-be48-429f-91f6-7ccf2bc63925,APTUSDT,2026-02-26T23:29:59.999000+00:00,1,66.0,-0.3973,0.8781,0.2951,23,0.0,runner_trail,7
b8eac3b1-eae7-44b2-9490-1868a21a310f,APTUSDT,2026-02-27T04:19:59.999000+00:00,2,68.3,2.6026,0.3366,0.4214,4,-0.5256,unconfirmed_cut,10
983ae73a-09cb-4461-960a-638c27b5c67b,APTUSDT,2026-02-27T08:54:59.999000+00:00,1,59.0,0.1278,0.3366,0.5945,8,0.0,runner_trail,1
4d176a8d-bc4f-4ccb-82f5-f754243280f5,APTUSDT,2026-02-27T20:14:59.999000+00:00,1,57.2,-0.8866,0.3366,0.3989,20,0.0,unconfirmed_cut,10
fda3d514-d268-4436-badb-c147b9acc7ae,APTUSDT,2026-03-24T03:54:59.999000+00:00,7,79.1,-0.1246,1.7031,0.4504,3,-1.0,stop_loss,3
9d94029d-4b4f-4cef-9d53-c4019d3e26a3,APTUSDT,2026-04-13T00:04:59.999000+00:00,2,70.1,2.6975,0.3688,0.2718,0,0.0,runner_trail,1
f4afd345-4bcd-4af6-b664-17930a8f0570,APTUSDT,2026-04-13T11:44:59.999000+00:00,2,67.3,0.0983,0.3688,0.1889,11,0.0257,unconfirmed_cut,10
9bad561d-f0e9-4221-b7a2-9ada6f9dc07f,APTUSDT,2026-04-13T16:09:59.999000+00:00,6,78.3,1.8002,0.3688,0.4639,16,0.0,runner_trail,1
d739d883-b03b-4acb-8ea9-ee953f19b7d7,APTUSDT,2026-04-13T21:34:59.999000+00:00,1,62.2,-0.8323,0.3688,0.3221,21,1.3736,runner_trail,9
fe95611b-7934-48fd-afc9-5837e8606865,APTUSDT,2026-04-14T01:44:59.999000+00:00,1,59.8,-0.8351,0.1074,0.2676,1,0.0,runner_trail,1
ced2ef40-471e-49a9-a508-ec7e9dd93995,APTUSDT,2026-04-14T06:09:59.999000+00:00,1,58.4,-0.6591,0.1074,0.2346,6,-1.0,stop_loss,4
0628c489-1b27-4e20-89e0-852b29e2d857,APTUSDT,2026-05-10T02:44:59.999000+00:00,1,55.1,-0.1038,1.888,0.2669,2,0.0,runner_trail,1
86bbb8aa-73d0-478f-8ad8-2f1a980eef8f,APTUSDT,2026-05-10T08:09:59.999000+00:00,2,69.7,-0.4044,1.888,0.3046,8,0.4508,runner_trail,23
1c0cb62a-ebef-4014-8bba-534a1f660b6f,APTUSDT,2026-05-10T13:24:59.999000+00:00,1,61.8,1.0737,1.888,0.2659,13,0.0135,unconfirmed_cut,10
978ffd26-b2a3-402d-82f9-97c7445a00ae,APTUSDT,2026-05-10T17:24:59.999000+00:00,7,80.0,5.5283,1.888,0.7821,17,-1.0,stop_loss,3
c2f534a8-fe97-4668-bb09-3367b85c00d6,APTUSDT,2026-05-14T05:24:59.999000+00:00,1,61.7,0.3689,0.1317,0.255,5,0.1302,runner_trail,15
182045ab-3100-4400-82d5-ebb22fd947fc,APTUSDT,2026-05-14T09:44:59.999000+00:00,1,64.0,0.3086,0.1317,0.2596,9,0.1792,unconfirmed_cut,10
729ba460-7033-4db0-a2e8-7ec60b68bb95,APTUSDT,2026-05-14T13:49:59.999000+00:00,1,65.3,1.7199,0.1317,0.3122,13,0.0,runner_trail,6
51f0357b-4da2-4ac2-a442-5bd02c145b36,APTUSDT,2026-05-14T17:44:59.999000+00:00,1,56.4,-0.6273,0.1317,0.5015,17,0.0,runner_trail,1
664b36bd-0870-482a-9b86-74b8b9bd237f,DOTUSDT,2026-02-23T06:14:59.999000+00:00,8,82.3,0.1382,1.0062,0.36,6,0.0,runner_trail,10
429e927a-415a-4456-83ce-317f6afc0635,DOTUSDT,2026-02-23T11:09:59.999000+00:00,1,59.1,-0.2693,1.0062,0.2711,11,0.05,runner_trail,2
81e34ffb-da1c-4fc3-aed2-7d8ef60723ac,DOTUSDT,2026-02-23T21:14:59.999000+00:00,1,55.8,-0.8179,1.0062,0.3543,21,0.2667,unconfirmed_cut,10
3317d514-1f56-4464-b036-4e4141745b9e,DOTUSDT,2026-02-25T01:09:59.999000+00:00,5,75.8,3.5814,3.7964,0.2986,1,2.3731,runner_trail,1
f87cb2f8-86ce-4771-a7a0-94db6d78d99f,DOTUSDT,2026-02-25T07:54:59.999000+00:00,1,56.8,-0.4661,3.7964,0.2932,7,0.0,runner_trail,6
65eb9b52-d8b0-42ce-913e-58ea7e917f1b,DOTUSDT,2026-02-25T11:54:59.999000+00:00,2,67.8,4.0409,3.7964,0.8382,11,0.0,runner_trail,3
77610f2a-cc8a-4e54-824e-3b26753a22b3,DOTUSDT,2026-02-25T17:14:59.999000+00:00,1,50.3,-0.6186,3.7964,0.9256,17,0.0,runner_trail,1
1191552c-0361-44a8-bcde-5d5bab450072,DOTUSDT,2026-02-25T20:34:59.999000+00:00,1,61.6,-0.3167,3.7964,1.2484,20,0.0,runner_trail,1
4dfd683c-9f08-4746-8f30-11965ecf387d,DOTUSDT,2026-02-26T09:09:59.999000+00:00,2,67.4,2.0765,1.6009,0.7161,9,0.0,runner_trail,5
cd069089-2c5d-406c-aa86-87578ceb21fa,DOTUSDT,2026-02-26T12:39:59.999000+00:00,2,68.4,-0.5474,1.6009,0.593,12,-1.0,stop_loss,5
e693fd99-4ebe-401b-9ecb-f23acc030b64,DOTUSDT,2026-04-02T09:34:59.999000+00:00,1,63.8,-0.479,1.2494,0.3055,9,0.0,unconfirmed_cut,10
bb0ec931-f66f-4120-a338-71335fb6170f,DOTUSDT,2026-04-02T14:39:59.999000+00:00,9,84.3,7.7785,1.2494,0.4614,14,0.0,runner_trail,3
84b451e6-33af-437b-8fec-31249bcea5e0,DOTUSDT,2026-04-02T19:49:59.999000+00:00,1,59.7,-0.4074,1.2494,0.2918,19,0.0,runner_trail,6
35e2c1ff-8c1f-4cd1-98a0-447de41bebf5,DOTUSDT,2026-04-02T23:44:59.999000+00:00,1,61.2,0.8522,1.2494,0.2485,23,0.0,runner_trail,4
37de3e3c-bbda-4979-a5e2-a133c59af157,DOTUSDT,2026-04-07T04:34:59.999000+00:00,2,69.5,-0.4407,1.663,0.2135,4,0.0,runner_trail,3
471c8d3e-7be3-43be-a930-af99c7238399,DOTUSDT,2026-04-07T09:09:59.999000+00:00,2,69.8,2.0287,1.663,0.2419,9,-0.5333,unconfirmed_cut,10
7baf00e3-ba13-413d-918a-71d79c88059f,DOTUSDT,2026-04-07T21:34:59.999000+00:00,1,58.9,-0.1789,1.663,0.3997,21,0.29,runner_trail,1
31ad7b77-39a0-48c2-b97c-cefad9e9ba6f,DOTUSDT,2026-04-08T01:49:59.999000+00:00,1,62.2,-0.1942,0.2555,0.4077,1,0.0,runner_trail,4
8161be18-d5b4-42e8-a361-cb0d207e2344,DOTUSDT,2026-04-08T05:39:59.999000+00:00,2,70.4,0.6121,0.2555,0.3539,5,0.2545,unconfirmed_cut,10
54136fd4-3ab2-4083-b248-1e694c1ea9ac,DOTUSDT,2026-04-08T09:34:59.999000+00:00,1,58.6,-0.8654,0.2555,0.2424,9,0.2489,unconfirmed_cut,10
64328fb4-419d-459a-9607-5ba85d3722ba,DOTUSDT,2026-04-08T13:29:59.999000+00:00,1,60.9,0.0705,0.2555,0.316,13,-1.0,stop_loss,8
f2592cfb-aec3-42e0-ab50-3c9c1c81036a,DOTUSDT,2026-04-13T00:09:59.999000+00:00,1,57.3,-0.0744,1.031,0.3141,0,0.0,runner_trail,1
765fc487-3e87-4946-9e2e-ba2827daa21f,DOTUSDT,2026-04-13T15:29:59.999000+00:00,1,51.7,-0.494,1.031,0.4863,15,-1.0,stop_loss,8
88f6b11e-a82f-45d7-a8d0-b4a703afe8b7,DOTUSDT,2026-04-16T00:34:59.999000+00:00,2,70.1,0.8057,1.1324,0.3459,0,-0.393,unconfirmed_cut,10
3ef56442-929d-42c0-bc0c-2fa7ddf41d51,DOTUSDT,2026-04-16T04:39:59.999000+00:00,1,56.0,0.1882,1.1324,0.4188,4,0.0,runner_trail,1
39920c16-d27b-4471-a6ef-35336d6c6221,DOTUSDT,2026-04-16T07:49:59.999000+00:00,1,52.7,2.2359,1.1324,0.7171,7,0.0,runner_trail,5
2edaecd0-f628-49cf-a3b5-3af7116a0c4e,DOTUSDT,2026-04-16T11:59:59.999000+00:00,1,55.3,-1.1063,1.1324,0.4672,11,0.0,runner_trail,1
e83a843d-d10e-42aa-906c-65e3fe9dc99d,DOTUSDT,2026-04-16T15:09:59.999000+00:00,1,60.6,-0.1246,1.1324,0.7071,15,0.9563,runner_trail,15
b510c3c7-fbf8-429b-8ba0-dd42a9554ae8,DOTUSDT,2026-04-16T19:44:59.999000+00:00,1,63.2,0.1696,1.1324,0.5417,19,0.0,runner_trail,4
3bf311da-9bea-42ca-98c0-cc9e950f68bc,DOTUSDT,2026-04-16T23:24:59.999000+00:00,1,66.3,-0.2696,1.1324,0.3813,23,0.0,runner_trail,1
b5adbde1-3074-4859-b306-5bcfdd300c78,DOTUSDT,2026-04-17T06:19:59.999000+00:00,1,66.0,0.6356,0.3131,0.4314,6,0.0,runner_trail,3
26f4a5c4-7eac-4389-84b2-b00a890c7955,DOTUSDT,2026-04-17T11:19:59.999000+00:00,1,54.1,-0.7761,0.3131,0.4253,11,0.0,runner_trail,7
bb59a0c6-1ada-445b-a69f-63bd8c36a644,DOTUSDT,2026-04-17T16:04:59.999000+00:00,1,62.2,0.6549,0.3131,0.4591,16,0.0,runner_trail,4
c357faee-fdeb-4449-abf1-8f504e79e3c4,DOTUSDT,2026-04-17T22:09:59.999000+00:00,1,58.3,-0.8069,0.3131,0.3057,22,0.2325,runner_trail,5
77350b02-5972-4025-8605-a3b14503ced0,DOTUSDT,2026-04-18T02:29:59.999000+00:00,1,49.4,-1.0269,0.2719,0.3825,2,0.0,runner_trail,2
64314f5f-184d-49c6-b6c0-8386856dbe18,DOTUSDT,2026-04-18T05:59:59.999000+00:00,2,67.3,0.299,0.2719,0.2849,5,0.2009,runner_trail,11
b0a80710-2713-47a7-8300-3c881c41d877,DOTUSDT,2026-04-18T14:29:59.999000+00:00,1,59.4,-0.4076,0.2719,0.3546,14,0.3875,runner_trail,25
39e993e0-8278-4f76-ac8d-38ded1c42bce,DOTUSDT,2026-04-18T21:29:59.999000+00:00,1,60.8,-1.0538,0.2719,0.2119,21,0.0,runner_trail,5
999c91fa-d1dc-407a-ac10-2e04cce298aa,DOTUSDT,2026-04-29T03:19:59.999000+00:00,9,83.4,6.0764,1.6841,0.2142,3,0.0,runner_trail,5
33031242-8c92-4bd4-8bc0-5aff15b3379c,DOTUSDT,2026-04-29T09:34:59.999000+00:00,2,67.2,0.0422,1.6841,0.2245,9,0.6859,runner_trail,4
dbfdcccc-3b9f-41bc-a5fc-72afa302b06f,DOTUSDT,2026-04-29T21:14:59.999000+00:00,2,67.1,-0.4607,1.6841,0.2841,21,0.0,runner_trail,8
519fd895-b5bb-4d2d-9417-a4606c851132,DOTUSDT,2026-04-30T06:34:59.999000+00:00,1,63.0,-0.2043,0.1252,0.2907,6,0.0,unconfirmed_cut,10
e6244721-06de-46f4-8870-dd7dc3a888aa,DOTUSDT,2026-04-30T11:09:59.999000+00:00,7,80.0,2.7058,0.1252,0.2587,11,0.0,runner_trail,2
defaae04-f55e-4e63-8bae-e0a83f81cc03,DOTUSDT,2026-05-01T00:39:59.999000+00:00,1,63.8,0.4981,0.1286,0.2254,0,0.0,runner_trail,10
9798e2d8-ca60-4629-91fd-ca3cea8ceb85,DOTUSDT,2026-05-01T13:54:59.999000+00:00,8,82.5,5.6779,0.1286,0.2984,13,0.0,runner_trail,7
cc59fe7f-78f6-4d6c-b02e-32328c2748f6,DOTUSDT,2026-05-01T21:34:59.999000+00:00,1,63.2,-0.3486,0.1286,0.272,21,0.1217,unconfirmed_cut,10
288bd20e-e6b9-4297-b84c-0e97da44e06a,DOTUSDT,2026-05-15T07:14:59.999000+00:00,1,56.9,-0.3242,1.0695,0.2987,7,0.05,runner_trail,2
8f44fe32-c776-48f1-a266-3329a05c9365,DOTUSDT,2026-05-15T10:44:59.999000+00:00,1,62.7,-0.569,1.0695,0.278,10,0.0,runner_trail,2
3736aec6-d77c-4370-bcbb-1acb11fb313d,DOTUSDT,2026-05-15T16:29:59.999000+00:00,9,83.2,0.8355,1.0695,0.3528,16,0.0,runner_trail,4
0d231526-3fe8-42ea-83fe-8d9fb574e066,DOTUSDT,2026-05-15T21:19:59.999000+00:00,1,58.4,-0.5276,1.0695,0.2501,21,-0.7304,unconfirmed_cut,10
713a4e48-44bf-48a4-85f0-fd5b8b30ad06,FETUSDT,2026-03-13T00:14:59.999000+00:00,7,80.7,2.6404,1.7632,0.9566,0,0.0,runner_trail,1
862a3172-2d9b-4c87-bf09-47d11a141dbc,FETUSDT,2026-03-13T03:54:59.999000+00:00,7,80.3,2.3418,1.7632,0.9854,3,-0.1073,unconfirmed_cut,10
23ba260d-d1f9-4e51-bd50-96bc37cdc6b9,FETUSDT,2026-03-13T12:39:59.999000+00:00,1,54.3,-0.8819,1.7632,0.5628,12,0.0,runner_trail,2
55b3652f-c6ff-472e-abb4-a517cee76f43,FETUSDT,2026-03-13T21:19:59.999000+00:00,5,76.5,-0.4018,1.7632,0.2968,21,-1.0,stop_loss,3
8998497c-ef41-4bd6-a38a-6e411adc9646,FETUSDT,2026-03-20T00:09:59.999000+00:00,1,58.9,-0.3246,1.0941,0.6758,0,0.0,runner_trail,6
43ef233c-d31d-42f5-89bf-edce4986d11c,FETUSDT,2026-03-20T03:59:59.999000+00:00,1,59.1,0.0052,1.0941,0.7159,3,0.3949,runner_trail,10
f688a599-669e-43d3-8029-d6411cdcf4bc,FETUSDT,2026-03-20T21:54:59.999000+00:00,5,76.3,1.9891,1.0941,0.6511,21,0.2015,runner_trail,1
d36608b9-124f-4d4d-8b02-c626199388a6,FETUSDT,2026-04-29T01:39:59.999000+00:00,1,59.4,-0.63,1.0162,0.2403,1,0.0,runner_trail,1
227edb8e-b427-4e9e-8ce3-d649b0c3bb0a,FETUSDT,2026-04-29T05:09:59.999000+00:00,1,58.7,0.4245,1.0162,0.3126,5,-0.4455,unconfirmed_cut,10
b9214dd1-79c2-4a16-98f1-a12e06b27434,FETUSDT,2026-04-29T09:39:59.999000+00:00,2,69.7,3.6663,1.0162,0.3381,9,0.4167,runner_trail,9
039152d0-3117-47b6-8cfe-ac134fdaadc1,FETUSDT,2026-04-29T17:59:59.999000+00:00,2,68.5,-0.2953,1.0162,0.3664,17,-1.0,stop_loss,2
e7c8f35e-4713-4c85-b316-6111a6ef5565,TAOUSDT,2026-02-14T01:49:59.999000+00:00,1,54.9,-0.2932,2.0487,0.9391,1,-0.2013,unconfirmed_cut,10
77397d3b-be6f-4c97-bfda-553203cf7b2d,TAOUSDT,2026-02-14T07:09:59.999000+00:00,1,50.7,2.0567,2.0487,0.7059,7,0.0,runner_trail,1
15a352b6-a822-4420-a036-ed8753502af6,TAOUSDT,2026-02-14T16:59:59.999000+00:00,2,67.9,-0.0335,2.0487,0.5532,16,-1.0,stop_loss,6
39f1b5c5-4e00-449a-b1bc-7d8f05065e5d,TAOUSDT,2026-03-13T00:19:59.999000+00:00,8,81.9,8.3054,2.9971,0.6016,0,0.0,runner_trail,1
aed104f1-66a9-4fce-8d4e-05b759864954,TAOUSDT,2026-03-13T03:44:59.999000+00:00,1,64.1,1.1025,2.9971,0.842,3,0.0,runner_trail,2
010b1c95-c9d7-40c3-adfe-d6a99340ce6b,TAOUSDT,2026-03-13T07:09:59.999000+00:00,1,61.0,-0.5,2.9971,0.4794,7,0.0,runner_trail,4
4218e6ad-a94c-43d7-924f-bd1245aa2509,TAOUSDT,2026-03-13T12:09:59.999000+00:00,2,69.3,0.4947,2.9971,0.5928,12,0.532,runner_trail,8
8baec024-07a8-4ceb-ac99-75fe1369b269,TAOUSDT,2026-03-13T20:59:59.999000+00:00,2,68.6,-0.0613,2.9971,0.5057,20,0.0,runner_trail,2
a1c37310-fa17-4f22-870b-1682db9c4339,TAOUSDT,2026-03-14T00:24:59.999000+00:00,1,64.9,1.4707,0.416,0.7441,0,-1.0,stop_loss,3
0b26ecf3-8f64-4a7b-856f-4d59b6a26587,TAOUSDT,2026-03-19T00:09:59.999000+00:00,6,77.4,1.1057,1.1144,0.4813,0,-1.0,stop_loss,10
6da980e5-3c88-4d5f-9309-0e54186c4c80,TAOUSDT,2026-03-24T00:59:59.999000+00:00,1,59.2,2.273,1.2546,0.9575,0,0.0,runner_trail,8
a402fce2-000c-4601-afef-208880d77e08,TAOUSDT,2026-03-24T04:44:59.999000+00:00,1,59.8,0.3658,1.2546,0.9491,4,-0.6453,unconfirmed_cut,10
e079305d-38dd-46a9-94d4-145b85680492,TAOUSDT,2026-03-24T14:59:59.999000+00:00,6,78.6,2.6868,1.2546,0.978,14,-0.3013,unconfirmed_cut,10
0a1a1f48-3893-4d74-b0c7-8b5a7a25903a,TAOUSDT,2026-03-24T19:24:59.999000+00:00,1,58.6,1.0686,1.2546,1.1524,19,0.0,runner_trail,8
114ae260-d0c5-44e1-8728-7dcc51b54259,TAOUSDT,2026-03-25T00:09:59.999000+00:00,9,83.4,2.2711,1.4489,0.837,0,-1.0,stop_loss,7
daf04556-1b91-4653-b6f5-abc2f1bcc572,TAOUSDT,2026-05-01T04:34:59.999000+00:00,1,58.2,0.5735,1.1358,0.253,4,0.0,runner_trail,5
edac007b-08f2-46a0-8be6-5f7913e47462,TAOUSDT,2026-05-01T08:39:59.999000+00:00,5,77.1,2.5007,1.1358,0.3307,8,0.1259,unconfirmed_cut,10
e5b65944-4e02-4000-9e44-8152305fde64,TAOUSDT,2026-05-01T12:34:59.999000+00:00,2,70.1,2.3491,1.1358,0.4999,12,0.0,runner_trail,1
5409d68e-b172-48da-a5f6-4a2749bcf561,TAOUSDT,2026-05-01T15:54:59.999000+00:00,8,82.4,5.5528,1.1358,0.6421,15,0.0,runner_trail,5
6a08bb31-39f3-48d5-8b3d-d08d9a056473,TAOUSDT,2026-05-01T19:29:59.999000+00:00,1,59.8,-0.5859,1.1358,0.4718,19,-0.1829,unconfirmed_cut,10
ad030b72-064e-4ade-93f8-66fa2ac4a62f,TAOUSDT,2026-05-02T01:34:59.999000+00:00,1,58.9,-0.4284,0.9882,0.3094,1,-0.7613,unconfirmed_cut,10
7f9d82a3-3fea-4460-8c79-27b00a428769,TAOUSDT,2026-05-02T05:29:59.999000+00:00,1,53.0,-0.7547,0.9882,0.295,5,-0.1394,unconfirmed_cut,10
1fd236c4-ab72-45b2-acc9-e93e00166ba4,TAOUSDT,2026-05-03T11:44:59.999000+00:00,7,79.7,2.9766,0.4327,0.2893,11,-1.0,stop_loss,10
1d740539-8ac3-4bd0-a3aa-7009804ac534,NEARUSDT,2026-03-02T00:54:59.999000+00:00,1,56.2,-0.0068,2.2123,0.6716,0,0.0,runner_trail,3
631ef66b-2c04-4b4c-96e1-f5e5a7d248ec,NEARUSDT,2026-03-02T04:29:59.999000+00:00,1,63.0,0.4195,2.2123,0.5203,4,0.0,runner_trail,1
d9eb6194-9568-4c80-9192-1f40c16b9939,NEARUSDT,2026-03-02T07:39:59.999000+00:00,1,63.0,-0.2414,2.2123,0.9062,7,-1.0,stop_loss,10
e315fc51-f9e1-4cf9-b72f-b9df20f00460,NEARUSDT,2026-03-16T00:49:59.999000+00:00,1,57.0,-0.3847,1.1121,0.3442,0,1.1454,runner_trail,19
03ea7b33-8249-4660-970c-f4a0dbfaaf90,NEARUSDT,2026-03-16T07:29:59.999000+00:00,1,56.2,-0.126,1.1121,0.3513,7,-1.0,stop_loss,10
c4c3e22f-98ba-483f-8105-1e14c2239c85,NEARUSDT,2026-05-06T00:54:59.999000+00:00,1,59.6,-0.7863,1.9318,0.3199,0,0.8914,runner_trail,15
9031712b-57ed-4b63-be88-9bb9bd8cea98,NEARUSDT,2026-05-06T05:44:59.999000+00:00,2,67.2,-0.5271,1.9318,0.4285,5,0.0,runner_trail,6
a82c328b-07a0-486b-a35a-e2396c2cc348,NEARUSDT,2026-05-06T09:29:59.999000+00:00,1,50.6,2.2117,1.9318,0.91,9,0.0,runner_trail,8
54ab4a7f-c45d-4d9b-b6f4-36c42caf04b5,NEARUSDT,2026-05-06T15:24:59.999000+00:00,1,57.5,-0.2575,1.9318,0.8273,15,0.0,runner_trail,4
daba3467-3ad5-4117-afa7-b9593427c2da,NEARUSDT,2026-05-06T19:54:59.999000+00:00,1,57.8,-1.192,1.9318,0.5261,19,0.0,runner_trail,8
199fa6b3-7935-4609-9862-30e064fca465,NEARUSDT,2026-05-07T04:19:59.999000+00:00,1,64.8,-0.208,0.4752,0.5109,4,0.0,runner_trail,10
89fd94ee-62c8-40eb-b581-c896f4c449db,NEARUSDT,2026-05-07T13:19:59.999000+00:00,2,69.9,-0.3903,0.4752,0.3714,13,-0.5026,unconfirmed_cut,10
78432f30-3b31-433f-ad20-a1ce6db55c86,NEARUSDT,2026-05-07T17:39:59.999000+00:00,1,55.9,-0.6279,0.4752,0.4968,17,0.0,runner_trail,13
71b2c16c-1362-44d7-91e0-376253da1afd,NEARUSDT,2026-05-08T00:09:59.999000+00:00,1,62.7,-0.244,1.0743,0.2619,0,-0.2074,unconfirmed_cut,10
a2f51ba1-a09f-4327-bca3-e32004828cc9,NEARUSDT,2026-05-08T04:09:59.999000+00:00,1,51.5,-0.1532,1.0743,0.4128,4,-0.6512,unconfirmed_cut,10
10ee542a-2203-437a-8bf2-77730e79f05e,NEARUSDT,2026-05-08T08:39:59.999000+00:00,1,55.0,0.3297,1.0743,0.7661,8,0.6159,runner_trail,14
9b674f25-fcad-46f8-88ce-f240ccda5290,NEARUSDT,2026-05-08T14:59:59.999000+00:00,8,82.5,2.0031,1.0743,0.5219,14,0.0,runner_trail,9
36e83df9-3625-4d3c-bb21-00d575382ca4,NEARUSDT,2026-05-08T18:54:59.999000+00:00,1,53.8,-0.9316,1.0743,0.3699,18,0.0,runner_trail,3
5f501034-42b8-4fb0-b965-659e458a0a2a,NEARUSDT,2026-05-08T22:39:59.999000+00:00,1,59.3,-0.4587,1.0743,0.4563,22,0.0,runner_trail,7
e819b533-36c0-4abf-84bb-263b15731086,NEARUSDT,2026-05-09T05:49:59.999000+00:00,1,60.3,0.2024,0.9744,0.2837,5,0.0,runner_trail,1
b346d638-8090-4393-8e15-a922037f0c11,NEARUSDT,2026-05-09T10:24:59.999000+00:00,1,62.5,-0.3577,0.9744,0.354,10,0.0,runner_trail,7
39a97b8f-8172-4f42-9e9e-f11974fe0c0f,NEARUSDT,2026-05-09T17:49:59.999000+00:00,6,78.7,1.8163,0.9744,0.2782,17,0.0,runner_trail,7
49db6805-6c5a-4332-bd2f-b90e85111ea2,NEARUSDT,2026-05-09T22:19:59.999000+00:00,8,82.3,0.9532,0.9744,0.2772,22,-1.0,stop_loss,3
b2250a31-ee48-4bbd-9022-ba7ad5e2b7b8,NEARUSDT,2026-05-12T02:29:59.999000+00:00,1,55.3,-0.5932,2.2277,0.4406,2,0.1191,unconfirmed_cut,10
26faf768-28dc-447c-a513-ef9c65c988f1,NEARUSDT,2026-05-12T06:54:59.999000+00:00,2,68.0,3.0244,2.2277,0.3218,6,-1.0,stop_loss,3
584f7728-e90d-41ad-9171-10f6e85784d5,SOLUSDT,2026-03-03T05:14:59.999000+00:00,2,69.9,0.6649,1.1437,0.3466,5,0.0,runner_trail,1
9ffc43fa-9e65-4a3b-903b-b9172b6f6967,SOLUSDT,2026-03-03T12:09:59.999000+00:00,1,61.1,2.2348,1.1437,0.3627,12,0.0,runner_trail,5
919e6148-dc0b-42d5-8af6-bea7b3d00794,SOLUSDT,2026-03-03T15:39:59.999000+00:00,1,65.6,2.0922,1.1437,0.8467,15,0.6096,runner_trail,11
e59ee29a-7e07-49a8-be64-03f93ca57234,SOLUSDT,2026-03-03T22:04:59.999000+00:00,5,76.1,0.2748,1.1437,0.4048,22,1.2475,runner_trail,18
5808d52b-f01c-43ca-9d45-4496e31844dd,SOLUSDT,2026-03-04T02:49:59.999000+00:00,1,55.7,-0.8848,0.5817,0.444,2,-1.0,stop_loss,9
92455913-cd3e-4002-8934-42a3f6f91f2c,SOLUSDT,2026-03-31T00:49:59.999000+00:00,8,81.6,2.7334,1.2705,0.2631,0,0.0,runner_trail,5
2ea9595f-02fc-4f55-8c9d-c69f158ef9fd,SOLUSDT,2026-03-31T05:49:59.999000+00:00,1,61.6,0.0843,1.2705,0.2145,5,0.0,runner_trail,2
ea215b6c-3317-46c4-bf73-d411eb265f1a,SOLUSDT,2026-03-31T14:14:59.999000+00:00,1,63.1,-0.1812,1.2705,0.4019,14,0.0,runner_trail,1
5e04bb82-e311-4d6f-afdd-8d7db5b78b76,SOLUSDT,2026-03-31T18:09:59.999000+00:00,1,54.5,-0.6087,1.2705,0.4852,18,0.0996,unconfirmed_cut,10
fcf43326-4f43-4836-8fa0-8b5a815d8e61,SOLUSDT,2026-04-01T03:04:59.999000+00:00,1,61.0,-0.2107,0.4551,0.2294,3,0.3868,runner_trail,1
36167276-d548-4a60-bb06-19d144876a05,SOLUSDT,2026-04-01T06:44:59.999000+00:00,1,64.3,1.1885,0.4551,0.2607,6,-1.0,stop_loss,8
0be44c0f-eaf5-4f8b-ac88-457df947b4d1,SOLUSDT,2026-04-16T02:29:59.999000+00:00,7,79.2,1.3421,1.7958,0.2131,2,0.0,runner_trail,4
edf25982-1be9-4ad5-8bc7-0ca0fa6a0ab0,SOLUSDT,2026-04-16T10:24:59.999000+00:00,5,76.2,3.5937,1.7958,0.2471,10,0.0,runner_trail,5
0b4904d6-009e-4398-954f-7a10cbd462ba,SOLUSDT,2026-04-16T14:49:59.999000+00:00,1,58.8,0.7305,1.7958,0.6154,14,0.3548,runner_trail,25
782c3019-772e-42e5-92e0-b08a7f21e443,SOLUSDT,2026-04-16T20:04:59.999000+00:00,2,67.3,2.1442,1.7958,0.3893,20,-1.0,stop_loss,8
53eca46d-1b2b-44f5-b828-1b043451222b,SOLUSDT,2026-04-29T00:54:59.999000+00:00,6,77.4,3.7404,1.8249,0.1504,0,-0.348,unconfirmed_cut,10
1d3ee484-3c96-46e6-b022-bdd86ce22b2b,SOLUSDT,2026-04-29T05:04:59.999000+00:00,1,65.5,3.4871,1.8249,0.1669,5,0.0,runner_trail,18
e075ea34-0986-49a4-99b7-e37997f8dbfb,SOLUSDT,2026-04-29T10:49:59.999000+00:00,1,59.2,0.2048,1.8249,0.2763,10,-0.6958,unconfirmed_cut,10
83cfbec1-a856-4a65-9b3c-8a35a3a6fb37,SOLUSDT,2026-04-29T16:04:59.999000+00:00,1,64.5,0.2369,1.8249,0.2851,16,-0.7568,unconfirmed_cut,10
fd340626-daba-4d3f-9949-c98d4e7377ce,SOLUSDT,2026-04-29T20:19:59.999000+00:00,1,61.5,-0.5056,1.8249,0.2419,20,2.3611,runner_trail,74
8a84aa96-8649-4fdc-8b45-33ab6dbcf2e8,SOLUSDT,2026-04-30T05:34:59.999000+00:00,2,70.4,0.2607,0.1987,0.1954,5,0.1487,unconfirmed_cut,10
fecf76c9-321a-4af3-8cdf-5840ae35d6f0,SOLUSDT,2026-04-30T09:29:59.999000+00:00,1,63.3,-0.0609,0.1987,0.1244,9,0.0,runner_trail,3
aa1e8396-771e-4399-83d3-f9f3da7e5677,SOLUSDT,2026-04-30T13:44:59.999000+00:00,8,81.3,2.9677,0.1987,0.1617,13,-1.0,stop_loss,3
cbc9db07-1525-4c52-bf2a-3675df19448f,SOLUSDT,2026-05-06T00:54:59.999000+00:00,2,67.0,-0.2738,1.0126,0.2049,0,0.1758,runner_trail,19
735447df-d565-4edc-ae8e-6db60fbf0c19,SOLUSDT,2026-05-06T07:09:59.999000+00:00,1,65.5,0.2025,1.0126,0.1573,7,0.0,runner_trail,9
00943add-c9b5-4567-8c82-59a83766f85f,SOLUSDT,2026-05-06T11:54:59.999000+00:00,1,58.6,0.301,1.0126,0.2515,11,-0.1063,unconfirmed_cut,10
9917f344-6b37-4372-8bcf-b3337712b24f,SOLUSDT,2026-05-06T18:44:59.999000+00:00,1,61.3,-0.0322,1.0126,0.2305,18,0.0,runner_trail,6
4ecb0b33-d876-40ae-bf4a-96a6002cde61,SOLUSDT,2026-05-07T04:14:59.999000+00:00,1,63.7,-0.1964,0.5916,0.2022,4,0.0,runner_trail,6
8645078b-1409-4292-992e-dd9cf070c312,SOLUSDT,2026-05-07T11:04:59.999000+00:00,1,61.0,0.0706,0.5916,0.2102,11,0.0,runner_trail,4
4a273016-f6fe-44b2-9def-e9f48a5cb471,SOLUSDT,2026-05-07T16:24:59.999000+00:00,1,63.1,-0.1121,0.5916,0.3093,16,0.0,runner_trail,1
1dcb6e57-2b0b-450c-b3d7-6ee0936a5d36,SOLUSDT,2026-05-08T02:34:59.999000+00:00,5,75.7,0.8549,0.9104,0.2081,2,-1.0,stop_loss,6
784a409a-7761-4ff0-81b8-e165aaa08be4,SOLUSDT,2026-05-10T03:39:59.999000+00:00,2,69.0,2.8221,1.9836,0.1584,3,-0.2164,unconfirmed_cut,10
a2060d9e-91b8-433b-8fa8-e6989cdc1bc6,SOLUSDT,2026-05-10T14:34:59.999000+00:00,1,63.7,-0.011,1.9836,0.1681,14,0.821,runner_trail,19
a3866203-e1d8-4937-aef3-d598f704a0d0,SOLUSDT,2026-05-10T20:09:59.999000+00:00,1,53.1,-0.743,1.9836,0.3062,20,-1.0,stop_loss,2
d722a246-d8b2-40d0-8bbc-07556ac400e2,XRPUSDT,2026-02-15T00:19:59.999000+00:00,9,82.8,3.2433,1.8087,0.4742,0,0.0,runner_trail,3
2890296d-d4eb-4081-ab94-21de909f89af,XRPUSDT,2026-02-15T04:19:59.999000+00:00,1,65.7,2.7345,1.8087,0.5025,4,0.0035,runner_trail,7
1e0cdefe-9127-4c48-a5a3-60311741d519,XRPUSDT,2026-02-15T07:59:59.999000+00:00,8,81.3,3.013,1.8087,0.6063,7,0.0,runner_trail,6
bea30356-fcdb-456e-963e-ff519f3dcc0f,XRPUSDT,2026-02-15T22:39:59.999000+00:00,9,84.1,0.9789,1.8087,0.3793,22,-1.0,stop_loss,5
13c8688e-3e62-42e0-beb5-9235403e5866,XRPUSDT,2026-02-28T00:09:59.999000+00:00,1,56.9,-0.0772,1.1381,0.1914,0,0.0,runner_trail,7
1da4c330-4f53-43a6-9988-1727b2799758,XRPUSDT,2026-02-28T13:14:59.999000+00:00,1,61.2,-0.5416,1.1381,0.2871,13,2.1624,runner_trail,7
381a558c-6800-4089-958d-734e004612cf,XRPUSDT,2026-02-28T17:59:59.999000+00:00,1,65.8,0.2683,1.1381,0.3374,17,0.3396,runner_trail,8
c7d7b7fc-b6b9-4b30-84d7-7dd5c41a1318,XRPUSDT,2026-02-28T22:34:59.999000+00:00,1,62.3,0.0127,1.1381,0.3994,22,0.0,runner_trail,1
5723498c-6099-4854-910f-fe72bd74915b,XRPUSDT,2026-03-01T02:29:59.999000+00:00,1,66.6,1.7421,0.6776,0.7493,2,-0.0224,unconfirmed_cut,10
b173a1e3-6e0d-4620-aace-7a1bd396a9ff,XRPUSDT,2026-03-01T12:19:59.999000+00:00,1,61.0,-0.5744,0.6776,0.2167,12,-1.0,stop_loss,3
1078b804-1619-452e-a46a-2efd0a3fdf75,XRPUSDT,2026-03-18T01:04:59.999000+00:00,2,70.5,0.7767,1.0806,0.2245,1,-0.7029,unconfirmed_cut,10
ac65ea37-5b2b-43d6-874a-5c6c00e80c21,XRPUSDT,2026-03-18T05:09:59.999000+00:00,1,54.6,-0.2552,1.0806,0.2437,5,0.0,runner_trail,1
8615bb88-33ca-496d-bd1a-6f4c15f1629f,XRPUSDT,2026-03-18T19:19:59.999000+00:00,1,54.9,-0.6861,1.0806,0.3589,19,-1.0,stop_loss,10
a5ca0a88-e9e0-4fd8-9e6b-c2c553a383b2,XRPUSDT,2026-04-16T00:34:59.999000+00:00,6,78.3,-0.0016,1.1979,0.1728,0,0.0,runner_trail,2
34d2ca14-165e-4c72-87b6-d0f130ebcad0,XRPUSDT,2026-04-16T08:49:59.999000+00:00,1,65.7,-0.3277,1.1979,0.1604,8,0.4019,runner_trail,5
ca1ad16c-c533-4811-b450-d91c0d7449d7,XRPUSDT,2026-04-16T13:14:59.999000+00:00,1,64.5,0.247,1.1979,0.2534,13,0.15,runner_trail,3
bcbf39a6-5f81-4e73-acd7-dbb77bdd53f3,XRPUSDT,2026-04-16T18:14:59.999000+00:00,1,56.3,-0.8346,1.1979,0.3637,18,1.9115,runner_trail,26
90ef2b82-a470-4038-8e1a-1413be979c6a,XRPUSDT,2026-04-17T08:34:59.999000+00:00,2,70.2,0.9746,1.176,0.2006,8,0.0,runner_trail,4
52145324-86de-42a8-bfe3-315a7085da9c,XRPUSDT,2026-04-17T13:09:59.999000+00:00,9,84.2,3.2513,1.176,0.319,13,0.3118,runner_trail,1
90125a38-8a5c-4312-b3c7-3cefa0ce0a00,XRPUSDT,2026-04-17T19:34:59.999000+00:00,1,58.6,-0.5048,1.176,0.2226,19,-0.7241,unconfirmed_cut,10
9f0db0de-0d4a-46cf-81b1-76350c9ea737,XRPUSDT,2026-04-18T05:39:59.999000+00:00,2,68.9,2.3079,0.7336,0.1593,5,-1.0,stop_loss,8
bce97a15-4e45-4e4b-8411-a3e89a905877,XRPUSDT,2026-04-29T04:34:59.999000+00:00,2,70.4,2.4714,1.508,0.1456,4,0.0,runner_trail,6
4ffc5140-dff8-4d12-948a-3616565fe387,XRPUSDT,2026-04-29T09:14:59.999000+00:00,1,63.7,-0.2959,1.508,0.1174,9,1.6465,runner_trail,7
5d23bf12-5da2-454e-815f-eae7a1b76e84,XRPUSDT,2026-04-29T21:49:59.999000+00:00,5,77.2,0.0055,1.508,0.1563,21,-0.28,unconfirmed_cut,10
aa2de42b-602d-40ba-94dd-8e22ec8a65d6,XRPUSDT,2026-04-30T06:34:59.999000+00:00,8,82.0,3.7195,0.1029,0.1835,6,-0.1909,unconfirmed_cut,10
8606cd9c-9b77-4c4e-a182-16b320048654,XRPUSDT,2026-04-30T12:19:59.999000+00:00,1,64.9,0.2415,0.1029,0.1435,12,-1.0,stop_loss,9
80eae92e-8a0c-493a-98d3-815038566133,XRPUSDT,2026-05-10T02:34:59.999000+00:00,7,80.1,9.1736,1.9276,0.1326,2,-0.149,unconfirmed_cut,10
1c522c6b-f553-4e9a-bda7-8294e7d84cab,XRPUSDT,2026-05-10T07:49:59.999000+00:00,2,67.2,0.8523,1.9276,0.1051,7,0.0,runner_trail,4
fd29f409-5dfe-4e5c-ab43-45c3f4adf7ea,XRPUSDT,2026-05-10T11:29:59.999000+00:00,2,67.3,3.174,1.9276,0.1392,11,0.0,runner_trail,1
551bc044-0157-4cda-b642-28495c621b4a,XRPUSDT,2026-05-10T15:34:59.999000+00:00,1,58.8,0.2641,1.9276,0.1799,15,0.0,runner_trail,1
4b22e687-5a10-4946-8bdf-1eee271b5620,XRPUSDT,2026-05-11T01:19:59.999000+00:00,1,63.5,-0.2951,0.6698,0.4365,1,-0.6625,unconfirmed_cut,10
fc156a02-8687-499c-bb31-32237ec58947,XRPUSDT,2026-05-11T11:19:59.999000+00:00,1,64.0,-0.7005,0.6698,0.1697,11,0.792,runner_trail,13
3070a617-9f44-43ca-aaa4-22bcbe7ceb90,XRPUSDT,2026-05-11T15:29:59.999000+00:00,5,76.0,5.4226,0.6698,0.3941,15,-0.1229,unconfirmed_cut,10
fb652fba-165c-4505-b0d5-c8c41f7fe85c,XRPUSDT,2026-05-11T19:39:59.999000+00:00,1,59.9,-0.8111,0.6698,0.2157,19,0.0,runner_trail,1
d0293b1d-7cc8-4c53-aba1-d580d574612d,XRPUSDT,2026-05-12T05:39:59.999000+00:00,2,68.2,-0.4411,1.281,0.1641,5,-1.0,stop_loss,5
d7c0095b-b7f4-4904-a8f8-895b0d3e0a5c,PENDLEUSDT,2026-03-01T01:34:59.999000+00:00,1,66.8,-0.32,1.1984,0.4325,1,1.3019,runner_trail,3
138ef80a-3366-4d6d-b628-6ba98bcdd334,PENDLEUSDT,2026-03-01T07:39:59.999000+00:00,1,63.6,-0.0085,1.1984,0.3784,7,-1.0,stop_loss,5
6e0ebdd1-a9e9-47a4-9cde-d986e9f867df,PENDLEUSDT,2026-04-07T04:24:59.999000+00:00,1,63.4,-0.0621,0.6433,0.238,4,0.5539,runner_trail,5
7cb36599-d559-4d02-9f5a-496d8399d7af,PENDLEUSDT,2026-04-07T09:09:59.999000+00:00,2,67.1,-0.1393,0.6433,0.3066,9,0.1293,unconfirmed_cut,10
1a24d7d4-8cab-4650-996e-5ce583bf6744,PENDLEUSDT,2026-04-07T15:29:59.999000+00:00,1,62.4,-0.3941,0.6433,0.3768,15,-0.5749,unconfirmed_cut,10
d0ea5bfa-c30b-4b59-988c-212b37e4f132,PENDLEUSDT,2026-04-07T19:29:59.999000+00:00,1,52.9,-0.6115,0.6433,0.3454,19,0.0,runner_trail,4
bf2c34a1-a972-44e5-b06f-7098b8f7c6a3,PENDLEUSDT,2026-04-16T01:39:59.999000+00:00,7,80.2,2.6406,1.2614,0.3052,1,0.0,runner_trail,1
518efc75-f504-464e-8b6c-96c9f87f2f20,PENDLEUSDT,2026-04-16T04:49:59.999000+00:00,1,64.3,2.3766,1.2614,0.4829,4,0.0,runner_trail,4
7202c5a4-999c-49ee-b480-aa5e949507d1,PENDLEUSDT,2026-04-16T09:19:59.999000+00:00,5,75.9,3.7826,1.2614,0.5162,9,0.0,runner_trail,1
f981ef4d-fe17-4fd8-bd87-15b8194f048e,PENDLEUSDT,2026-04-16T12:54:59.999000+00:00,5,76.9,2.8797,1.2614,0.4297,12,0.0,runner_trail,1
4fa589d4-1290-4e98-b9b1-3b95354b925a,PENDLEUSDT,2026-04-16T17:24:59.999000+00:00,2,68.9,2.342,1.2614,0.8598,17,2.6891,runner_trail,38
67cace99-7d1e-47c3-8e5d-df6fb53d7a47,PENDLEUSDT,2026-04-17T06:49:59.999000+00:00,5,75.4,1.9588,1.7336,0.419,6,0.0662,runner_trail,1
04b9f575-5572-42da-93c3-90bb090e5e30,PENDLEUSDT,2026-04-17T10:04:59.999000+00:00,1,65.2,2.3295,1.7336,1.1083,10,-1.0,stop_loss,5
ce79dab1-ddd4-410f-ab40-81b8ebe9fa08,PENDLEUSDT,2026-05-01T04:19:59.999000+00:00,1,54.8,-0.3566,4.5777,0.7637,4,0.0,runner_trail,1
e2119e1e-8761-474a-b214-c70b7d12c376,PENDLEUSDT,2026-05-01T07:34:59.999000+00:00,1,59.9,-0.2629,4.5777,0.7482,7,0.3499,runner_trail,10
36705c8a-783c-4826-8659-6ebc2401c025,PENDLEUSDT,2026-05-01T11:59:59.999000+00:00,8,81.8,5.3339,4.5777,1.0818,11,-1.0,stop_loss,9
4d39724f-5552-4731-8670-e6d76f13de6e,PENDLEUSDT,2026-05-10T02:39:59.999000+00:00,1,64.6,0.5123,1.2716,0.2991,2,-0.1924,unconfirmed_cut,10
8f4c9dd2-c847-458a-8385-74e64c72e2e0,PENDLEUSDT,2026-05-10T07:04:59.999000+00:00,1,66.1,0.2767,1.2716,0.2669,7,0.0,runner_trail,4
540ae2bf-d4c4-4159-a8ff-395018983dce,PENDLEUSDT,2026-05-10T10:39:59.999000+00:00,1,59.3,-0.3308,1.2716,0.3052,10,0.2463,runner_trail,1
79bc8620-a991-41e3-a432-f54cb896f660,PENDLEUSDT,2026-05-10T13:54:59.999000+00:00,1,60.8,2.0817,1.2716,0.3588,13,-1.0,stop_loss,1
61e8f153-037e-4867-a274-6c857a0c6c15,PENDLEUSDT,2026-05-14T02:24:59.999000+00:00,1,63.8,0.0204,0.2338,0.3056,2,0.0,runner_trail,1
a0dccfde-0c03-406c-a2a4-8d776f494d95,PENDLEUSDT,2026-05-14T06:39:59.999000+00:00,1,53.7,0.4338,0.2338,0.6005,6,-0.4131,unconfirmed_cut,10
6020d532-eb8a-4fb0-aa7f-4b6c4fa5b36c,PENDLEUSDT,2026-05-14T13:59:59.999000+00:00,6,77.7,3.0041,0.2338,0.5229,13,0.0,runner_trail,3
ba21bbb1-babc-40d1-b53b-6d14f48677d1,PENDLEUSDT,2026-05-14T17:24:59.999000+00:00,1,63.1,0.7005,0.2338,0.6254,17,0.7389,runner_trail,5
bd384f12-b907-4bf1-8cb0-0aa3699afcbc,DASHUSDT,2026-04-10T02:09:59.999000+00:00,8,81.9,1.6309,1.4211,0.9674,2,0.0,runner_trail,3
0559a5d9-09e5-4f83-9095-c713b9e2150f,DASHUSDT,2026-04-10T07:34:59.999000+00:00,8,82.3,3.6383,1.4211,0.9856,7,-0.6769,unconfirmed_cut,10
1d622070-7f4e-4637-a1dc-d45d79053cc9,DASHUSDT,2026-04-10T16:09:59.999000+00:00,5,75.8,2.3662,1.4211,1.6997,16,-0.5172,unconfirmed_cut,10
7ae26fb3-714e-4c87-ab28-f5bb20316d5d,DASHUSDT,2026-04-10T21:54:59.999000+00:00,1,62.3,-0.2568,1.4211,0.8925,21,0.0,runner_trail,1
fb2d771c-e00f-40f0-bec7-2b73854c44c6,DASHUSDT,2026-04-11T07:19:59.999000+00:00,2,68.4,0.8838,0.5178,0.706,7,-1.0,stop_loss,4
8e343d1d-804e-4c7c-ae92-ff11fce66fc6,DASHUSDT,2026-05-04T00:09:59.999000+00:00,1,65.8,0.0021,2.8979,0.5964,0,0.5266,runner_trail,8
08b26454-70f0-4161-be0c-38c07c33fd06,DASHUSDT,2026-05-04T04:19:59.999000+00:00,2,70.0,2.0969,2.8979,1.8101,4,-1.0,stop_loss,2
627fe65f-91c0-4cad-a1dd-896422333a48,WLDUSDT,2026-02-06T10:39:59.999000+00:00,1,58.5,2.5524,0.5442,0.6497,10,0.0,runner_trail,3
bbb39b2d-cc51-4e98-9402-ffa0cc8987e8,WLDUSDT,2026-02-06T16:49:59.999000+00:00,1,56.6,-0.2492,0.5442,0.7467,16,0.1745,runner_trail,15
ac59e5c7-fa45-4529-9960-d46a61bb34ef,WLDUSDT,2026-02-06T21:19:59.999000+00:00,1,57.6,-0.5053,0.5442,0.6099,21,-0.113,unconfirmed_cut,10
35afdaed-060d-42c0-b907-bff21605dbfe,WLDUSDT,2026-02-07T01:49:59.999000+00:00,1,62.0,-0.1087,0.2538,0.6159,1,0.9075,runner_trail,21
e8b45ca9-0f7a-46d6-a699-31e08a6ef55d,WLDUSDT,2026-02-07T12:09:59.999000+00:00,7,79.4,0.8977,0.2538,0.4554,12,0.4846,runner_trail,2
bc6c38e6-88c3-4d84-97d5-c0ec95a9f45b,WLDUSDT,2026-02-07T17:39:59.999000+00:00,1,56.9,-0.2853,0.2538,0.4871,17,0.0,runner_trail,17
a102319b-d3d2-46e8-9297-daa22a7fe0be,WLDUSDT,2026-03-12T07:34:59.999000+00:00,7,80.3,0.2002,2.576,0.2045,7,-1.0,stop_loss,8
3bd9cf91-4f24-4a49-b084-199a84dac4ad,WLDUSDT,2026-03-24T05:54:59.999000+00:00,1,59.0,-0.0949,0.2273,0.3006,5,0.0,runner_trail,4
5238e9c6-fee0-4e99-809e-370c5c16d59e,WLDUSDT,2026-03-24T12:39:59.999000+00:00,5,76.1,2.2557,0.2273,0.2731,12,0.0303,runner_trail,1
064f8c16-00d6-4ed4-ba80-02573af5c6e5,WLDUSDT,2026-03-24T16:34:59.999000+00:00,1,55.8,-0.3066,0.2273,0.3128,16,-1.0,stop_loss,7
3c5df07f-29a9-4a24-96a5-0f4b4663327b,WLDUSDT,2026-04-07T04:44:59.999000+00:00,1,61.3,-0.2174,0.323,0.2581,4,0.0136,runner_trail,1
aa0f2063-8cfa-4103-b534-32783502e7ba,WLDUSDT,2026-04-07T08:24:59.999000+00:00,1,60.5,-0.3525,0.323,0.3352,8,0.0,runner_trail,13
3586cf81-99ea-4a34-8500-e42d1200147b,WLDUSDT,2026-04-07T14:19:59.999000+00:00,1,57.8,0.3137,0.323,0.4397,14,0.0,runner_trail,1
7fe0fe8a-ec70-49c5-88bf-9fd0282bb033,WLDUSDT,2026-04-07T18:24:59.999000+00:00,7,79.1,3.0549,0.323,0.633,18,0.0,runner_trail,1
d2115f47-c376-43f7-8c60-f21bb0fd7a9c,WLDUSDT,2026-04-07T21:39:59.999000+00:00,1,65.8,3.7807,0.323,0.7678,21,0.0,runner_trail,2
88d5140a-752c-493c-b73e-7c9e8ac8160c,WLDUSDT,2026-04-13T01:14:59.999000+00:00,9,84.7,4.6848,1.0022,0.5398,1,0.6814,runner_trail,10
f1d9e9f6-efbf-4221-a0d9-89d43ff1fca4,WLDUSDT,2026-04-13T09:54:59.999000+00:00,1,54.4,-0.7109,1.0022,0.4571,9,0.0,runner_trail,3
bb039889-bf52-406e-a809-291f5ab437a5,WLDUSDT,2026-04-13T13:14:59.999000+00:00,2,67.1,2.073,1.0022,0.7416,13,0.0,runner_trail,7
48531757-00a4-4ced-895f-55192f5882b1,WLDUSDT,2026-04-13T20:44:59.999000+00:00,1,57.8,-0.8486,1.0022,0.4448,20,1.496,runner_trail,19
102c8748-42b7-4cf1-bde1-cbc79e08d596,WLDUSDT,2026-04-14T01:59:59.999000+00:00,1,53.1,-0.4472,0.6904,0.3759,1,0.0,runner_trail,1
69e2bf82-bb35-4f53-a357-676538e15bed,WLDUSDT,2026-04-14T05:09:59.999000+00:00,1,55.5,-0.3238,0.6904,0.5099,5,-1.0,stop_loss,7
1fa11741-3c8b-4965-816a-37d89fdc3714,WLDUSDT,2026-04-17T08:09:59.999000+00:00,1,57.4,-0.7367,3.1273,0.3176,8,-1.0,stop_loss,8
5b6ae1ef-d00d-42fa-b87f-c712347209bd,WLDUSDT,2026-04-27T00:59:59.999000+00:00,6,77.7,3.2851,1.2869,0.3159,0,0.2897,unconfirmed_cut,10
f8e4e11c-df6c-4916-992a-4a72be44315c,WLDUSDT,2026-04-27T04:54:59.999000+00:00,1,65.8,-0.1588,1.2869,0.2686,4,-1.0,stop_loss,3
09033c9f-ca57-4820-9f60-d43d440cfb4e,WLDUSDT,2026-05-04T02:34:59.999000+00:00,1,56.5,0.3677,1.1347,0.4685,2,0.0,runner_trail,6
18ba9b41-83cf-41c3-9de9-287a94bba5c6,WLDUSDT,2026-05-04T08:39:59.999000+00:00,1,54.5,-0.5287,1.1347,0.2785,8,-0.4766,unconfirmed_cut,10
1e12c327-4065-4c4b-9c26-62ca37bbfecc,WLDUSDT,2026-05-04T17:19:59.999000+00:00,1,57.2,-0.1313,1.1347,0.4152,17,0.0,runner_trail,13
b7a7ff9d-3716-4e7c-a46a-b48813c4c814,WLDUSDT,2026-05-04T22:04:59.999000+00:00,1,65.2,-0.4457,1.1347,0.2558,22,-1.0,stop_loss,3
0dcbab33-5d0b-498d-ae3e-923822700bc7,WLDUSDT,2026-05-10T03:04:59.999000+00:00,1,64.0,-0.1182,2.5649,0.3175,3,-0.1412,unconfirmed_cut,10
3a797732-5c01-4626-bb06-28fdff0f3f71,WLDUSDT,2026-05-10T07:19:59.999000+00:00,1,63.3,-0.417,2.5649,0.2526,7,0.0,runner_trail,1
0bf6891c-8d1c-46ca-8177-525b185dfd79,WLDUSDT,2026-05-10T14:54:59.999000+00:00,1,62.5,-0.0987,2.5649,0.3616,14,2.0094,runner_trail,12
3c0bb8ce-ed30-4df6-abbe-fdafdc3f459d,WLDUSDT,2026-05-10T19:49:59.999000+00:00,1,56.7,-0.2741,2.5649,0.4762,19,-1.0,stop_loss,6
229e6a23-b569-463f-8d30-57e0c537eaef,WLDUSDT,2026-05-14T01:54:59.999000+00:00,1,57.8,-0.8434,0.561,0.2632,1,-0.175,unconfirmed_cut,10
4e6d54b1-7e83-49c8-a335-8ac82128ee68,WLDUSDT,2026-05-14T06:54:59.999000+00:00,1,59.8,0.2919,0.561,0.3399,6,-0.6829,unconfirmed_cut,10
86e1ab0e-10a6-4243-8b48-d14f3302bd06,WLDUSDT,2026-05-14T13:49:59.999000+00:00,1,65.9,0.4875,0.561,0.3759,13,-1.0,stop_loss,2
c13b2f17-83e7-45b9-9d7e-7dac31d6cb05,TONUSDT,2026-04-11T00:19:59.999000+00:00,2,69.2,0.1629,1.6451,0.206,0,0.0,runner_trail,1
20001521-82d9-4286-9c80-a681e8b493fa,TONUSDT,2026-04-11T03:39:59.999000+00:00,2,67.1,-0.0076,1.6451,0.2347,3,0.0,runner_trail,2
ce80b138-89da-4862-a201-fc765d1f451a,TONUSDT,2026-04-11T07:24:59.999000+00:00,5,76.6,3.0697,1.6451,0.2222,7,0.0,runner_trail,1
a1da4d1d-b2fe-4623-8003-fbd8126018ca,TONUSDT,2026-04-11T11:14:59.999000+00:00,1,60.0,0.5299,1.6451,0.5157,11,0.0,runner_trail,1
8cc1297a-bff7-4d3b-ad8d-7ef942a54c6e,TONUSDT,2026-04-11T16:54:59.999000+00:00,1,62.1,-0.5817,1.6451,0.4385,16,0.0,runner_trail,1
251d284f-f633-406f-8738-1779154002d1,TONUSDT,2026-04-12T07:44:59.999000+00:00,1,58.7,-0.2712,0.883,0.3703,7,-1.0,stop_loss,6
570339fe-76d0-4899-86b0-ce393a4cc9c2,TONUSDT,2026-04-20T03:44:59.999000+00:00,1,61.7,0.0873,0.2858,0.1861,3,0.0,runner_trail,6
bc041259-8877-4416-aa67-ef4e9fea432a,TONUSDT,2026-04-20T11:39:59.999000+00:00,1,65.4,-0.2291,0.2858,0.1511,11,0.6144,runner_trail,9
82633579-9611-47d8-beee-86ae12e9c3e5,TONUSDT,2026-04-20T18:49:59.999000+00:00,1,56.6,-0.5411,0.2858,0.1803,18,0.05,runner_trail,1
d87e8f88-b90b-4a5f-9376-8fc0bc338baa,TONUSDT,2026-04-20T23:19:59.999000+00:00,1,60.7,-0.3549,0.2858,0.2563,23,0.0,runner_trail,1
de06d742-0f0d-4818-9164-ca24ccfa7bca,TONUSDT,2026-05-04T00:04:59.999000+00:00,5,76.1,2.8711,3.7918,0.1829,0,0.0,runner_trail,1
bf905741-eb2e-4cce-9ae3-0c8ae4a5b021,TONUSDT,2026-05-04T04:09:59.999000+00:00,1,64.2,0.8707,3.7918,0.2373,4,0.4438,runner_trail,7
6ce3fc0c-b82d-4347-97bb-b8d9fbb644f9,TONUSDT,2026-05-04T07:54:59.999000+00:00,1,65.0,-0.1044,3.7918,0.2158,7,0.0,runner_trail,7
ff8cb6a6-c965-49c1-b47d-51a886ee778a,TONUSDT,2026-05-04T11:54:59.999000+00:00,1,55.4,-0.3086,3.7918,0.2385,11,0.0,runner_trail,3
5e56adb6-8675-4deb-a018-99f46b892c00,TONUSDT,2026-05-04T18:24:59.999000+00:00,1,57.7,-0.2642,3.7918,0.5595,18,0.0,runner_trail,14
b96305ac-0feb-4b82-9430-4c60e72c2805,TONUSDT,2026-05-05T00:39:59.999000+00:00,6,77.5,3.8436,15.5612,1.4871,0,0.7677,runner_trail,4
e351261f-ba45-451c-bee6-ecf7f6a438c2,TONUSDT,2026-05-05T08:04:59.999000+00:00,1,57.2,-0.4801,15.5612,1.2515,8,0.0,runner_trail,9
7dbc5076-9385-488e-84d1-fc91e0c7f495,TONUSDT,2026-05-05T12:19:59.999000+00:00,1,63.1,2.4146,15.5612,1.3527,12,-0.451,unconfirmed_cut,10
0548f4f4-7d93-402a-9eff-b7b9016de47d,TONUSDT,2026-05-05T18:29:59.999000+00:00,1,51.8,-1.4356,15.5612,0.8949,18,1.4617,runner_trail,19
3f2a638a-c082-4731-8a75-cb5516fe5139,TONUSDT,2026-05-05T23:14:59.999000+00:00,1,54.7,-0.5572,15.5612,1.3633,23,-0.7404,unconfirmed_cut,10
232b8516-b4ed-4c6c-9d2f-be4ec171b4ee,TONUSDT,2026-05-06T04:09:59.999000+00:00,9,84.3,3.1807,24.2735,1.0764,4,0.0,runner_trail,1
4df27149-72a3-4319-b62b-54ff0fc1931c,TONUSDT,2026-05-06T11:04:59.999000+00:00,2,68.9,0.8908,24.2735,1.4303,11,-0.7917,unconfirmed_cut,10
b6f1e651-cb61-4b23-90e4-dda794109153,TONUSDT,2026-05-06T22:54:59.999000+00:00,1,55.8,-0.6744,24.2735,1.1283,22,-0.1072,unconfirmed_cut,10
1e5e58ce-ae11-4ce7-a986-e24778644d41,TONUSDT,2026-05-07T03:09:59.999000+00:00,2,69.9,3.9207,29.2047,2.103,3,-0.4699,unconfirmed_cut,10
2ed3ac40-feb4-41e2-bd99-e6f6fcff35e8,TONUSDT,2026-05-08T08:34:59.999000+00:00,1,62.3,-0.2714,6.4185,1.0373,8,-1.0,stop_loss,6
839b6d0b-15d7-4b4a-985f-fd975be9c1a6,CHZUSDT,2026-03-28T01:44:59.999000+00:00,1,54.8,-0.6646,1.059,0.3443,1,0.036,runner_trail,8
fd4df4b4-c384-42b6-970a-71c6e657f889,CHZUSDT,2026-03-28T06:19:59.999000+00:00,7,80.6,3.0598,1.059,0.403,6,0.0,runner_trail,9
374b39a2-e97a-4593-b826-007feeed7bba,CHZUSDT,2026-03-28T10:54:59.999000+00:00,1,61.5,-0.7681,1.059,0.3708,10,-0.1161,unconfirmed_cut,10
19e5771a-5bea-4f53-99e6-8a1c9d93f713,CHZUSDT,2026-03-28T15:24:59.999000+00:00,1,62.0,3.2871,1.059,0.8822,15,-0.0452,unconfirmed_cut,10
248836c5-f828-44a0-b261-9293332ea3cd,CHZUSDT,2026-03-29T03:39:59.999000+00:00,1,59.6,-0.7184,1.0625,0.6418,3,0.0773,unconfirmed_cut,10
e6f3ccd5-341d-4823-b58c-2ab321ca83be,CHZUSDT,2026-03-30T11:14:59.999000+00:00,2,70.3,3.5193,0.892,0.9523,11,-1.0,stop_loss,10
2d85217d-7a20-437f-b4ee-9834edc74e18,CHZUSDT,2026-04-13T02:59:59.999000+00:00,1,62.3,-0.181,0.1022,0.3619,2,0.0,runner_trail,6
2d1d8ca7-7e71-4a0a-8e38-331a8ebce088,CHZUSDT,2026-04-13T08:24:59.999000+00:00,2,68.1,0.1003,0.1022,0.3345,8,-1.0,stop_loss,5
1b0a7855-982a-4953-b0d7-f7cb376b619c,CHZUSDT,2026-04-20T00:29:59.999000+00:00,8,81.1,1.8721,1.0061,0.4823,0,0.655,runner_trail,9
1d95714b-796b-4fb0-a367-a98b8a2b34d1,CHZUSDT,2026-04-20T04:54:59.999000+00:00,1,50.9,-0.1382,1.0061,0.7329,4,-1.0,stop_loss,9
f75e23b6-bfb4-4735-8e45-06426476ea85,CHZUSDT,2026-05-15T00:14:59.999000+00:00,8,81.1,4.2659,1.3443,0.4047,0,-1.0,stop_loss,4
78de217e-4ac3-48e8-90ad-dea4259e14bd,QNTUSDT,2026-02-06T01:49:59.999000+00:00,1,52.7,-0.1451,0.9195,0.9845,1,0.1114,unconfirmed_cut,10
374b6c76-f55d-4254-9747-8af9d9f684c9,QNTUSDT,2026-02-06T05:54:59.999000+00:00,7,80.4,0.837,0.9195,0.7495,5,0.0,runner_trail,3
796ce305-bba4-400f-a25b-e7b288663cd1,QNTUSDT,2026-02-06T09:54:59.999000+00:00,7,79.8,4.9652,0.9195,0.8616,9,0.0,runner_trail,10
cdc0efd6-4d49-4afb-ba69-ef95871a9e4c,QNTUSDT,2026-02-06T17:54:59.999000+00:00,1,44.6,-1.0061,0.9195,0.8383,17,-0.7585,unconfirmed_cut,10
f2c64178-737c-457f-a620-f9336976779e,QNTUSDT,2026-02-06T23:44:59.999000+00:00,1,46.0,-0.8054,0.9195,0.4875,23,-1.0,stop_loss,9
72f27a25-5b71-4233-9c32-9b9e516df08a,QNTUSDT,2026-03-19T00:14:59.999000+00:00,1,62.7,2.0726,1.8134,0.727,0,-0.6869,unconfirmed_cut,10
5a741613-d2ba-42da-acef-707a62ca1aaf,QNTUSDT,2026-03-19T13:59:59.999000+00:00,1,51.2,-0.3637,1.8134,0.7942,13,-0.0131,unconfirmed_cut,10
3243bc58-7811-47b4-ba68-7583666da528,QNTUSDT,2026-03-19T21:14:59.999000+00:00,1,57.7,-0.5485,1.8134,0.4345,21,-0.6466,unconfirmed_cut,10
68efd7f2-537a-4500-a94b-e629b0b826b0,QNTUSDT,2026-03-21T02:19:59.999000+00:00,1,56.1,-0.8023,0.2213,0.2868,2,0.0,runner_trail,12
ffadf432-cb74-42ad-bc36-d02df5cee7fe,QNTUSDT,2026-03-21T07:39:59.999000+00:00,1,61.2,-0.9318,0.2213,0.1874,7,-1.0,stop_loss,5
3b4d0be2-6048-489f-b16f-363c58e30294,QNTUSDT,2026-05-14T00:54:59.999000+00:00,1,61.1,-0.4683,1.001,0.207,0,-1.0,stop_loss,9
674701c7-9ca4-4e95-a2d0-705b7ad0d795,NMRUSDT,2026-01-31T01:09:59.999000+00:00,1,57.9,-0.7386,2.4299,0.4585,1,0.0,runner_trail,1
9eda5227-a4a6-4b1e-b91d-381f71d7e96b,NMRUSDT,2026-01-31T10:19:59.999000+00:00,1,60.9,-0.1782,2.4299,0.3742,10,0.202,runner_trail,2
4a779df4-ffa3-4258-ab85-c09b21a0fbb4,NMRUSDT,2026-01-31T22:29:59.999000+00:00,1,51.8,-0.7372,2.4299,0.6001,22,1.1755,runner_trail,11
122f5c18-87a7-4bb6-93fc-09157b5e6a7b,NMRUSDT,2026-02-02T04:19:59.999000+00:00,1,61.6,0.3877,0.3733,1.0904,4,0.0,runner_trail,9
255950ad-6a97-43f5-a21d-6ac7aaa8e3db,NMRUSDT,2026-02-02T08:19:59.999000+00:00,1,64.2,1.6808,0.3733,0.9875,8,0.0,runner_trail,4
97f7de21-7a96-4889-97d7-c6e5cf599f10,NMRUSDT,2026-02-02T13:59:59.999000+00:00,1,53.2,-0.8482,0.3733,0.422,13,-1.0,stop_loss,4
10fa8b95-dc4a-454e-b771-04c94dd7700d,NMRUSDT,2026-02-06T04:19:59.999000+00:00,6,78.5,-0.2846,0.3902,0.7989,4,0.0,runner_trail,7
53e9e85f-de50-4bad-b8ff-fcb845f04775,NMRUSDT,2026-02-06T07:59:59.999000+00:00,1,64.0,0.4392,0.3902,0.7389,7,0.0,runner_trail,2
ca8d89b9-922d-484d-b0ed-1ee70467a68b,NMRUSDT,2026-02-06T11:19:59.999000+00:00,1,59.7,-0.4425,0.3902,0.4926,11,-1.0,stop_loss,8
5bb0c93d-b0ba-42cd-8e8a-be6379f42764,NMRUSDT,2026-02-23T07:49:59.999000+00:00,1,58.9,-0.3055,1.5937,0.2243,7,-1.0,stop_loss,10
4d8175ed-3036-4649-8cc5-7d825b594079,NMRUSDT,2026-04-02T05:54:59.999000+00:00,2,69.3,2.1191,5.7176,1.0038,5,1.4086,runner_trail,28
9325d98f-362a-4547-aff6-91dd4112cee3,NMRUSDT,2026-04-02T11:44:59.999000+00:00,1,60.1,2.376,5.7176,1.3188,11,-0.3603,unconfirmed_cut,10
92aa5faf-07f5-4e42-8ece-79306ef9fcc2,NMRUSDT,2026-04-02T17:19:59.999000+00:00,1,56.9,2.0264,5.7176,1.7723,17,0.3765,runner_trail,1
0ffcb71c-bc54-4587-9804-21f52386d2fd,NMRUSDT,2026-04-03T14:09:59.999000+00:00,2,69.2,1.1547,1.0947,0.4151,14,-1.0,stop_loss,6
77da3368-4dd5-41ad-a33c-4858c9b28215,NMRUSDT,2026-04-11T01:54:59.999000+00:00,1,63.9,-0.8369,1.1507,0.3822,1,0.0,runner_trail,2
3cdc7797-1ec4-4d6c-9d30-7b87bceb7b7e,NMRUSDT,2026-04-11T08:14:59.999000+00:00,6,78.5,4.1719,1.1507,0.3286,8,0.0907,runner_trail,5
1d310faf-6b25-4a0a-9c64-6051b27f2d8b,NMRUSDT,2026-04-11T20:44:59.999000+00:00,1,57.8,-0.3745,1.1507,0.528,20,-0.2679,unconfirmed_cut,10
fc63529a-c49e-4813-bcb4-23a804fe45cf,NMRUSDT,2026-04-12T06:59:59.999000+00:00,1,58.4,-0.5546,0.2317,0.2974,6,0.0,runner_trail,1
545e080a-0a2c-4dbb-820e-18932d351581,NMRUSDT,2026-04-12T15:44:59.999000+00:00,1,56.5,-0.4386,0.2317,0.359,15,0.3544,runner_trail,11
d8d511a5-3b6b-48d7-b072-7f8c350a6370,NMRUSDT,2026-04-12T21:54:59.999000+00:00,8,80.8,5.6619,0.2317,0.4791,21,-1.0,stop_loss,2
afa4bfb1-0612-43a3-a2d2-315e0cd082d8,NMRUSDT,2026-05-16T00:14:59.999000+00:00,1,52.5,2.0331,6.0522,0.8106,0,0.0,runner_trail,4
143e64b5-76d2-47d9-b536-a9cde222510f,NMRUSDT,2026-05-16T03:49:59.999000+00:00,1,56.7,-0.7936,6.0522,0.4811,3,0.0,runner_trail,5
dcc3f5e3-f07d-434a-be86-072d50dd5ba5,NMRUSDT,2026-05-16T09:09:59.999000+00:00,9,84.0,2.2728,6.0522,0.4417,9,-1.0,stop_loss,2
e2b212ac-0c43-42db-9981-94ecd4564318,UNIUSDT,2026-02-13T01:09:59.999000+00:00,2,68.1,-0.3459,0.2262,0.42,1,0.1296,runner_trail,10
dbe9180c-dc80-4190-93f5-28ecc4b62b14,UNIUSDT,2026-02-13T06:54:59.999000+00:00,1,63.5,-0.2163,0.2262,0.428,6,0.3871,runner_trail,10
7933b761-0d7e-46c9-a069-7b6c23f8369e,UNIUSDT,2026-02-13T13:04:59.999000+00:00,9,82.8,5.6495,0.2262,0.3376,13,0.0,runner_trail,3
363c9efb-cef4-4883-8db9-ae8a264c1637,UNIUSDT,2026-02-13T16:44:59.999000+00:00,1,52.9,0.2503,0.2262,0.7388,16,-0.5429,unconfirmed_cut,10
b9a0a1de-4850-4ba3-9a57-56aa25f969ea,UNIUSDT,2026-02-13T21:04:59.999000+00:00,2,68.6,-0.0323,0.2262,0.2622,21,0.0,runner_trail,1
5e19870c-4084-4016-8875-5f446f429e65,UNIUSDT,2026-04-29T03:09:59.999000+00:00,1,62.6,-0.6134,1.1512,0.1497,3,0.3206,runner_trail,2
073843f4-f95f-4bd3-976d-ea6119e927c4,UNIUSDT,2026-04-29T10:44:59.999000+00:00,1,57.8,2.4039,1.1512,0.3065,10,-0.5915,unconfirmed_cut,10
62dbc204-f4ba-46fc-b0ff-b905b3f1cf30,UNIUSDT,2026-04-29T17:59:59.999000+00:00,2,67.6,-0.6285,1.1512,0.2512,17,-1.0,stop_loss,2
d5858832-14fa-478e-b489-1b2fe9925ede,UNIUSDT,2026-05-10T00:24:59.999000+00:00,1,58.1,0.5895,1.3587,0.5443,0,-1.0,stop_loss,6
053f7d0e-6ade-413f-8872-5748342b22a1,BNBUSDT,2026-02-13T08:24:59.999000+00:00,1,63.8,0.1205,0.3344,0.2238,8,0.3521,runner_trail,8
e881ab8e-dace-4a6e-b33e-74c680a62f16,BNBUSDT,2026-02-13T14:29:59.999000+00:00,2,68.6,3.9489,0.3344,0.3384,14,0.0,runner_trail,1
f40cdd47-021e-4848-9d9f-2e6b86a64437,BNBUSDT,2026-02-13T19:24:59.999000+00:00,5,76.8,0.5022,0.3344,0.2447,19,-1.0,stop_loss,4
3e4e7a5f-eac5-401d-b54c-ca2d609da7be,BNBUSDT,2026-04-02T14:34:59.999000+00:00,2,70.0,1.3169,1.2687,0.3621,14,0.0,runner_trail,3
4982872f-3b23-4b93-9881-afeb50fb6faa,BNBUSDT,2026-04-04T06:04:59.999000+00:00,1,65.5,3.1411,0.1199,0.0688,6,0.6599,runner_trail,2
1ee91a57-ce85-4f95-ba90-11852254fae4,BNBUSDT,2026-04-04T16:29:59.999000+00:00,2,69.9,3.0254,0.1199,0.0892,16,-1.0,stop_loss,7
01b9cfca-7049-42e4-b714-4a8c50078dfd,BNBUSDT,2026-04-16T00:34:59.999000+00:00,5,75.9,0.6106,1.3043,0.1323,0,0.0,runner_trail,5
524027ff-4291-4ab3-959e-0639a254187c,BNBUSDT,2026-04-16T05:24:59.999000+00:00,1,65.1,-0.0637,1.3043,0.1335,5,0.0,runner_trail,16
9010f3d3-c000-44d0-b071-06a9521fd173,BNBUSDT,2026-04-16T15:09:59.999000+00:00,1,59.1,0.2776,1.3043,0.2424,15,0.0,runner_trail,5
54ec9176-bc3d-462b-889d-a8acd4ec9576,BNBUSDT,2026-04-16T20:14:59.999000+00:00,1,59.0,-0.4252,1.3043,0.1913,20,-1.0,stop_loss,4
675702c8-5d17-45bf-afec-0b1a84384a34,BNBUSDT,2026-05-04T01:59:59.999000+00:00,6,78.6,6.2962,1.0693,0.1964,1,0.0,runner_trail,2
f5fb0309-d069-444f-9eb5-fa0050f12487,BNBUSDT,2026-05-04T05:39:59.999000+00:00,1,58.8,-0.0655,1.0693,0.1659,5,-1.0,stop_loss,8
91e7affc-cc61-4f26-b01e-430d721fe19f,BNBUSDT,2026-05-13T01:44:59.999000+00:00,2,68.2,1.4555,1.3235,0.2733,1,0.0194,unconfirmed_cut,10
8caffe38-8fea-4609-9dae-6ea44615d930,BNBUSDT,2026-05-13T08:04:59.999000+00:00,5,77.2,1.6648,1.3235,0.1445,8,-1.0,stop_loss,3
624e8391-e574-4a65-8af1-062407cbc6c6,1000LUNCUSDT,2026-02-01T00:04:59.999000+00:00,2,68.3,-0.0952,1.1294,0.5123,0,0.0,runner_trail,6
225cb789-ee7f-49c8-bf67-68b6d3ecfaea,1000LUNCUSDT,2026-02-01T03:49:59.999000+00:00,1,55.9,-0.6002,1.1294,0.4056,3,0.482,runner_trail,22
40355594-7c53-4e8c-8039-b2e53193e086,1000LUNCUSDT,2026-02-01T08:44:59.999000+00:00,7,79.9,1.7618,1.1294,0.3876,8,0.4912,runner_trail,10
77f501c9-6b90-4f3a-b34e-18eb52af9fbc,1000LUNCUSDT,2026-02-01T13:14:59.999000+00:00,1,55.5,-0.2223,1.1294,0.8126,13,0.0,runner_trail,12
17f3028d-3c31-4f74-a9c2-14d8df921254,1000LUNCUSDT,2026-02-01T17:54:59.999000+00:00,7,79.6,3.6896,1.1294,1.113,17,0.0,runner_trail,2
b291ac6a-71bd-4985-ba15-ecbd9261ba88,1000LUNCUSDT,2026-02-02T01:29:59.999000+00:00,1,60.3,-0.4043,0.2821,0.8045,1,-0.3609,unconfirmed_cut,10
754c5e30-f25f-4f9f-8ddc-dbba9e55650c,1000LUNCUSDT,2026-02-02T05:49:59.999000+00:00,1,49.4,0.9783,0.2821,1.0255,5,-0.8989,unconfirmed_cut,10
9c7a88be-f593-4810-a960-6774ba4b3093,1000LUNCUSDT,2026-02-02T09:49:59.999000+00:00,1,62.3,-0.4447,0.2821,0.5724,9,-1.0,stop_loss,6
bde56710-a2c7-4994-bf21-666e2f6ac5fd,1000LUNCUSDT,2026-02-27T01:34:59.999000+00:00,8,81.0,3.6799,3.6599,0.9077,1,0.0,runner_trail,6
0cc951f4-4697-4fb4-8de8-bf79b67944eb,1000LUNCUSDT,2026-02-27T05:09:59.999000+00:00,2,69.3,4.609,3.6599,2.3448,5,-1.0,stop_loss,3
0ab81eea-7735-46b0-878b-14dee93809f8,1000LUNCUSDT,2026-04-26T00:29:59.999000+00:00,1,61.1,-0.2965,1.4989,0.4314,0,-1.0,stop_loss,7
1911d5d6-4b30-4922-8047-8d45d87aa083,ZECUSDT,2026-02-14T02:04:59.999000+00:00,1,58.0,-0.3005,1.7203,0.7557,2,0.0,runner_trail,8
f702e123-8674-4fe8-b07c-3098a925be15,ZECUSDT,2026-02-14T06:34:59.999000+00:00,1,55.0,-0.0937,1.7203,0.6177,6,0.8372,runner_trail,21
8f8e0ade-76be-4285-9794-0e616f13c201,ZECUSDT,2026-02-14T11:24:59.999000+00:00,2,68.4,1.3997,1.7203,0.4698,11,-1.0,stop_loss,3
c7c02169-133b-4668-b057-e4cda50ee5b2,ZECUSDT,2026-03-16T03:24:59.999000+00:00,2,68.7,0.3604,1.5878,0.47,3,0.0,runner_trail,1
e934a67b-905a-476a-8887-5b6f04664983,ZECUSDT,2026-03-16T06:39:59.999000+00:00,1,57.4,-0.6847,1.5878,0.475,6,-0.5153,unconfirmed_cut,10
119087c1-d312-40a9-8652-740703bad1d2,ZECUSDT,2026-03-16T10:49:59.999000+00:00,1,58.8,-0.4338,1.5878,0.3731,10,-1.0,stop_loss,5
2907fdf9-700f-4938-b27e-618fce5b0470,ZECUSDT,2026-04-07T00:09:59.999000+00:00,1,59.9,1.6576,1.5044,0.5335,0,-0.2895,unconfirmed_cut,10
56f983e8-cd22-4c6f-99ce-64fb4738e2d2,ZECUSDT,2026-04-07T04:14:59.999000+00:00,1,59.1,0.4077,1.5044,0.3743,4,0.0,runner_trail,2
7a384e72-27ff-4d0a-a8c9-b4afa124bf40,ZECUSDT,2026-04-07T09:04:59.999000+00:00,2,69.4,0.9317,1.5044,0.4807,9,0.0,runner_trail,1
93417aeb-c0d6-4e58-8c45-9006b8e7c777,ZECUSDT,2026-04-07T14:49:59.999000+00:00,1,56.0,0.0391,1.5044,0.6722,14,0.1235,runner_trail,12
4dedc646-f424-4e25-b123-7138b58b6216,ZECUSDT,2026-04-07T19:54:59.999000+00:00,1,56.5,-0.5564,1.5044,0.4374,19,1.4064,runner_trail,11
7145cf70-f06a-4981-887f-a524e1b09b39,ZECUSDT,2026-04-08T05:04:59.999000+00:00,1,58.5,-0.6581,1.057,0.5937,5,-0.4293,unconfirmed_cut,10
ac0e8f97-53bf-4c09-ae9c-c373df468281,ZECUSDT,2026-04-08T09:09:59.999000+00:00,1,57.6,0.5508,1.057,0.678,9,0.0,runner_trail,5
a4ce60bf-8108-4f00-b299-cf3987b09472,ZECUSDT,2026-04-08T13:29:59.999000+00:00,1,49.9,-0.464,1.057,0.7677,13,0.0,runner_trail,4
b3e43108-b320-4a9a-9cbc-492502dac00c,ZECUSDT,2026-04-08T18:34:59.999000+00:00,2,70.2,-0.0206,1.057,0.58,18,-1.0,stop_loss,4
4b3cdd51-8011-4b77-9f1e-f4ecb45b3f31,ZECUSDT,2026-04-14T06:54:59.999000+00:00,7,79.7,2.3565,1.0817,0.4443,6,-1.0,stop_loss,9
21f7186f-37bc-4a60-b4c7-36541d0d1fd8,ZECUSDT,2026-04-30T00:49:59.999000+00:00,1,59.7,-0.1842,0.6209,0.3021,0,-0.1213,unconfirmed_cut,10
cdeb052d-f247-4786-9e75-89b33b6bc117,ZECUSDT,2026-04-30T05:14:59.999000+00:00,2,70.2,0.4812,0.6209,0.3735,5,0.0,runner_trail,9
2f09a3fb-bc32-414f-b286-526b7de346d9,ZECUSDT,2026-04-30T09:29:59.999000+00:00,1,62.4,-0.3038,0.6209,0.2988,9,-0.2732,unconfirmed_cut,10
9419873b-6ee3-4a92-b5cd-84db69d3f21c,ZECUSDT,2026-04-30T16:44:59.999000+00:00,1,65.1,2.7589,0.6209,0.2957,16,0.5024,runner_trail,2
25c9ab74-414f-464e-adc6-c89de189fdee,ZECUSDT,2026-04-30T20:04:59.999000+00:00,1,63.1,0.6024,0.6209,0.5748,20,0.0,runner_trail,6
37a6927b-431d-4e6c-b19a-d9c87e2def8b,ZECUSDT,2026-04-30T23:49:59.999000+00:00,7,80.7,0.1543,0.6209,0.3139,23,-1.0,stop_loss,7
7e5ce899-1740-4d68-8f15-b0847cf4d1b8,1000PEPEUSDT,2026-04-16T02:04:59.999000+00:00,9,83.4,2.0611,2.0572,0.4432,2,0.0,runner_trail,1
246beca1-8c63-45ff-bf15-c5da407cef5d,1000PEPEUSDT,2026-04-16T15:54:59.999000+00:00,1,49.5,-0.5252,2.0572,0.7164,15,0.1548,runner_trail,12
efb51ccf-cf68-4b4c-9e30-d96ba14bf541,1000PEPEUSDT,2026-04-16T20:59:59.999000+00:00,1,52.8,-1.0709,2.0572,0.6128,20,-1.0,stop_loss,5
762b7815-dccb-43b6-bcce-7b203f9e6098,1000PEPEUSDT,2026-04-29T04:34:59.999000+00:00,5,76.5,5.7446,1.565,0.2725,4,0.0,runner_trail,6
6b81105a-ce20-4b0b-9924-6b3747c84d69,1000PEPEUSDT,2026-04-29T08:09:59.999000+00:00,1,56.8,2.0273,1.565,0.3503,8,0.0,runner_trail,2
bf39ff07-19b6-49cb-b778-1e4077f040b5,1000PEPEUSDT,2026-04-29T20:19:59.999000+00:00,1,57.5,-0.7463,1.565,0.3494,20,0.7718,runner_trail,37
75023a27-5c79-431a-99fc-031f24e06df5,1000PEPEUSDT,2026-04-30T06:54:59.999000+00:00,1,66.1,-0.0001,0.1829,0.281,6,0.0,runner_trail,2
a09c2f7e-be8d-44ef-8ff5-85395d8fab8f,1000PEPEUSDT,2026-04-30T12:24:59.999000+00:00,1,54.6,0.2112,0.1829,0.3193,12,-1.0,stop_loss,6
2ec4acb4-fe24-4870-a3e8-c25a23aab8a5,1000PEPEUSDT,2026-05-10T03:04:59.999000+00:00,1,61.6,-0.2974,1.4981,0.22,3,-0.3991,unconfirmed_cut,10
6b5d7f94-e9b5-4ce4-9699-cb4a352a42ac,1000PEPEUSDT,2026-05-10T08:09:59.999000+00:00,7,80.8,0.3442,1.4981,0.2206,8,0.0,runner_trail,3
17cd10be-c796-4003-962a-b264714c3544,1000PEPEUSDT,2026-05-10T15:39:59.999000+00:00,1,66.5,2.2172,1.4981,0.238,15,0.9547,runner_trail,8
c21ed904-b598-4188-92ac-74db666fc23c,1000PEPEUSDT,2026-05-11T08:19:59.999000+00:00,1,64.6,-0.4086,0.4941,0.2548,8,0.2466,unconfirmed_cut,10
28518a55-2d53-4d19-beb7-7ba4a841ca16,1000PEPEUSDT,2026-05-11T13:24:59.999000+00:00,1,55.2,-0.8759,0.4941,0.3069,13,-1.0,stop_loss,3
78774f99-8999-49f5-9fd8-2d9f4c226216,ETHUSDT,2026-04-14T00:39:59.999000+00:00,1,54.9,-0.408,1.3386,0.2634,0,-0.3859,unconfirmed_cut,10
139fc5df-6eaa-4f5b-9c4c-32d1ffe1fcd5,ETHUSDT,2026-04-14T08:34:59.999000+00:00,6,78.4,6.6571,1.3386,0.1948,8,-0.2328,unconfirmed_cut,10
fe5317ec-69b0-4db0-83d1-f14f65059498,ETHUSDT,2026-04-14T14:29:59.999000+00:00,1,62.8,1.4789,1.3386,0.37,14,-1.0,stop_loss,3
8aeb847d-d372-400f-bb30-e4b5edb0a306,ETHUSDT,2026-04-27T01:04:59.999000+00:00,6,78.1,4.2826,1.4988,0.2734,1,-1.0,stop_loss,5
03811306-88be-4a32-ad8c-b73adf206a79,ETHUSDT,2026-05-04T01:29:59.999000+00:00,1,60.7,-0.2259,1.3186,0.2031,1,0.4096,runner_trail,1
c3a7c7c2-45e5-432b-a494-7c7b218d5621,ETHUSDT,2026-05-04T10:34:59.999000+00:00,5,77.0,3.9483,1.3186,0.4213,10,-0.197,unconfirmed_cut,10
b7e1e7f8-b57d-4c8e-8b0c-3b010000c17f,ETHUSDT,2026-05-04T14:54:59.999000+00:00,7,79.2,2.2409,1.3186,0.3603,14,-1.0,stop_loss,5
b644a3a5-8a57-454e-b924-fc500258ecad,FILUSDT,2026-02-28T03:54:59.999000+00:00,1,60.7,-0.6015,1.0373,0.2535,3,-1.0,stop_loss,3
68f341d1-075b-47f4-8867-072648d16443,FILUSDT,2026-04-18T04:39:59.999000+00:00,1,55.7,-0.7689,1.2933,0.3579,4,0.85,runner_trail,44
dc4bad14-0095-4186-9fad-7224ee8e800a,FILUSDT,2026-04-18T14:19:59.999000+00:00,1,53.2,-0.5456,1.2933,0.3288,14,0.1273,unconfirmed_cut,10
6483aea6-24fa-4679-b3db-6a95d73c045c,FILUSDT,2026-04-18T20:34:59.999000+00:00,1,54.5,-0.1818,1.2933,0.3017,20,0.0,runner_trail,5
c7c6238b-4b1d-4ddb-b7c5-e41cf5e666fe,FILUSDT,2026-04-19T03:24:59.999000+00:00,1,54.9,-0.3842,1.968,0.4206,3,0.0,unconfirmed_cut,10
04f990f8-7a9a-4ea0-9cc3-693dc26f614f,FILUSDT,2026-04-19T08:14:59.999000+00:00,1,59.4,0.3034,1.968,0.4179,8,0.0,runner_trail,1
adee0fed-84b6-486b-a244-1724d428ef87,FILUSDT,2026-04-19T11:54:59.999000+00:00,1,54.4,-0.1824,1.968,0.3085,11,-0.14,unconfirmed_cut,10
caf6f96a-d4db-4bc4-8b8a-9aba456bfc5f,FILUSDT,2026-04-19T15:59:59.999000+00:00,1,59.8,-0.8698,1.968,0.4292,15,-0.3,unconfirmed_cut,10
34fe78a9-642c-404f-b3a2-bbf0d35a3956,FILUSDT,2026-04-19T20:34:59.999000+00:00,1,63.0,-0.2721,1.968,0.318,20,-0.2732,unconfirmed_cut,10
2b3d601a-5cd6-4644-b9ae-03d7befffe79,FILUSDT,2026-04-29T00:34:59.999000+00:00,1,56.9,-0.3789,2.2865,0.2176,0,0.0,runner_trail,4
b2f44a52-f700-4a3a-9b79-dcc33ce2a3cb,FILUSDT,2026-04-29T04:49:59.999000+00:00,1,60.3,1.2301,2.2865,0.393,4,0.0,runner_trail,1
8efd07a5-41b2-4e21-917b-8ef539a3da19,FILUSDT,2026-04-29T08:44:59.999000+00:00,1,56.4,-0.3528,2.2865,0.2809,8,0.0,runner_trail,10
55301b9c-0da3-4362-9645-9f0b945fbc5c,FILUSDT,2026-04-29T20:39:59.999000+00:00,1,53.3,-0.573,2.2865,0.4341,20,2.5082,runner_trail,71
ac9076ea-24d9-4c9f-81f7-3b1df2b94074,FILUSDT,2026-04-30T08:29:59.999000+00:00,1,60.6,-0.4375,0.117,0.2777,8,-0.3111,unconfirmed_cut,10
84d08f4f-5a99-4d61-9e07-1f0dc9b0875a,FILUSDT,2026-04-30T16:49:59.999000+00:00,1,56.4,-0.5762,0.117,0.3025,16,0.0,unconfirmed_cut,10
46a7e463-c1e2-40eb-8585-a695338af78e,FILUSDT,2026-05-01T00:04:59.999000+00:00,9,83.1,2.0236,0.2604,0.2242,0,-0.1931,unconfirmed_cut,10
adec0d7b-1c7a-4a3f-b842-c236ea720694,FILUSDT,2026-05-06T00:54:59.999000+00:00,2,68.2,-0.1329,3.5252,0.4142,0,0.2325,runner_trail,5
d2f627bc-add2-45bf-a09a-f17714a1ae32,FILUSDT,2026-05-06T10:24:59.999000+00:00,1,57.0,-0.9398,3.5252,1.1385,10,-0.2503,unconfirmed_cut,10
2b30c091-54c0-4266-9e9e-b76bd757eb5a,FILUSDT,2026-05-06T19:54:59.999000+00:00,1,66.9,-0.244,3.5252,0.4414,19,0.0,runner_trail,2
73a3a3b6-2d7a-4313-9b6e-42121c207447,FILUSDT,2026-05-06T23:24:59.999000+00:00,1,59.5,0.2973,3.5252,0.6094,23,0.8156,runner_trail,9
1cc1e499-3fd8-4590-9d13-5adbf1da80a4,FILUSDT,2026-05-07T06:44:59.999000+00:00,1,63.3,-0.4392,2.1199,0.6881,6,0.21,runner_trail,7
6346aca7-3f1e-460a-9449-72d05a5e935c,FILUSDT,2026-05-07T10:44:59.999000+00:00,2,67.9,0.9105,2.1199,0.9187,10,-0.4338,unconfirmed_cut,10
61b3e952-7681-4deb-8c02-e64715547dd4,FILUSDT,2026-05-07T19:29:59.999000+00:00,1,66.0,0.2634,2.1199,0.5658,19,0.0,runner_trail,1
20715980-77e6-4747-b586-c263da813f7d,FILUSDT,2026-05-07T23:14:59.999000+00:00,1,59.9,-0.4758,2.1199,0.4753,23,0.0,runner_trail,3
3b8f72f5-c53e-48d3-a290-79ba7317142a,FILUSDT,2026-05-08T03:29:59.999000+00:00,1,51.0,-0.3476,4.2284,0.7286,3,0.0,runner_trail,4
42dfddb3-5047-4376-b3a0-558dc314ad94,FILUSDT,2026-05-08T09:09:59.999000+00:00,1,61.8,-0.6641,4.2284,0.5574,9,-0.2605,unconfirmed_cut,10
67c5deab-f195-4d09-99fa-a4eb07081264,FILUSDT,2026-05-08T14:24:59.999000+00:00,1,56.2,0.1103,4.2284,0.6054,14,0.0,runner_trail,7
71f3c562-bb51-4530-a248-cf5ebb754f9d,FILUSDT,2026-05-08T21:14:59.999000+00:00,1,63.1,-0.4915,4.2284,0.7638,21,0.0,runner_trail,2
408e68a1-8f16-476e-941e-7d6811130dd1,FILUSDT,2026-05-09T16:09:59.999000+00:00,1,62.5,0.3058,1.0926,0.5549,16,-0.1191,unconfirmed_cut,10
2dfd7ba9-172a-46fb-ad7b-51c9b99c8112,FILUSDT,2026-05-09T22:24:59.999000+00:00,1,62.0,-0.4958,1.0926,0.2923,22,-0.896,unconfirmed_cut,10
82ffc88b-4db2-4c1b-ab91-774e372f3e15,FILUSDT,2026-05-10T02:24:59.999000+00:00,1,66.3,0.8474,1.7365,0.4453,2,-0.3733,unconfirmed_cut,10
a11f3968-578a-404a-ac28-977587595b35,FILUSDT,2026-05-11T09:09:59.999000+00:00,1,63.1,-0.1896,0.5352,0.4228,9,-0.1672,unconfirmed_cut,10
6b857acf-7ff6-48f1-bedb-74684a7f84f2,FILUSDT,2026-05-12T19:34:59.999000+00:00,1,64.5,-0.5149,1.0199,0.3633,19,-0.4,unconfirmed_cut,10
0f7b1d03-9d06-404d-bf68-f4b1ef135f17,LDOUSDT,2026-02-28T00:14:59.999000+00:00,1,57.5,-0.7188,2.1523,0.225,0,0.0163,runner_trail,6
dc74459b-e8db-4c5e-be1e-1135adbb439b,LDOUSDT,2026-02-28T13:14:59.999000+00:00,1,59.6,-0.4644,2.1523,0.3232,13,0.0,runner_trail,6
efc261ad-0453-4175-9e65-5ae67782a86b,LDOUSDT,2026-02-28T17:29:59.999000+00:00,1,55.0,-0.3069,2.1523,0.3647,17,0.0,runner_trail,6
e680cab2-422a-4577-ae90-b4814948dadb,LDOUSDT,2026-02-28T22:04:59.999000+00:00,1,57.9,-0.5835,2.1523,0.5206,22,0.0824,runner_trail,19
5ad200b2-79a8-4701-8a81-21e3aed5c1df,LDOUSDT,2026-03-01T03:09:59.999000+00:00,1,52.9,-0.4475,0.2654,0.7066,3,-0.5744,unconfirmed_cut,10
8a3bc32a-73cb-4236-b887-d6613f753ae9,LDOUSDT,2026-03-01T07:39:59.999000+00:00,1,63.8,0.0971,0.2654,0.364,7,-0.5987,unconfirmed_cut,10
7b1eca92-752f-416e-9310-5c1de355ecc2,LDOUSDT,2026-03-01T16:29:59.999000+00:00,1,58.4,-0.1265,0.2654,0.4141,16,-1.0,stop_loss,4
ae7666b4-4bb3-4ab1-bdd5-cf9b7a454d0f,LDOUSDT,2026-03-13T00:34:59.999000+00:00,7,79.8,2.9065,1.0373,0.5102,0,-1.0,stop_loss,3
9f76ad47-e610-4f12-b372-051a2ad9bf76,LDOUSDT,2026-03-27T00:09:59.999000+00:00,1,64.2,0.185,1.2548,0.1909,0,-0.2182,unconfirmed_cut,10
a21c00fc-7961-43a6-b0ae-d1a9bae67d73,LDOUSDT,2026-03-27T07:14:59.999000+00:00,9,84.0,0.8024,1.2548,0.1569,7,0.0,runner_trail,8
36e1c516-1777-4e95-8abf-917016832df0,LDOUSDT,2026-03-27T18:49:59.999000+00:00,1,55.7,-0.2169,1.2548,0.5619,18,1.4657,runner_trail,15
6aeefb2d-2858-48c1-a12f-69bfb444beb6,LDOUSDT,2026-03-28T03:04:59.999000+00:00,1,60.4,0.3942,0.6734,0.477,3,0.0,runner_trail,10
4d32bf32-38ce-4da8-bb19-4a29498530d5,LDOUSDT,2026-03-28T07:24:59.999000+00:00,1,61.4,0.7901,0.6734,0.532,7,-1.0,stop_loss,6
2ab12184-8355-48c2-be94-c70f9bcd5bb1,LDOUSDT,2026-04-14T03:09:59.999000+00:00,1,56.6,-0.4224,1.486,0.4573,3,1.6288,runner_trail,16
1d03e6df-fc2b-46be-818c-35c7979588a4,LDOUSDT,2026-04-14T10:14:59.999000+00:00,1,59.8,-0.1927,1.486,0.5314,10,-1.0,stop_loss,9
5a55f39c-4fc9-4590-99be-06cd53383507,LDOUSDT,2026-04-26T04:49:59.999000+00:00,9,82.8,1.3745,3.8011,0.2494,4,0.0,runner_trail,4
2a03b251-e308-4923-a09a-4982dbff794c,LDOUSDT,2026-04-26T10:14:59.999000+00:00,1,59.2,0.2611,3.8011,0.4897,10,0.0,runner_trail,2
cf89d36a-5094-46f5-9222-cd744c6f6b11,LDOUSDT,2026-04-26T13:39:59.999000+00:00,1,66.4,2.4087,3.8011,1.5939,13,-1.0,stop_loss,3
ef1d2171-d8a2-4984-983a-955bd1eff669,LDOUSDT,2026-05-11T09:34:59.999000+00:00,8,81.1,2.4538,3.6226,1.2868,9,0.0,runner_trail,13
67de8ab7-efe2-4c8a-992e-433eb23acc06,LDOUSDT,2026-05-11T22:04:59.999000+00:00,2,69.5,-0.2509,3.6226,0.3416,22,-0.0574,unconfirmed_cut,10
ac9b6de2-06f0-4261-afe1-bd7e4a2d52ff,LDOUSDT,2026-05-12T07:34:59.999000+00:00,1,62.8,-0.3398,0.9775,0.356,7,-1.0,stop_loss,6
9cbbfdaa-2003-43ce-87c3-d5d3bf9f5938,SEIUSDT,2026-04-01T00:34:59.999000+00:00,9,84.2,2.7357,0.7116,0.7102,0,0.011,unconfirmed_cut,10
694af0c6-4dad-4023-ab01-fb1c40570654,SEIUSDT,2026-04-01T05:14:59.999000+00:00,1,62.6,-0.1173,0.7116,0.4551,5,0.0,runner_trail,1
284cf904-4156-44bd-bebf-930171e3430f,SEIUSDT,2026-04-01T10:14:59.999000+00:00,8,81.7,1.6128,0.7116,0.762,10,-1.0,stop_loss,3
bbf09b13-dc33-413d-a8f4-0522d0f76daa,SEIUSDT,2026-04-13T03:14:59.999000+00:00,1,65.8,0.3558,0.4287,0.1958,3,-1.0,stop_loss,5
591e173d-f752-43ba-b7bb-6fead34513f0,SEIUSDT,2026-05-10T07:24:59.999000+00:00,1,65.3,-0.5742,6.5168,0.2751,7,-1.0,stop_loss,7
fa0253f4-92df-4b94-bd6e-f4cc1f4926b7,1000BONKUSDT,2026-02-15T22:24:59.999000+00:00,1,56.8,-0.6133,1.3496,0.2994,22,0.0,runner_trail,2
f1a4f418-ad41-4ffa-8865-7b8bf0c97c35,1000BONKUSDT,2026-02-16T02:04:59.999000+00:00,1,65.8,-0.1392,0.1092,0.3327,2,-0.7503,unconfirmed_cut,10
3620ecb0-eb0f-441f-b911-c66f927610c6,1000BONKUSDT,2026-02-16T06:04:59.999000+00:00,1,58.6,-0.8573,0.1092,0.39,6,0.0,runner_trail,6
fec47ccc-2da5-433d-b2c4-95718746e65a,1000BONKUSDT,2026-02-16T12:29:59.999000+00:00,9,83.6,6.0643,0.1092,0.4737,12,0.0,runner_trail,9
936c878f-b6ea-45a2-bcc7-d6eccf314ec9,1000BONKUSDT,2026-02-16T19:34:59.999000+00:00,1,58.1,-0.6261,0.1092,0.3222,19,0.0,runner_trail,1
3ce1c8f9-6084-4390-bd0c-33cc1866fc4d,1000BONKUSDT,2026-02-28T00:34:59.999000+00:00,1,61.1,-0.4679,1.0958,0.2403,0,0.51,runner_trail,8
28f999e8-3f70-457e-ab6c-e017abc2f726,1000BONKUSDT,2026-02-28T14:39:59.999000+00:00,1,64.5,0.3486,1.0958,0.8608,14,-1.0,stop_loss,7
042faa7b-b1f1-4598-98fe-6fed883673f7,1000BONKUSDT,2026-03-03T06:09:59.999000+00:00,1,56.2,-0.339,0.3407,0.4,6,0.0337,unconfirmed_cut,10
25cb9377-a5a3-4fa9-861e-d09370ef6d86,1000BONKUSDT,2026-03-03T12:14:59.999000+00:00,8,82.4,3.0872,0.3407,0.4256,12,-1.0,stop_loss,10
12358780-5df8-4e2a-a2c2-7efc37e54322,1000BONKUSDT,2026-05-06T00:54:59.999000+00:00,5,75.7,-0.0391,1.5812,0.2987,0,0.0,runner_trail,2
8f9399b9-d106-451f-a8c9-b83da3febdbb,1000BONKUSDT,2026-05-06T05:04:59.999000+00:00,7,79.0,5.9255,1.5812,0.4305,5,0.5833,runner_trail,11
8fb9adeb-56cd-46b7-9425-c7d53b2db3ad,1000BONKUSDT,2026-05-06T19:04:59.999000+00:00,1,58.6,-0.4026,1.5812,0.3059,19,0.0,runner_trail,10
88bc9260-4389-40ec-bfb4-43be4d4dbe4a,1000BONKUSDT,2026-05-06T23:19:59.999000+00:00,1,56.8,-0.4305,1.5812,0.327,23,0.0,runner_trail,7
966c5cd8-b7cd-4f97-a7aa-00bf6c5eadb8,1000BONKUSDT,2026-05-07T03:29:59.999000+00:00,1,58.8,-0.7185,0.1449,0.4221,3,0.0,runner_trail,3
67615650-51f1-40d6-9e54-3652ed128447,1000BONKUSDT,2026-05-07T07:24:59.999000+00:00,1,57.0,-0.8327,0.1449,0.3777,7,-0.4756,unconfirmed_cut,10
3079c3ed-a00a-458b-b5e1-9c17b9f3cc20,1000BONKUSDT,2026-05-07T12:44:59.999000+00:00,2,67.6,2.548,0.1449,0.424,12,-1.0,stop_loss,7
1bc9d734-d48c-4c24-9b11-a5986c822c39,ENAUSDT,2026-02-28T00:59:59.999000+00:00,2,70.0,0.4025,1.4981,0.3777,0,-1.0,stop_loss,6
9bef6ba8-fa1e-45f3-8067-79d4962e7a6f,ENAUSDT,2026-03-26T00:59:59.999000+00:00,1,62.5,0.0269,1.153,0.7278,0,0.0,runner_trail,1
28a3bb87-40b2-47c1-914c-88eeba719226,ENAUSDT,2026-03-26T14:34:59.999000+00:00,1,63.4,-0.3448,1.153,0.5898,14,-1.0,stop_loss,7
2c9de737-5fbe-4f41-a143-beea12a244e2,ENAUSDT,2026-03-28T02:54:59.999000+00:00,1,54.2,-0.5762,0.3068,0.4026,2,0.0,runner_trail,7
a54b9ee3-a4eb-4b9e-be1c-5c3f2239fc21,ENAUSDT,2026-03-28T07:14:59.999000+00:00,9,82.6,1.818,0.3068,0.3693,7,0.0,runner_trail,4
e2be465c-f7fb-4566-a586-781fa324fa93,ENAUSDT,2026-03-28T14:54:59.999000+00:00,1,55.7,3.1906,0.3068,0.4872,14,0.0,runner_trail,3
a685d81c-f347-417b-becc-bfd1ebd565f4,ENAUSDT,2026-03-28T19:34:59.999000+00:00,1,51.6,-0.4576,0.3068,0.5512,19,0.0,runner_trail,12
418c2012-b9e6-4d46-aff3-e56e290e57b4,ENAUSDT,2026-04-13T01:49:59.999000+00:00,7,79.3,1.3896,1.073,0.5064,1,-0.7636,unconfirmed_cut,10
362f19a3-32f1-45b3-b0c4-409a7f9de40a,ENAUSDT,2026-04-13T06:14:59.999000+00:00,1,52.5,-0.3639,1.073,0.587,6,-0.9018,unconfirmed_cut,10
88b976fe-18b9-4a11-8365-275bc50ffc45,ENAUSDT,2026-04-13T13:49:59.999000+00:00,9,84.9,3.5167,1.073,0.795,13,-0.1397,unconfirmed_cut,10
ed1142d0-1f38-49bc-9d9a-d9fe49bc8c7f,ENAUSDT,2026-04-14T21:34:59.999000+00:00,2,67.1,-0.3701,0.3633,0.2863,21,-0.1173,unconfirmed_cut,10
0faaf7f5-889d-45ad-9650-a53375b2b08a,ENAUSDT,2026-04-16T01:34:59.999000+00:00,1,57.1,-0.6192,1.6156,0.3485,1,0.2335,runner_trail,6
a3009246-d296-47df-876f-c3e4fa39608b,ENAUSDT,2026-04-16T06:04:59.999000+00:00,1,55.2,0.5696,1.6156,0.4253,6,0.0,runner_trail,4
fd063369-4406-45b7-a5ef-20d94cac206d,ENAUSDT,2026-04-16T12:44:59.999000+00:00,1,60.9,-0.6437,1.6156,0.3622,12,0.4023,runner_trail,5
eaf33dd7-306c-41ba-95fd-8afff86f9b3c,ENAUSDT,2026-04-16T16:19:59.999000+00:00,1,58.1,0.1762,1.6156,0.882,16,-0.6104,unconfirmed_cut,10
5eaeb4c2-1b5a-4eeb-8e78-d9d1527664af,ENAUSDT,2026-04-16T21:14:59.999000+00:00,1,51.8,-0.462,1.6156,0.668,21,-1.0,stop_loss,2
d9b6c606-2112-4b37-bcbb-2d48c9d164b3,ENAUSDT,2026-04-29T01:44:59.999000+00:00,1,63.0,-0.5142,1.3142,0.239,1,0.0,runner_trail,1
a84b4085-5f53-413a-93f2-d46ca0534181,ENAUSDT,2026-04-29T05:29:59.999000+00:00,1,58.1,-0.0768,1.3142,0.3575,5,-0.3185,unconfirmed_cut,10
b3e0d74f-4ca5-4d21-b98f-90b4ea55959e,ENAUSDT,2026-04-29T09:49:59.999000+00:00,7,79.8,4.4555,1.3142,0.3164,9,0.1178,runner_trail,10
20bc58f6-10c8-4ff2-81ac-bc8d2ad69156,ENAUSDT,2026-04-29T20:19:59.999000+00:00,1,66.9,-0.4221,1.3142,0.4062,20,0.0,runner_trail,8
f6402891-e65c-40b5-9970-5df53171a641,ENAUSDT,2026-05-07T06:24:59.999000+00:00,1,53.0,-0.723,1.4158,0.5681,6,2.3922,runner_trail,22
b1960f82-2ee7-4d3b-8c10-8c6e4cfd204a,ENAUSDT,2026-05-07T11:39:59.999000+00:00,2,68.8,3.3465,1.4158,1.1684,11,-1.0,stop_loss,3
