trade_uuid,symbol,entry_time,decile,aggression,vol_z,cascade_strength,atr_pct,hour,ret_5d,liq_imb,breakout_distance_pct,imb_z,n_confirmations,conf_breakout,conf_imb,conf_vol,conf_body,conf_impulse,conf_momentum,pnl_r,exit_reason,bars_held
80dc7c59-87b8-41f9-9f27-9441ddba3b80,RUNEUSDT,2026-04-21T13:09:59.999000+00:00,1,54.8,0.0962,1.0708,0.8436,13,9.2385,0.2889,-2.2479,0.0,0,0,0,0,0,0,0,0.3192,runner_trail,11
5bfeaecb-8eb9-45e4-81dc-8694a715995e,RUNEUSDT,2026-04-21T23:04:59.999000+00:00,6,78.4,7.0125,1.0708,0.6004,23,9.2385,0.2889,-2.2909,0.0,0,0,0,0,0,0,0,2.4626,runner_trail,25
4332e3bf-b347-4f4c-8bb6-54475b0530dd,RUNEUSDT,2026-04-22T08:44:59.999000+00:00,3,70.9,5.5284,3.0169,1.1278,8,13.098,-0.4496,-3.0877,0.0,0,0,0,0,0,0,0,0.0,runner_trail,7
ab4f553c-4725-4df0-95c9-73b13c920ad6,RUNEUSDT,2026-04-22T12:29:59.999000+00:00,3,72.8,0.8051,3.0169,0.5562,12,13.098,-0.4496,-4.3776,0.0,0,0,0,0,0,0,0,0.0,runner_trail,14
17ca36eb-7602-4a73-bf66-8a2f2385054c,RUNEUSDT,2026-04-22T19:09:59.999000+00:00,1,58.7,0.058,3.0169,0.431,19,13.098,-0.4496,-3.6011,0.0,0,0,0,0,0,0,0,0.0,runner_trail,15
4cd8c8b6-8737-4ac0-8fe9-e74c4441a347,RUNEUSDT,2026-04-26T11:49:59.999000+00:00,10,86.9,4.47,1.0979,0.1667,11,11.4292,-0.0747,-0.7582,0.0,0,0,0,0,0,0,0,0.0,runner_trail,1
deb4064d-dbfb-412e-bf53-f3e82b01c4b0,RUNEUSDT,2026-04-27T19:34:59.999000+00:00,10,90.5,1.0729,1.4106,0.2369,19,3.9425,0.1756,-2.6985,0.0,0,0,0,0,0,0,0,0.0,runner_trail,18
d519efbf-2049-49d8-b225-0c80e493fcfe,RUNEUSDT,2026-04-29T08:19:59.999000+00:00,4,74.2,1.9242,2.075,0.4681,8,4.3808,-0.2312,-4.7109,0.0,0,0,0,0,0,0,0,-1.0,stop_loss,9
32e2bc2c-0f13-4ccd-bfd6-7c7ba6fc9195,RUNEUSDT,2026-05-08T02:09:59.999000+00:00,1,65.8,0.993,1.4759,0.2069,2,15.8437,-0.6905,-1.524,0.0,0,0,0,0,0,0,0,0.0,runner_trail,5
72e0d0c2-1bae-478f-841b-618d71308f5e,RUNEUSDT,2026-05-08T13:34:59.999000+00:00,1,46.7,0.2278,1.4759,0.7626,13,15.8437,-0.6905,-3.7962,0.0,0,0,0,0,0,0,0,0.0,runner_trail,9
7b5fc5e2-a2cb-4a3e-a6e1-4dbb414b9f84,BLUAIUSDT,2026-01-31T00:54:59.999000+00:00,1,63.1,0.2163,1.1432,0.6946,0,2.0614,0.8818,-2.5477,0.0,0,0,0,0,0,0,0,0.9082,runner_trail,11
55d0bed7-14fe-494a-98fa-fdb29fdd2672,BLUAIUSDT,2026-01-31T11:09:59.999000+00:00,1,62.1,0.784,1.1432,0.6526,11,2.0614,0.8818,-7.4141,0.0,0,0,0,0,0,0,0,0.0,runner_trail,2
e68911ce-9e28-4753-9a44-7cac87c30f15,BLUAIUSDT,2026-01-31T14:34:59.999000+00:00,5,76.4,0.8361,1.1432,1.087,14,2.0614,0.8818,-5.6957,0.0,0,0,0,0,0,0,0,0.0,runner_trail,7
68f6425b-0920-457d-bb73-9920e0a58b4d,BLUAIUSDT,2026-01-31T18:44:59.999000+00:00,3,72.2,2.7619,1.1432,1.761,18,2.0614,0.8818,-14.1597,0.0,0,0,0,0,0,0,0,0.0,runner_trail,11
78a68c85-9618-48ad-9c1e-4ae8e605589b,BLUAIUSDT,2026-03-11T09:19:59.999000+00:00,1,56.4,1.5037,1.3381,3.851,9,49.7282,-0.5819,-12.8018,0.0,0,0,0,0,0,0,0,0.0,runner_trail,1
3bd6f886-4ae2-412f-9844-9ad0a692cd62,BLUAIUSDT,2026-03-11T17:04:59.999000+00:00,2,67.3,0.9354,1.3381,1.3416,17,49.7282,-0.5819,-7.3412,0.0,0,0,0,0,0,0,0,0.0,runner_trail,1
8456fd84-0c97-4f7d-be32-2d8a603b30a6,BLUAIUSDT,2026-03-22T17:34:59.999000+00:00,1,61.3,2.8325,2.2464,7.4355,17,25.2236,-0.2507,-23.9506,0.0,0,0,0,0,0,0,0,0.1052,runner_trail,18
b1357fb9-e282-47a1-81b6-b77251fcdada,BLUAIUSDT,2026-03-23T06:44:59.999000+00:00,1,60.6,2.2634,1.0328,2.912,6,13.5188,0.7306,-8.4826,0.0,0,0,0,0,0,0,0,1.1251,runner_trail,43
50e22a68-a83b-428d-abba-68ce9838a5c1,BLUAIUSDT,2026-03-23T15:44:59.999000+00:00,1,61.8,0.2593,1.0328,2.5392,15,13.5188,0.7306,-24.0078,0.0,0,0,0,0,0,0,0,-0.1592,unconfirmed_cut,10
d63c0ba3-3fe0-4030-b768-077a10ae8ce0,BLUAIUSDT,2026-03-26T03:09:59.999000+00:00,10,100,1.5007,2.8364,1.1482,3,60.7017,-0.8572,-1.7269,0.0,0,0,0,0,0,0,0,0.0,runner_trail,1
dcb6b6a4-cf25-4464-b062-72b61fa442fa,BLUAIUSDT,2026-03-26T08:59:59.999000+00:00,1,51.9,0.1218,2.8364,1.1741,8,60.7017,-0.8572,-6.4922,0.0,0,0,0,0,0,0,0,1.0497,runner_trail,22
ed3e3740-4fbb-4d60-8079-787f374ba889,BLUAIUSDT,2026-03-26T14:44:59.999000+00:00,1,63.4,2.237,2.8364,1.779,14,60.7017,-0.8572,-5.119,0.0,0,0,0,0,0,0,0,0.0,runner_trail,1
20e6d6f7-aa46-4627-8f15-d188e1f2ed2f,BLUAIUSDT,2026-03-26T22:59:59.999000+00:00,10,100,16.4672,2.8364,1.9563,22,60.7017,-0.8572,-2.95,0.0,0,0,0,0,0,0,0,0.4973,runner_trail,1
1815cac8-6f43-4e3b-9df2-e7dc351b9b0d,BLUAIUSDT,2026-04-07T02:04:59.999000+00:00,10,100,2.0118,1.4336,0.8712,2,30.1404,-0.0618,-4.56,0.0,0,0,0,0,0,0,0,0.0,runner_trail,1
0c0edaca-4783-4359-8a68-960bd1e5e5fe,BLUAIUSDT,2026-04-07T18:14:59.999000+00:00,10,85.2,4.6345,1.4336,3.2556,18,30.1404,-0.0618,-5.6139,0.0,0,0,0,0,0,0,0,0.0,runner_trail,17
118fec4a-15f7-4d4b-b02f-27bc4cdbe475,BERAUSDT,2026-02-06T00:09:59.999000+00:00,6,77.7,4.7919,2.0399,0.9808,0,12.4485,-0.3185,-7.8183,0.0,0,0,0,0,0,0,0,-1.0,stop_loss,1
d2ab507a-df27-4b2f-a40e-c7d8a852225c,BERAUSDT,2026-02-11T00:04:59.999000+00:00,10,100,1.9589,3.4665,0.723,0,80.0579,-0.4076,-3.1176,0.0,0,0,0,0,0,0,0,0.0,runner_trail,1
57f3a2f2-98ec-4cda-8e08-8a7b8bed3cb8,BERAUSDT,2026-02-11T04:44:59.999000+00:00,1,63.6,1.0237,3.4665,0.8201,4,80.0579,-0.4076,-3.095,0.0,0,0,0,0,0,0,0,0.0,runner_trail,1
88ec766b-8317-424d-820a-a8cc345b2de5,BERAUSDT,2026-02-11T14:09:59.999000+00:00,1,63.0,0.738,3.4665,1.289,14,80.0579,-0.4076,-3.5688,0.0,0,0,0,0,0,0,0,0.0,runner_trail,5
69a73b77-6e05-4271-81d7-4c832a51dcb0,BERAUSDT,2026-02-12T00:04:59.999000+00:00,1,48.5,0.8432,2.5998,4.5138,0,61.4388,-0.1082,-34.4332,0.0,0,0,0,0,0,0,0,0.0,runner_trail,1
386570b5-3b2b-4796-956a-e377a0813e62,BERAUSDT,2026-02-12T07:14:59.999000+00:00,1,62.8,0.3492,2.5998,2.3235,7,61.4388,-0.1082,-17.1366,0.0,0,0,0,0,0,0,0,-0.4881,unconfirmed_cut,10
f9909fcf-5624-4e76-a662-eb2730b2e00a,BERAUSDT,2026-02-12T13:09:59.999000+00:00,1,54.2,1.2477,2.5998,3.0889,13,61.4388,-0.1082,-8.9707,0.0,0,0,0,0,0,0,0,-0.1595,unconfirmed_cut,10
c2adb257-2456-4a1f-ae89-d2aa57dc9a35,BERAUSDT,2026-02-12T18:44:59.999000+00:00,1,66.3,0.0038,2.5998,0.9861,18,61.4388,-0.1082,-7.3206,0.0,0,0,0,0,0,0,0,-0.0057,unconfirmed_cut,10
3005a28b-1024-4635-a10f-dc24173c7b23,SIRENUSDT,2026-02-03T10:34:59.999000+00:00,1,50.7,0.991,1.7857,0.9341,10,2.3227,0.5257,-3.7608,0.0,0,0,0,0,0,0,0,0.0027,runner_trail,6
660c6c4a-d002-474b-8797-62e7c67b2a59,SIRENUSDT,2026-02-03T14:59:59.999000+00:00,1,59.6,1.8988,1.7857,0.8672,14,2.3227,0.5257,-2.4503,0.0,0,0,0,0,0,0,0,0.0,runner_trail,8
b6e6ef9d-8bd3-414e-8a47-3f2fa38bfb69,SIRENUSDT,2026-02-05T02:19:59.999000+00:00,2,67.6,0.4214,1.0591,0.625,2,4.9104,0.8579,-3.7781,0.0,0,0,0,0,0,0,0,0.5647,runner_trail,6
cdbbcb4f-04c6-4a64-b441-7d1ff05dd0a0,SIRENUSDT,2026-02-05T11:29:59.999000+00:00,1,55.6,0.6267,1.0591,0.5995,11,4.9104,0.8579,-3.6354,0.0,0,0,0,0,0,0,0,0.0,runner_trail,1
f5d1f7bc-76e3-4822-9552-fe73b8a92409,SIRENUSDT,2026-02-05T15:34:59.999000+00:00,1,61.5,0.3612,1.0591,1.3021,15,4.9104,0.8579,-11.2394,0.0,0,0,0,0,0,0,0,0.8323,runner_trail,20
d262b3c7-7af5-4c43-8663-7dc40cfdb82e,SIRENUSDT,2026-02-05T20:29:59.999000+00:00,2,69.6,2.0214,1.0591,1.908,20,4.9104,0.8579,-6.1037,0.0,0,0,0,0,0,0,0,-0.0659,unconfirmed_cut,10
e2387542-4453-4904-8214-85dc00acaeda,SIRENUSDT,2026-02-06T14:14:59.999000+00:00,1,47.9,0.0578,1.136,1.029,14,19.2118,-0.551,-7.332,0.0,0,0,0,0,0,0,0,0.1983,runner_trail,4
17925e6a-c65e-4241-b6e5-924f4b283be8,SIRENUSDT,2026-02-07T07:19:59.999000+00:00,9,84.9,1.5288,79.0847,0.6843,7,217.8231,-0.2289,-4.3838,0.0,0,0,0,0,0,0,0,0.0,runner_trail,8
1ed0b48f-3e01-4e52-befb-2caccc684449,SIRENUSDT,2026-02-07T13:34:59.999000+00:00,2,67.7,3.4637,79.0847,9.4757,13,217.8231,-0.2289,-36.2348,0.0,0,0,0,0,0,0,0,0.0767,unconfirmed_cut,10
0d47174e-2bf2-467d-af8e-ae45bf7a8f9b,SIRENUSDT,2026-02-07T21:54:59.999000+00:00,10,100,3.969,79.0847,12.6556,21,217.8231,-0.2289,-31.6704,0.0,0,0,0,0,0,0,0,0.0,runner_trail,1
2df7ed06-4147-4953-b9e3-5ab9e7d795e4,SIRENUSDT,2026-02-08T05:34:59.999000+00:00,1,60.3,0.0754,102.1049,3.0708,5,0.1846,-0.0069,-16.6885,0.0,0,0,0,0,0,0,0,-1.0,stop_loss,3
a105d723-aa09-48bb-b887-6868641dc04e,SIRENUSDT,2026-02-14T08:09:59.999000+00:00,1,61.2,0.8212,1.2026,1.9343,8,40.031,-0.0479,-5.1784,0.0,0,0,0,0,0,0,0,-1.0,stop_loss,5
7368ade2-099b-4d2c-bff3-3a19d30d901a,SIRENUSDT,2026-02-16T00:34:59.999000+00:00,2,67.2,0.3033,2.0541,0.7191,0,115.9236,-0.2157,-2.6026,0.0,0,0,0,0,0,0,0,0.8,runner_trail,6
107f1f2b-9791-483f-a9e0-6e7966235b17,SIRENUSDT,2026-02-16T18:39:59.999000+00:00,4,73.5,0.4071,2.0541,2.0501,18,115.9236,-0.2157,-7.1671,0.0,0,0,0,0,0,0,0,0.0,runner_trail,5
204234f6-f593-40f9-9e38-559428f4f4eb,SIRENUSDT,2026-02-16T22:49:59.999000+00:00,6,77.5,0.4129,2.0541,1.4473,22,115.9236,-0.2157,-5.7957,0.0,0,0,0,0,0,0,0,-0.1847,unconfirmed_cut,10
83f856f7-bc0e-4714-94bf-da48d556e62f,SIRENUSDT,2026-02-26T08:54:59.999000+00:00,7,80.0,5.5086,1.4772,10.5958,8,24.7559,-0.1195,-29.2663,0.0,0,0,0,0,0,0,0,0.2658,runner_trail,53
4e438c9a-9be5-42ce-a46d-c3e6013b9768,SIRENUSDT,2026-03-02T02:04:59.999000+00:00,2,70.0,1.9429,1.4103,2.0783,2,20.0216,-0.2121,-10.6803,0.0,0,0,0,0,0,0,0,0.0428,runner_trail,10
10f5d2fe-5a2a-46cd-bf4c-eb978e59acbc,SIRENUSDT,2026-03-02T17:14:59.999000+00:00,1,46.1,0.3033,1.4103,3.1889,17,20.0216,-0.2121,-11.7102,0.0,0,0,0,0,0,0,0,0.0,runner_trail,48
463e2bb7-983e-473f-affd-5725429d4f2f,EDGEUSDT,2026-03-31T02:04:59.999000+00:00,4,75.2,2.4134,1.0206,0.9226,2,0.1681,-0.4841,-2.3709,0.0,0,0,0,0,0,0,0,-1.0,stop_loss,3
739e3b5a-e03c-480e-a740-7794475d1f63,EDGEUSDT,2026-04-14T04:44:59.999000+00:00,1,53.1,0.0164,1.1461,0.6504,4,-0.7187,-0.5394,-3.4713,0.0,0,0,0,0,0,0,0,-0.5813,unconfirmed_cut,10
230fe043-8066-42ba-b027-72c59915f6d7,EDGEUSDT,2026-04-14T10:19:59.999000+00:00,10,100,9.4852,1.1461,0.7546,10,-0.7187,-0.5394,-2.9996,0.0,0,0,0,0,0,0,0,0.0,runner_trail,1
28ad11a8-d120-46fc-b86e-b9c681ba5125,MEGAUSDT,2026-02-26T00:09:59.999000+00:00,6,77.6,0.4866,2.109,0.2899,0,-1.2949,0.8903,-1.821,0.0,0,0,0,0,0,0,0,0.0,runner_trail,4
7eb4fb91-3dd7-4b6a-85da-a3c3563e26f4,MEGAUSDT,2026-02-26T05:09:59.999000+00:00,9,83.7,2.9913,2.109,0.3474,5,-1.2949,0.8903,-1.1939,0.0,0,0,0,0,0,0,0,0.2362,unconfirmed_cut,10
c446530b-1878-4acf-adaf-b75e66dbb52d,MEGAUSDT,2026-02-26T14:49:59.999000+00:00,1,65.3,0.1593,2.109,0.3807,14,-1.2949,0.8903,-2.0222,0.0,0,0,0,0,0,0,0,0.0,runner_trail,6
9b11328c-4b84-46ca-9b76-5435757984af,MEGAUSDT,2026-02-26T22:44:59.999000+00:00,10,93.6,3.9662,2.109,0.1891,22,-1.2949,0.8903,-1.6755,0.0,0,0,0,0,0,0,0,0.0,runner_trail,4
3b734027-a288-416d-abba-3b1be58355ac,MEGAUSDT,2026-03-22T11:19:59.999000+00:00,10,100,20.2064,2.9618,0.2686,11,-1.186,-0.8397,-0.8134,0.0,0,0,0,0,0,0,0,0.121,unconfirmed_cut,10
ba7b1eb5-ddff-4bba-a021-eb88cea54601,MEGAUSDT,2026-04-17T01:24:59.999000+00:00,3,70.6,2.0901,4.6789,0.176,1,36.9362,-0.8171,-1.0312,0.0,0,0,0,0,0,0,0,0.5358,runner_trail,22
f34c5e54-e558-486f-818b-61fdb9207594,MEGAUSDT,2026-04-17T17:34:59.999000+00:00,2,68.1,1.8924,4.6789,4.8933,17,36.9362,-0.8171,-13.3133,0.0,0,0,0,0,0,0,0,0.0607,unconfirmed_cut,10
bdb92ecb-ea17-40ad-b1b9-fe1cf3cb1338,MEGAUSDT,2026-04-18T03:54:59.999000+00:00,2,69.9,3.1128,1.9136,5.346,3,38.8932,0.0441,-13.9163,0.0,0,0,0,0,0,0,0,-1.0,stop_loss,5
1133479e-37a9-4e73-b746-62cec7e518c4,MEGAUSDT,2026-04-30T05:04:59.999000+00:00,1,61.3,0.6465,30.2201,1.9321,5,1.5709,0.1508,-7.6534,0.0,0,0,0,0,0,0,0,-0.3738,unconfirmed_cut,10
791acd19-a046-451c-86ad-0f77330597bd,MEGAUSDT,2026-04-30T09:09:59.999000+00:00,10,100,3.9478,30.2201,2.0208,9,1.5709,0.1508,-7.9092,0.0,0,0,0,0,0,0,0,0.0,runner_trail,1
ee04a191-68b9-412d-8058-a54825e9f233,MEGAUSDT,2026-04-30T12:54:59.999000+00:00,1,47.9,0.8123,30.2201,3.4692,12,1.5709,0.1508,-23.7104,0.0,0,0,0,0,0,0,0,0.0417,runner_trail,33
4e630847-5d3e-4991-98a1-1c0913f0230d,MEGAUSDT,2026-05-08T08:39:59.999000+00:00,1,54.6,0.2482,2.0608,0.5906,8,-1.8283,0.6694,-2.5325,0.0,0,0,0,0,0,0,0,0.0,runner_trail,8
b24af3fe-9902-4075-86b8-c7f7bd4b3eb2,MEGAUSDT,2026-05-08T13:09:59.999000+00:00,1,59.6,0.3111,2.0608,0.4683,13,-1.8283,0.6694,-1.7881,0.0,0,0,0,0,0,0,0,0.1743,unconfirmed_cut,10
0160da0c-32b6-442c-8241-2a52116d44ec,KITEUSDT,2026-02-13T06:14:59.999000+00:00,10,86.3,8.8354,1.5858,1.9509,6,43.858,-0.5556,-7.0,0.0,0,0,0,0,0,0,0,0.0,runner_trail,1
7b415aa4-cb29-49f0-ab25-ad344f74fbcb,KITEUSDT,2026-03-06T04:39:59.999000+00:00,1,56.3,1.921,1.0298,1.4302,4,1.6964,-0.1738,-5.443,0.0,0,0,0,0,0,0,0,-1.0,stop_loss,3
7f7767fd-e44f-4459-8814-5df749e51469,ONTUSDT,2026-03-24T16:24:59.999000+00:00,1,54.0,0.2875,20.6081,2.0619,16,41.4692,-0.3927,-12.6126,0.0,0,0,0,0,0,0,0,0.0,runner_trail,1
2e9c528a-d9c0-4441-a66a-ae5bf92fbaaa,ONTUSDT,2026-03-25T04:09:59.999000+00:00,1,61.8,0.5839,18.518,1.9345,4,39.0071,-0.1351,-17.4603,0.0,0,0,0,0,0,0,0,0.5754,runner_trail,23
2f2c0ce9-e318-4d41-8b0b-0ae3fba83697,ONTUSDT,2026-03-25T11:04:59.999000+00:00,1,56.2,0.0713,18.518,1.3302,11,39.0071,-0.1351,-6.5789,0.0,0,0,0,0,0,0,0,0.0,runner_trail,1
2effca29-4e19-4aa3-b439-d8f35fea1292,ONTUSDT,2026-03-25T20:24:59.999000+00:00,1,57.4,0.3498,18.518,0.8566,20,39.0071,-0.1351,-7.2013,0.0,0,0,0,0,0,0,0,0.1647,unconfirmed_cut,10
a917d985-d4a2-4eaf-8245-f031488a484f,ONTUSDT,2026-03-26T10:14:59.999000+00:00,1,57.4,0.3001,3.2378,0.756,10,36.1596,0.0988,-6.8027,0.0,0,0,0,0,0,0,0,-0.4828,unconfirmed_cut,10
a755f832-68c8-4988-bb7a-ca9c68f874ff,ONTUSDT,2026-03-26T17:04:59.999000+00:00,1,59.8,0.0218,3.2378,0.6917,17,36.1596,0.0988,-2.1858,0.0,0,0,0,0,0,0,0,0.0,runner_trail,11
057159b2-29bf-4ff6-b52a-517555e94f6c,ONTUSDT,2026-03-27T02:04:59.999000+00:00,1,51.1,0.1047,2.0742,0.8354,2,30.303,0.3079,-10.9375,0.0,0,0,0,0,0,0,0,-0.1867,unconfirmed_cut,10
e54571bf-3805-4a6a-af83-559c35c408d3,ONTUSDT,2026-03-27T10:39:59.999000+00:00,3,71.7,3.6143,2.0742,0.4668,10,30.303,0.3079,-2.5097,0.0,0,0,0,0,0,0,0,-1.0,stop_loss,4
f5e1a87a-d8a8-4371-b1a8-dd680150cb2d,KAITOUSDT,2026-02-28T05:39:59.999000+00:00,1,66.6,0.0004,1.3859,0.3308,5,16.8493,-0.7056,-2.8807,0.0,0,0,0,0,0,0,0,-1.0,stop_loss,8
4d02fd71-2f42-4995-bc67-bf543235f6fc,KAITOUSDT,2026-05-17T01:39:59.999000+00:00,1,64.4,0.4268,1.5867,0.2901,1,7.0524,-0.1508,-1.9024,0.0,0,0,0,0,0,0,0,-0.2831,unconfirmed_cut,10
367dd576-ca30-4a55-b369-28e3481ac69a,KAITOUSDT,2026-05-17T17:04:59.999000+00:00,1,57.8,1.2157,1.5867,1.4529,17,7.0524,-0.1508,-4.9585,0.0,0,0,0,0,0,0,0,-0.6036,unconfirmed_cut,10
773de00b-18e7-44f8-b3b9-f834ca3da852,KAITOUSDT,2026-05-18T01:24:59.999000+00:00,1,53.0,0.2898,1.1593,0.743,1,3.8107,0.7472,-2.8269,0.0,0,0,0,0,0,0,0,-0.5408,unconfirmed_cut,10
7dc50503-db30-4ee4-9be9-ce95410fac57,RAVEUSDT,2026-04-09T00:04:59.999000+00:00,1,55.7,0.8922,4.6548,0.8856,0,300.4616,-0.572,-3.3788,0.0,0,0,0,0,0,0,0,-0.4474,unconfirmed_cut,10
7f0b811a-3c29-43a6-a0fb-5c8499a3dadc,RAVEUSDT,2026-04-09T09:19:59.999000+00:00,1,56.5,2.3205,4.6548,1.2673,9,300.4616,-0.572,-4.7856,0.0,0,0,0,0,0,0,0,0.3965,runner_trail,11
de2ebb53-aa15-4dae-b505-17e6a63566cf,RAVEUSDT,2026-04-10T03:04:59.999000+00:00,5,75.7,0.1975,4.7473,3.8369,3,537.8093,-0.3245,-17.5646,0.0,0,0,0,0,0,0,0,-0.1126,unconfirmed_cut,10
a89f3619-9195-41ae-a808-29833e9650e0,RAVEUSDT,2026-04-10T10:39:59.999000+00:00,10,100,7.5114,4.7473,6.282,10,537.8093,-0.3245,-16.4904,0.0,0,0,0,0,0,0,0,0.0,runner_trail,2
e21b6337-176b-464c-bdfb-0b90c0fa447d,RAVEUSDT,2026-04-10T14:09:59.999000+00:00,1,65.5,3.3467,4.7473,8.4611,14,537.8093,-0.3245,-23.5555,0.0,0,0,0,0,0,0,0,0.0,runner_trail,2
aec83788-2575-47d4-9ae3-03662ac340bb,RAVEUSDT,2026-04-11T12:29:59.999000+00:00,2,69.9,0.3233,2.7603,2.4582,12,775.66,-0.4749,-9.5109,0.0,0,0,0,0,0,0,0,0.1504,unconfirmed_cut,10
54219a22-5352-4839-9d3b-3dc4f48d4eac,RAVEUSDT,2026-04-11T18:14:59.999000+00:00,10,100,5.7181,2.7603,4.061,18,775.66,-0.4749,-13.5969,0.0,0,0,0,0,0,0,0,0.0286,runner_trail,1
a1187239-d91e-4e77-b0c9-8ef41790e9e1,RAVEUSDT,2026-04-12T00:19:59.999000+00:00,8,82.1,0.198,2.454,1.4042,0,2138.0074,-0.5939,-4.9099,0.0,0,0,0,0,0,0,0,-1.0,stop_loss,2
26b1019d-e2f7-47da-934f-5429d27eafe1,RAVEUSDT,2026-05-04T11:09:59.999000+00:00,1,63.9,4.1372,1.3986,1.0422,11,2.0801,0.0278,-3.1422,0.0,0,0,0,0,0,0,0,-0.5041,unconfirmed_cut,10
e32dd0a5-2d25-4cf1-8e68-b911ddf50183,ENJUSDT,2026-03-17T03:24:59.999000+00:00,3,72.4,1.1907,1.2093,0.2957,3,11.3834,0.3102,-1.3953,0.0,0,0,0,0,0,0,0,-0.2127,unconfirmed_cut,10
58184824-5049-4725-a1e5-463903084712,ENJUSDT,2026-03-17T16:54:59.999000+00:00,1,48.5,0.1256,1.2093,1.6267,16,11.3834,0.3102,-7.5909,0.0,0,0,0,0,0,0,0,0.2661,unconfirmed_cut,10
3ae014c9-a26e-4974-b20d-d67a68877f4f,ENJUSDT,2026-03-18T05:39:59.999000+00:00,1,49.9,0.5564,42.2719,1.5171,5,30.3113,-0.1447,-5.9222,0.0,0,0,0,0,0,0,0,2.4681,runner_trail,17
74a13597-a996-49fd-9294-9939a31cec9a,ENJUSDT,2026-03-18T10:09:59.999000+00:00,1,54.9,0.8891,42.2719,3.734,10,30.3113,-0.1447,-11.0661,0.0,0,0,0,0,0,0,0,-0.126,unconfirmed_cut,10
a42da8f0-83aa-4ca9-92aa-9dc86e67fe0a,ENJUSDT,2026-03-18T16:04:59.999000+00:00,10,100,0.705,42.2719,1.6169,16,30.3113,-0.1447,-12.0353,0.0,0,0,0,0,0,0,0,-0.59,unconfirmed_cut,10
57f173fa-7c69-44c5-a5d0-955a8b699384,ENJUSDT,2026-03-19T03:19:59.999000+00:00,1,62.9,0.4094,17.9466,1.5819,3,35.609,-0.1375,-9.831,0.0,0,0,0,0,0,0,0,0.4562,runner_trail,11
c56a73f7-b458-4951-b0d0-ce6af76b8289,ENJUSDT,2026-03-20T04:34:59.999000+00:00,3,71.5,0.147,3.3605,0.8822,4,29.4213,-0.0368,-3.8564,0.0,0,0,0,0,0,0,0,0.4924,runner_trail,3
94abd702-8c74-4643-97b4-66c3fdccad43,ENJUSDT,2026-03-20T16:04:59.999000+00:00,1,62.6,2.6763,3.3605,1.4109,16,29.4213,-0.0368,-4.9678,0.0,0,0,0,0,0,0,0,0.0,runner_trail,10
2e89101b-69a3-48ad-9e6c-b90940b2f6a5,ENJUSDT,2026-03-21T01:14:59.999000+00:00,1,56.4,0.4594,2.154,0.7368,1,18.4087,0.5629,-4.695,0.0,0,0,0,0,0,0,0,-0.16,unconfirmed_cut,10
481031cb-756f-4968-93f9-392e4c63d73f,ENJUSDT,2026-03-21T06:04:59.999000+00:00,1,55.2,0.6031,2.154,0.5744,6,18.4087,0.5629,-3.5018,0.0,0,0,0,0,0,0,0,0.0,runner_trail,9
63ad804d-021c-42c3-8ef5-85f84cead28a,ENJUSDT,2026-03-21T16:39:59.999000+00:00,1,55.2,0.0536,2.154,0.5443,16,18.4087,0.5629,-2.2755,0.0,0,0,0,0,0,0,0,0.0278,runner_trail,21
b7e7a33b-cf83-448c-b8c4-35a8aab22007,ENJUSDT,2026-03-21T23:59:59.999000+00:00,5,76.2,4.3586,2.154,0.5113,23,18.4087,0.5629,-4.1263,0.0,0,0,0,0,0,0,0,0.0,runner_trail,11
35faa22b-a6c4-4e66-9f64-e2fef91a5e19,ENJUSDT,2026-03-22T08:14:59.999000+00:00,1,62.2,0.7644,2.5306,0.5057,8,1.7115,0.7562,-2.2914,0.0,0,0,0,0,0,0,0,-0.455,unconfirmed_cut,10
595a8bf8-9e12-46b2-8aec-7e710d0676cf,ENJUSDT,2026-03-22T18:39:59.999000+00:00,1,62.2,0.9044,2.5306,0.3346,18,1.7115,0.7562,-3.5347,0.0,0,0,0,0,0,0,0,-1.0,stop_loss,7
bde9b25d-a03a-4329-8395-8e7acb3898e0,ENJUSDT,2026-03-26T05:34:59.999000+00:00,10,85.4,2.2503,1.098,0.3269,5,-3.0303,-0.2512,-2.0038,0.0,0,0,0,0,0,0,0,-1.0,stop_loss,3
4f1b065a-3a18-4470-a327-92ff42dd8d20,ENJUSDT,2026-03-29T05:19:59.999000+00:00,1,54.3,0.3193,1.0775,0.442,5,-1.3882,0.2982,-2.7656,0.0,0,0,0,0,0,0,0,-0.0903,unconfirmed_cut,10
40b17c5d-93f8-43ef-9c2e-392f669c5069,ENJUSDT,2026-03-29T10:34:59.999000+00:00,3,72.1,1.5241,1.0775,0.3532,10,-1.3882,0.2982,-1.1471,0.0,0,0,0,0,0,0,0,0.1643,runner_trail,1
385e00da-1617-4c4c-890e-dae96a9510ae,ENJUSDT,2026-04-08T01:34:59.999000+00:00,1,64.0,0.3646,13.7047,0.3159,1,35.5164,-0.4707,-0.8964,0.0,0,0,0,0,0,0,0,0.2682,runner_trail,12
9d4ca479-4393-47f5-a93f-9a697dfa0a17,ENJUSDT,2026-04-09T00:04:59.999000+00:00,9,83.2,0.4939,31.4946,1.3251,0,47.1916,-0.2175,-8.5666,0.0,0,0,0,0,0,0,0,0.0,runner_trail,1
0628d7c9-7cf5-44d4-95f8-fd56d03d44c0,ENJUSDT,2026-04-09T05:14:59.999000+00:00,1,48.7,0.1046,31.4946,2.9695,5,47.1916,-0.2175,-21.5622,0.0,0,0,0,0,0,0,0,0.0,runner_trail,9
f3230975-f20e-4f1f-96fe-405f707bffcb,ENJUSDT,2026-04-09T15:14:59.999000+00:00,1,57.2,0.2052,31.4946,2.7655,15,47.1916,-0.2175,-7.0602,0.0,0,0,0,0,0,0,0,-0.5678,unconfirmed_cut,10
220d2982-cab4-4129-882f-182fe1b3704f,ENJUSDT,2026-04-10T04:19:59.999000+00:00,1,63.2,0.3246,2.0398,0.9616,4,42.7057,0.2313,-4.0294,0.0,0,0,0,0,0,0,0,0.0,runner_trail,1
706cf12e-b20d-4daf-a25e-40f58e637850,ENJUSDT,2026-04-10T07:39:59.999000+00:00,1,60.8,0.2495,2.0398,0.8916,7,42.7057,0.2313,-6.432,0.0,0,0,0,0,0,0,0,-1.0,stop_loss,3
1e86edab-536b-4466-98d2-dbfd2ba1dec7,CRVUSDT,2026-04-02T01:34:59.999000+00:00,2,69.9,1.2031,1.244,0.9967,1,-0.4785,0.9961,-2.2727,0.0,0,0,0,0,0,0,0,-0.9333,unconfirmed_cut,10
a089b07f-8cf9-4826-ac6c-b7ae0575ab09,CRVUSDT,2026-05-11T08:34:59.999000+00:00,1,62.2,0.4918,2.0665,0.3552,8,12.7506,-0.7816,-1.6807,0.0,0,0,0,0,0,0,0,0.0,runner_trail,1
f64a601d-ce3a-41e7-aaa2-6771aa75d7ad,CRVUSDT,2026-05-11T12:49:59.999000+00:00,1,56.0,0.2393,2.0665,0.7283,12,12.7506,-0.7816,-2.5037,0.0,0,0,0,0,0,0,0,-0.2489,unconfirmed_cut,10
153df2fc-baeb-4549-a9e5-79d4db97a635,CRVUSDT,2026-05-12T10:09:59.999000+00:00,3,70.7,2.0954,1.0172,0.5697,10,14.6179,0.7293,-2.3538,0.0,0,0,0,0,0,0,0,-0.0747,unconfirmed_cut,10
5757ea3d-0800-43fc-81c8-5a5cef4934e9,CRVUSDT,2026-05-12T14:59:59.999000+00:00,1,57.5,1.575,1.0172,1.1526,14,14.6179,0.7293,-3.7126,0.0,0,0,0,0,0,0,0,-1.0,stop_loss,7
33dcf208-beb4-466d-8b2f-1dd51ef47f24,IRYSUSDT,2026-03-20T01:59:59.999000+00:00,1,45.9,0.071,1.2723,1.9388,1,14.2151,0.1392,-7.938,0.0,0,0,0,0,0,0,0,-0.2421,unconfirmed_cut,10
62e481c7-ad15-41f4-959d-02d93fb3833a,IRYSUSDT,2026-03-20T12:19:59.999000+00:00,1,50.2,0.3877,1.2723,1.304,12,14.2151,0.1392,-5.0068,0.0,0,0,0,0,0,0,0,0.6463,runner_trail,16
665467e3-cb83-4138-b236-5decd3e46af8,IRYSUSDT,2026-03-20T17:44:59.999000+00:00,1,60.7,0.3784,1.2723,1.4885,17,14.2151,0.1392,-8.1989,0.0,0,0,0,0,0,0,0,0.0,unconfirmed_cut,10
4123fbdc-71ac-41d4-9fee-33a7bc96f189,IRYSUSDT,2026-04-09T05:39:59.999000+00:00,7,80.4,0.1567,1.1497,0.3994,5,19.7427,0.3806,-0.7401,0.0,0,0,0,0,0,0,0,0.0,unconfirmed_cut,10
1a173ea3-192b-4ca0-abfd-3f9eda480732,IRYSUSDT,2026-04-09T09:54:59.999000+00:00,1,62.6,0.1453,1.1497,1.2367,9,19.7427,0.3806,-5.2042,0.0,0,0,0,0,0,0,0,0.0,runner_trail,3
6dd2d199-ba62-454d-9f8e-ca7e9192ab2f,IRYSUSDT,2026-04-09T15:14:59.999000+00:00,1,57.9,0.3979,1.1497,2.283,15,19.7427,0.3806,-9.64,0.0,0,0,0,0,0,0,0,-0.2177,unconfirmed_cut,10
9cd9ca30-a44c-4f70-82e9-2ba7a6536922,IRYSUSDT,2026-04-13T01:09:59.999000+00:00,2,67.8,4.3846,1.8262,1.1183,1,50.4836,0.4921,-2.397,0.0,0,0,0,0,0,0,0,0.0,runner_trail,3
fbaf1593-26f1-446b-8e35-f21a13f178d5,IRYSUSDT,2026-04-13T07:34:59.999000+00:00,10,100,12.4993,1.8262,3.6741,7,50.4836,0.4921,-10.1549,0.0,0,0,0,0,0,0,0,-0.3198,unconfirmed_cut,10
2d6fa230-bd3e-4a03-b689-a762e708574b,IRYSUSDT,2026-04-13T14:44:59.999000+00:00,1,59.6,0.0414,1.8262,2.4966,14,50.4836,0.4921,-8.8017,0.0,0,0,0,0,0,0,0,-0.5015,unconfirmed_cut,10
20185a1f-1511-4821-b89f-b39f246ae452,IRYSUSDT,2026-04-14T06:39:59.999000+00:00,1,65.8,0.3795,3.3239,2.1865,6,12.5207,0.9389,-14.2821,0.0,0,0,0,0,0,0,0,-0.6652,unconfirmed_cut,10
47bdd410-e6b5-48f3-b848-2107e6015f48,IRYSUSDT,2026-04-20T06:39:59.999000+00:00,1,46.9,0.0965,2.1635,3.0146,6,23.2867,0.2822,-14.4481,0.0,0,0,0,0,0,0,0,0.0,runner_trail,1
69c6f198-1955-42e4-a982-d0fba8e5474d,IRYSUSDT,2026-05-12T09:44:59.999000+00:00,2,67.7,3.7299,3.2321,1.8384,9,46.378,-0.1914,-4.9224,0.0,0,0,0,0,0,0,0,-1.0,stop_loss,6
30bcc59f-f442-4774-b190-bd9662ef8558,DEXEUSDT,2026-02-24T12:29:59.999000+00:00,3,72.7,2.3917,8.0582,1.3066,12,41.8766,-0.3221,-3.8529,0.0,0,0,0,0,0,0,0,0.0,runner_trail,1
2aad94cb-090c-4e9b-a1ce-1cc676d3b0c2,DEXEUSDT,2026-02-25T09:29:59.999000+00:00,1,65.4,1.8228,2.0005,0.7495,9,52.2255,-0.4332,-1.954,0.0,0,0,0,0,0,0,0,0.0,runner_trail,1
90bdabd6-ed57-4b16-a42f-15d1a2b5ffd9,DEXEUSDT,2026-03-10T00:04:59.999000+00:00,3,71.5,2.367,3.7,0.7998,0,23.8136,-0.1157,-1.5565,0.0,0,0,0,0,0,0,0,0.0,runner_trail,1
4ea7a1fc-5c0f-45a7-9a2f-80054b93ddf0,DEXEUSDT,2026-03-10T05:49:59.999000+00:00,5,76.6,2.9265,3.7,1.3406,5,23.8136,-0.1157,-4.7699,0.0,0,0,0,0,0,0,0,0.0,runner_trail,1
68adaeec-9b27-47ba-969a-f74fb2fe6d26,DEXEUSDT,2026-03-10T13:09:59.999000+00:00,2,69.2,2.0132,3.7,1.571,13,23.8136,-0.1157,-13.345,0.0,0,0,0,0,0,0,0,0.0,runner_trail,1
be24020b-293d-4ec7-ba44-657f10aada83,DEXEUSDT,2026-03-10T18:14:59.999000+00:00,5,77.0,1.4584,3.7,0.9061,18,23.8136,-0.1157,-5.934,0.0,0,0,0,0,0,0,0,0.0,runner_trail,1
ebe47768-a5a6-47b1-86ad-1685dda7729c,DEXEUSDT,2026-03-10T23:59:59.999000+00:00,1,59.1,0.1073,3.7,0.6531,23,23.8136,-0.1157,-3.6485,0.0,0,0,0,0,0,0,0,-1.0,stop_loss,1
aca3154f-03a2-450a-8d88-c6d1054f42f2,DEXEUSDT,2026-03-14T15:39:59.999000+00:00,1,60.2,0.4401,1.3318,1.1945,15,13.8102,-0.3107,-2.1933,0.0,0,0,0,0,0,0,0,0.0,runner_trail,5
ad78d5b5-594a-4ca4-aab2-6515f676d1fa,DEXEUSDT,2026-03-14T19:44:59.999000+00:00,7,80.6,0.7761,1.3318,0.7228,19,13.8102,-0.3107,-3.1669,0.0,0,0,0,0,0,0,0,0.0,runner_trail,13
41706912-52e3-4698-95c2-0c7727eaea4a,DEXEUSDT,2026-03-19T09:29:59.999000+00:00,1,61.0,0.2364,1.3974,0.6955,9,16.3122,-0.8262,-3.4184,0.0,0,0,0,0,0,0,0,-1.0,stop_loss,2
5c465ca3-b4d1-49b1-90b1-8fed156bd8b6,DEXEUSDT,2026-04-15T00:09:59.999000+00:00,1,64.9,0.6024,1.9387,0.2821,0,28.7319,-0.8583,-2.2126,0.0,0,0,0,0,0,0,0,0.0,runner_trail,1
8f79595d-ab69-4f0b-abe1-84b3e3ca62ce,DEXEUSDT,2026-04-15T10:14:59.999000+00:00,2,69.8,1.1154,1.9387,0.9205,10,28.7319,-0.8583,-3.9466,0.0,0,0,0,0,0,0,0,0.2691,unconfirmed_cut,10
169da4bd-d43e-47c2-b7b2-1271b218b6fe,DEXEUSDT,2026-04-15T15:09:59.999000+00:00,5,76.3,4.1587,1.9387,1.6355,15,28.7319,-0.8583,-5.4492,0.0,0,0,0,0,0,0,0,-0.0201,unconfirmed_cut,10
f1a24aa4-b7ef-4d82-8b12-e95d9c2dcd03,DEXEUSDT,2026-04-15T22:49:59.999000+00:00,7,79.2,0.4998,1.9387,0.4173,22,28.7319,-0.8583,-2.0758,0.0,0,0,0,0,0,0,0,0.426,runner_trail,36
cebd89ff-9e4b-41ea-96c4-ce99ea57b764,DEXEUSDT,2026-04-18T06:34:59.999000+00:00,10,97.5,1.8275,1.2984,0.8457,6,48.03,-0.7854,-2.3723,0.0,0,0,0,0,0,0,0,0.0,runner_trail,6
58b6c6c2-1f10-428f-b96b-ebbb8dd09f94,DEXEUSDT,2026-04-18T10:49:59.999000+00:00,1,52.9,1.6904,1.2984,2.043,10,48.03,-0.7854,-6.9298,0.0,0,0,0,0,0,0,0,0.0,runner_trail,11
54f4c945-aadc-449e-aad0-8a5a8d4fae2e,DEXEUSDT,2026-04-18T21:14:59.999000+00:00,1,53.4,0.5631,1.2984,0.9741,21,48.03,-0.7854,-2.8084,0.0,0,0,0,0,0,0,0,0.6073,runner_trail,22
dbe76d7f-eed2-4ff6-9672-ba1f5b970bba,WIFUSDT,2026-02-06T00:09:59.999000+00:00,2,67.9,2.6343,1.02,1.258,0,-4.3212,0.2592,-7.9055,0.0,0,0,0,0,0,0,0,-1.0,stop_loss,1
4c370858-3b3d-4250-a278-2f61c713bc70,WIFUSDT,2026-02-28T04:34:59.999000+00:00,8,82.3,1.6063,1.5969,0.3189,4,-2.7958,0.9138,-1.7065,0.0,0,0,0,0,0,0,0,0.0,runner_trail,11
751851e9-269d-46fe-ac28-a99445e9ac1b,WIFUSDT,2026-02-28T08:54:59.999000+00:00,1,53.9,0.1049,1.5969,0.6166,8,-2.7958,0.9138,-7.9467,0.0,0,0,0,0,0,0,0,-0.4174,unconfirmed_cut,10
eca92757-caaa-4b8f-9601-1ea54a38bdbc,WIFUSDT,2026-02-28T16:34:59.999000+00:00,1,63.6,1.3411,1.5969,0.553,16,-2.7958,0.9138,-4.4294,0.0,0,0,0,0,0,0,0,0.0,runner_trail,5
14cd1f91-1f3c-4421-9ff6-33f5fc033c5b,WIFUSDT,2026-05-06T07:09:59.999000+00:00,2,68.0,2.2459,1.9909,2.1742,7,17.4005,-0.214,-8.7843,0.0,0,0,0,0,0,0,0,-0.3164,unconfirmed_cut,10
fe486118-361b-408f-89fc-5a69339f523d,WIFUSDT,2026-05-06T23:04:59.999000+00:00,2,68.6,0.7329,1.9909,0.416,23,17.4005,-0.214,-2.0062,0.0,0,0,0,0,0,0,0,0.0,runner_trail,12
3c57fe75-c576-4dc7-b91f-85f73f729d82,ARBUSDT,2026-03-01T04:24:59.999000+00:00,1,63.9,0.1144,1.4268,0.5835,4,8.0347,0.4024,-3.4221,0.0,0,0,0,0,0,0,0,0.0,runner_trail,21
30036990-132d-43bf-aeb7-bffea3c91893,ARBUSDT,2026-03-01T16:04:59.999000+00:00,6,78.4,1.632,1.4268,0.557,16,8.0347,0.4024,-2.1256,0.0,0,0,0,0,0,0,0,-1.0,stop_loss,9
07162e05-d00e-4b87-9bd5-f8b87315192a,ARBUSDT,2026-04-16T14:29:59.999000+00:00,1,58.8,0.6393,1.4132,1.2004,14,11.5052,-0.942,-4.4728,0.0,0,0,0,0,0,0,0,0.7545,runner_trail,25
412acac5-07d8-45c5-aa62-9098d42d8c68,ARBUSDT,2026-05-08T03:09:59.999000+00:00,1,58.8,1.0622,1.3731,0.6233,3,21.587,-0.937,-1.4717,0.0,0,0,0,0,0,0,0,0.6626,runner_trail,19
0a6be151-a4d1-4556-a2e2-3898a2d749bb,ARBUSDT,2026-05-08T11:04:59.999000+00:00,1,49.8,1.8891,1.3731,0.7078,11,21.587,-0.937,-3.4584,0.0,0,0,0,0,0,0,0,1.1454,runner_trail,14
61ea25cb-4b93-416a-a63b-0816a60ca940,APTUSDT,2026-03-24T10:34:59.999000+00:00,1,63.9,0.8499,1.7031,0.6694,10,17.5509,0.132,-2.8716,0.0,0,0,0,0,0,0,0,0.0,runner_trail,1
7dcaec4a-4399-41d2-980e-f06678681482,APTUSDT,2026-03-24T14:14:59.999000+00:00,1,60.6,0.2593,1.7031,0.4946,14,17.5509,0.132,-3.8305,0.0,0,0,0,0,0,0,0,-0.1326,unconfirmed_cut,10
17358fe7-320f-4bf2-a3fa-44832ab8ad07,APTUSDT,2026-05-10T11:54:59.999000+00:00,1,66.0,3.0722,1.888,0.3492,11,16.4042,-0.0829,-1.2119,0.0,0,0,0,0,0,0,0,-0.248,unconfirmed_cut,10
00b7f7ed-13d9-4959-a0d9-52386994bf8d,APTUSDT,2026-05-10T21:29:59.999000+00:00,1,65.7,4.4747,1.888,1.9196,21,16.4042,-0.0829,-7.7401,0.0,0,0,0,0,0,0,0,-0.0401,unconfirmed_cut,10
3d5b06a8-ce94-425b-b7e3-50f3db94dc25,DOTUSDT,2026-02-23T01:49:59.999000+00:00,1,57.1,1.9938,1.0062,1.068,1,-3.5115,0.8997,-5.4711,0.0,0,0,0,0,0,0,0,0.0903,unconfirmed_cut,10
02045b2d-87bd-4ddb-a516-9dddb6c67d17,DOTUSDT,2026-02-23T14:44:59.999000+00:00,3,70.8,1.8658,1.0062,0.4523,14,-3.5115,0.8997,-1.2957,0.0,0,0,0,0,0,0,0,-0.9561,unconfirmed_cut,10
be112a02-6efd-40e7-9511-94e00399dfbd,DOTUSDT,2026-02-25T22:49:59.999000+00:00,1,49.2,0.4814,3.7964,1.5567,22,24.0299,-0.7379,-5.1941,0.0,0,0,0,0,0,0,0,0.0,runner_trail,9
ac89145b-38b5-457b-a9a5-d2a7fd69b26d,DOTUSDT,2026-02-26T16:19:59.999000+00:00,6,77.5,5.011,1.6009,1.3657,16,18.4967,0.3083,-4.6201,0.0,0,0,0,0,0,0,0,-0.3173,unconfirmed_cut,10
ec266129-5692-4aac-a62d-29f018d9f2d1,DOTUSDT,2026-04-02T01:09:59.999000+00:00,10,96.3,9.355,1.2494,0.4422,1,-1.6706,0.9859,-0.7092,0.0,0,0,0,0,0,0,0,-1.0,stop_loss,2
d5981115-e25a-4247-8db9-2178e92cd92d,DOTUSDT,2026-04-07T10:09:59.999000+00:00,10,98.4,10.826,1.663,0.2897,10,6.3107,-0.418,-0.5645,0.0,0,0,0,0,0,0,0,0.0,runner_trail,9
93e0d238-fe08-412d-bb2d-52539528db2b,DOTUSDT,2026-04-09T00:24:59.999000+00:00,1,57.8,0.7097,1.824,0.3052,0,3.6712,-0.626,-1.9395,0.0,0,0,0,0,0,0,0,-1.0,stop_loss,9
dfa8cb1a-a9d2-45e0-8cf0-97340bcb3639,DOTUSDT,2026-04-13T04:34:59.999000+00:00,10,88.2,4.711,1.031,0.2574,4,-3.236,0.63,-1.4528,0.0,0,0,0,0,0,0,0,-1.0,stop_loss,4
be12be56-7360-47e8-a543-4103974d9241,DOTUSDT,2026-04-16T14:19:59.999000+00:00,1,57.3,1.8043,1.1324,0.9602,14,3.2659,-0.6361,-2.6034,0.0,0,0,0,0,0,0,0,1.2149,runner_trail,26
3c2a7fc0-0167-4a04-8c01-6fe9b4460421,DOTUSDT,2026-04-29T13:39:59.999000+00:00,1,65.4,1.8487,1.6841,0.3202,13,-3.352,0.9288,-2.619,0.0,0,0,0,0,0,0,0,0.0,unconfirmed_cut,10
ff1e7b76-3dd3-49bf-a3db-e51547ab0475,DOTUSDT,2026-04-29T18:14:59.999000+00:00,10,88.2,6.0233,1.6841,0.6078,18,-3.352,0.9288,-3.9644,0.0,0,0,0,0,0,0,0,0.0,runner_trail,2
688e7545-a30b-4f9d-9a3b-2a4c2a81a0d4,DOTUSDT,2026-05-15T02:34:59.999000+00:00,1,63.1,1.5068,1.0695,0.4127,2,-4.8516,0.8474,-3.4335,0.0,0,0,0,0,0,0,0,0.0397,runner_trail,22
f8fcba50-dca8-46cc-b3c1-e1a730fe8f5e,DOTUSDT,2026-05-15T13:49:59.999000+00:00,3,70.7,2.2674,1.0695,0.4904,13,-4.8516,0.8474,-2.3827,0.0,0,0,0,0,0,0,0,-1.0,stop_loss,1
fb839602-16f3-499d-ab89-457970350449,FETUSDT,2026-03-13T02:44:59.999000+00:00,1,50.8,1.2799,1.7632,1.0054,2,26.3307,-0.1319,-2.8511,0.0,0,0,0,0,0,0,0,0.2014,runner_trail,12
ca321687-f18c-4581-a976-dd1df4eeaa70,FETUSDT,2026-03-13T07:04:59.999000+00:00,1,64.0,1.4175,1.7632,1.0271,7,26.3307,-0.1319,-6.2757,0.0,0,0,0,0,0,0,0,-1.0,stop_loss,9
809e5936-1e72-4c48-a05c-14fabcc15dbc,FETUSDT,2026-03-20T07:09:59.999000+00:00,1,57.9,0.5099,1.0941,0.9487,7,14.8601,-0.3281,-4.2922,0.0,0,0,0,0,0,0,0,0.2,unconfirmed_cut,10
e47568dd-5500-461c-9278-e55b17285c24,FETUSDT,2026-03-20T14:04:59.999000+00:00,1,62.0,1.063,1.0941,0.8383,14,14.8601,-0.3281,-4.0966,0.0,0,0,0,0,0,0,0,0.0,runner_trail,1
ae269c0f-82a1-4db2-acaf-fbfe1efa808d,FETUSDT,2026-03-20T18:34:59.999000+00:00,1,59.4,0.4758,1.0941,0.4645,18,14.8601,-0.3281,-2.5698,0.0,0,0,0,0,0,0,0,-0.5874,unconfirmed_cut,10
dcb797e6-de64-4331-8a7f-adfc4fe8b6ec,FETUSDT,2026-04-29T12:19:59.999000+00:00,2,67.4,1.1056,1.0162,0.3326,12,-4.5149,0.9377,-2.5854,0.0,0,0,0,0,0,0,0,-0.2409,unconfirmed_cut,10
3e7aeab1-d3d3-46c0-9690-bde33944ae6c,TAOUSDT,2026-02-14T11:34:59.999000+00:00,1,54.5,0.4919,2.0487,1.0204,11,19.8743,0.1549,-6.3715,0.0,0,0,0,0,0,0,0,0.0,runner_trail,11
8294ed44-e6f6-4c42-abf0-ee0eb0a25629,TAOUSDT,2026-02-14T17:49:59.999000+00:00,2,67.2,0.1241,2.0487,0.6482,17,19.8743,0.1549,-2.8505,0.0,0,0,0,0,0,0,0,0.2652,runner_trail,31
a6e1e13b-9f2c-49a0-9d9b-b0a57aea99d8,TAOUSDT,2026-02-16T07:54:59.999000+00:00,1,55.7,0.3922,1.5036,1.6428,7,36.1978,-0.1048,-13.4953,0.0,0,0,0,0,0,0,0,-0.1436,unconfirmed_cut,10
f8cd4260-c3df-44b1-90a7-6b21ec0016e0,TAOUSDT,2026-02-16T15:44:59.999000+00:00,1,59.1,0.1134,1.5036,0.7874,15,36.1978,-0.1048,-3.9564,0.0,0,0,0,0,0,0,0,1.4241,runner_trail,49
a3dea114-918e-4b80-bea3-6311252b9f7b,TAOUSDT,2026-02-17T02:04:59.999000+00:00,1,63.9,0.5207,1.0669,0.4087,2,23.1244,0.8102,-5.2217,0.0,0,0,0,0,0,0,0,1.905,runner_trail,16
8107affb-0dfd-457b-b289-53c0363c602e,TAOUSDT,2026-02-17T14:49:59.999000+00:00,4,73.4,2.2212,1.0669,0.6975,14,23.1244,0.8102,-2.5833,0.0,0,0,0,0,0,0,0,0.3028,runner_trail,9
0d00fa5c-6e29-468b-92ef-6c4679951667,TAOUSDT,2026-02-17T19:34:59.999000+00:00,3,71.3,1.9331,1.0669,0.7207,19,23.1244,0.8102,-2.4066,0.0,0,0,0,0,0,0,0,-0.2163,unconfirmed_cut,10
4d31fc1b-6449-4c4a-8e13-34dc909a353e,TAOUSDT,2026-03-13T11:09:59.999000+00:00,1,53.7,0.4883,2.9971,0.8042,11,29.882,-0.6303,-3.2997,0.0,0,0,0,0,0,0,0,1.2245,runner_trail,20
3923922e-bcf2-43d0-89ab-9fb556f09aa4,TAOUSDT,2026-03-15T06:14:59.999000+00:00,1,54.0,0.1214,2.1257,0.756,6,41.6667,-0.4907,-4.2611,0.0,0,0,0,0,0,0,0,-1.0,stop_loss,10
008a8622-fa77-4564-8cd0-de9570a5ec05,TAOUSDT,2026-03-19T01:54:59.999000+00:00,1,59.9,0.9913,1.1144,0.5916,1,13.5266,0.1157,-3.4522,0.0,0,0,0,0,0,0,0,0.1779,unconfirmed_cut,10
94699821-84b8-4125-b799-b5e2227fc4f8,TAOUSDT,2026-03-19T06:39:59.999000+00:00,2,67.6,0.3728,1.1144,0.4491,6,13.5266,0.1157,-3.8861,0.0,0,0,0,0,0,0,0,-1.0,stop_loss,6
aad0315d-b8c8-4775-84b9-008a08e560e5,TAOUSDT,2026-03-24T05:39:59.999000+00:00,1,53.7,0.3143,1.2546,0.68,5,18.9727,-0.2887,-3.5378,0.0,0,0,0,0,0,0,0,-0.3522,unconfirmed_cut,10
47c9c6cd-7172-4b18-86fc-e1fdd66c371f,TAOUSDT,2026-03-24T09:34:59.999000+00:00,1,59.9,0.2802,1.2546,0.7144,9,18.9727,-0.2887,-3.4394,0.0,0,0,0,0,0,0,0,0.0,runner_trail,2
6f8255b0-a14e-44e1-a78d-eafdb4f42c8d,TAOUSDT,2026-03-25T12:04:59.999000+00:00,9,82.7,6.6316,1.4489,1.6583,12,28.5831,-0.2616,-4.4572,0.0,0,0,0,0,0,0,0,0.0,runner_trail,6
ad92c1f4-1527-4d74-90f9-0419a33ed260,TAOUSDT,2026-03-25T20:24:59.999000+00:00,1,58.2,0.1878,1.4489,0.8646,20,28.5831,-0.2616,-6.5038,0.0,0,0,0,0,0,0,0,-0.1849,unconfirmed_cut,10
5fdce680-ae80-4d60-b5a8-1a9e3d86f6af,TAOUSDT,2026-05-01T14:34:59.999000+00:00,1,61.0,0.9423,1.1358,0.518,14,7.802,-0.9049,-1.3616,0.0,0,0,0,0,0,0,0,1.9911,runner_trail,16
1a3b818a-c0c6-4cf7-8627-2d81c8ae0f3d,TAOUSDT,2026-05-01T21:29:59.999000+00:00,1,66.8,0.6107,1.1358,0.3746,21,7.802,-0.9049,-2.2839,0.0,0,0,0,0,0,0,0,0.0,runner_trail,1
11c69357-bbcc-4db4-91a1-a53db9f8ce8b,NEARUSDT,2026-03-02T04:59:59.999000+00:00,3,70.9,4.4774,2.2123,0.7863,4,15.6863,-0.6528,-2.5389,0.0,0,0,0,0,0,0,0,0.276,runner_trail,9
d171a65f-6031-4ce2-9bce-b208d5b20c3d,NEARUSDT,2026-03-03T14:09:59.999000+00:00,10,88.7,1.516,1.3559,0.6688,14,20.4263,-0.301,-5.3863,0.0,0,0,0,0,0,0,0,0.0,runner_trail,7
2294ce31-3cc8-41b7-a35c-e09331608737,NEARUSDT,2026-03-16T06:29:59.999000+00:00,1,61.5,0.7034,1.1121,0.4605,6,14.792,-0.2451,-1.5515,0.0,0,0,0,0,0,0,0,0.0,runner_trail,2
6f51951e-e9c3-48a7-853b-b4fb0ca87f87,NEARUSDT,2026-05-06T14:09:59.999000+00:00,3,71.1,2.2625,1.9318,1.1643,14,15.528,-0.7058,-3.1312,0.0,0,0,0,0,0,0,0,0.0,runner_trail,13
cc8d5ca5-5bb4-4076-a0b9-4d0aac73ac60,NEARUSDT,2026-05-06T22:29:59.999000+00:00,1,56.2,0.1273,1.9318,0.6841,22,15.528,-0.7058,-3.4282,0.0,0,0,0,0,0,0,0,-0.5091,unconfirmed_cut,10
41ec366c-cc60-4237-a7c9-e6a38f822add,NEARUSDT,2026-05-08T13:04:59.999000+00:00,1,57.5,0.1344,1.0743,0.5983,13,25.1765,-0.5085,-2.5316,0.0,0,0,0,0,0,0,0,-0.6078,unconfirmed_cut,10
17236307-6cc8-4e21-9ba0-558c3645f596,NEARUSDT,2026-05-12T01:19:59.999000+00:00,3,72.4,2.2814,2.2277,0.3264,1,9.3197,0.3611,-1.6688,0.0,0,0,0,0,0,0,0,-1.0,stop_loss,3
c0e39069-f031-4881-878b-82f6c11591f3,SOLUSDT,2026-03-03T02:19:59.999000+00:00,1,55.6,0.81,1.1437,0.4145,2,1.2346,-0.5156,-3.0842,0.0,0,0,0,0,0,0,0,0.4806,runner_trail,29
e34d2214-e942-4ea8-9d4e-180c86b79cca,SOLUSDT,2026-03-03T08:19:59.999000+00:00,1,64.4,2.0935,1.1437,0.3577,8,1.2346,-0.5156,-1.7402,0.0,0,0,0,0,0,0,0,-1.0,stop_loss,4
0e2c562f-91f8-44c7-b4cf-89b998a32f37,SOLUSDT,2026-03-31T05:04:59.999000+00:00,1,62.0,0.4037,1.2705,0.2335,5,-3.8395,0.63,-1.6312,0.0,0,0,0,0,0,0,0,0.4029,runner_trail,13
e71b07e0-326c-4404-9e14-300b5b2099af,SOLUSDT,2026-03-31T09:29:59.999000+00:00,1,63.9,1.1793,1.2705,0.3293,9,-3.8395,0.63,-2.3991,0.0,0,0,0,0,0,0,0,-1.0,stop_loss,5
e757093c-2aa5-4a4a-98d8-c04299ed8ea4,SOLUSDT,2026-04-16T13:59:59.999000+00:00,10,85.5,6.8369,1.7958,0.5015,13,4.8769,-0.644,-1.7507,0.0,0,0,0,0,0,0,0,1.1512,runner_trail,35
c148c822-9b2a-44c8-a099-892a91ecfe4e,SOLUSDT,2026-05-06T04:54:59.999000+00:00,5,76.5,2.9577,1.0126,0.1653,4,6.4516,-0.5565,-0.6633,0.0,0,0,0,0,0,0,0,0.0,runner_trail,9
fe77d824-815c-4507-b1df-0d7a3173e7f8,SOLUSDT,2026-05-06T14:09:59.999000+00:00,2,69.8,4.1073,1.0126,0.5098,14,6.4516,-0.5565,-2.3743,0.0,0,0,0,0,0,0,0,0.4449,runner_trail,44
215d5c26-a994-4f18-90f7-156f128a3dca,SOLUSDT,2026-05-10T20:19:59.999000+00:00,1,63.4,1.6967,1.9836,0.3276,20,11.8043,-0.5099,-1.2077,0.0,0,0,0,0,0,0,0,-1.0,stop_loss,5
566a5a4d-66b5-4612-92e7-055a9ff54e02,XRPUSDT,2026-02-15T09:44:59.999000+00:00,1,47.9,0.1646,1.8087,0.5808,9,5.3832,0.2362,-3.7081,0.0,0,0,0,0,0,0,0,-1.0,stop_loss,4
e1748f38-3a68-4e7e-a907-41ca3f5c169d,XRPUSDT,2026-02-28T04:34:59.999000+00:00,7,80.7,3.4024,1.1381,0.1892,4,1.7762,0.0488,-0.9016,0.0,0,0,0,0,0,0,0,0.0,runner_trail,10
14e3cfd2-77a3-426e-972e-040b16abba8f,XRPUSDT,2026-02-28T08:34:59.999000+00:00,1,54.0,0.8779,1.1381,0.5981,8,1.7762,0.0488,-5.1659,0.0,0,0,0,0,0,0,0,-0.2387,unconfirmed_cut,10
6b978c2e-bf4f-46da-9ece-8677b960f733,XRPUSDT,2026-03-18T15:04:59.999000+00:00,4,74.8,1.7083,1.0806,0.4209,15,4.7285,0.8335,-4.8888,0.0,0,0,0,0,0,0,0,-0.682,unconfirmed_cut,10
6b2e19d6-4091-48d3-9fcc-8bb65edcc333,XRPUSDT,2026-04-16T14:24:59.999000+00:00,1,52.7,2.2039,1.1979,0.5998,14,7.2531,-0.5418,-2.7342,0.0,0,0,0,0,0,0,0,1.3207,runner_trail,26
056c8c16-b098-426b-a3aa-7cccf4683ba3,XRPUSDT,2026-04-17T10:34:59.999000+00:00,1,62.6,2.1772,1.176,0.3377,10,11.4057,-0.6062,-1.5426,0.0,0,0,0,0,0,0,0,1.5758,runner_trail,31
416eda9d-85f5-41ee-923e-ffa3198bd74a,XRPUSDT,2026-04-29T16:54:59.999000+00:00,10,85.6,6.4356,1.508,0.2743,16,-4.4677,0.8883,-2.3381,0.0,0,0,0,0,0,0,0,-1.0,stop_loss,15
0ce15cb0-0509-4d50-b62d-6f4d7a71ff5c,XRPUSDT,2026-05-12T01:24:59.999000+00:00,2,70.3,2.2019,1.281,0.2531,1,3.6366,0.9428,-0.7278,0.0,0,0,0,0,0,0,0,-1.0,stop_loss,3
18b02dcd-9358-4219-bbae-daab1705e0b0,PENDLEUSDT,2026-03-01T06:14:59.999000+00:00,1,66.0,0.0943,1.1984,0.3996,6,5.782,-0.8194,-5.4338,0.0,0,0,0,0,0,0,0,-0.3043,unconfirmed_cut,10
59353568-0e0a-41fe-8582-1bdd68ee097f,PENDLEUSDT,2026-03-01T16:54:59.999000+00:00,2,68.4,1.4049,1.1984,0.5547,16,5.782,-0.8194,-2.4485,0.0,0,0,0,0,0,0,0,-1.0,stop_loss,6
d7368e6d-bb58-4344-a335-786c204ca9f1,PENDLEUSDT,2026-04-16T01:09:59.999000+00:00,1,63.6,0.1846,1.2614,0.2979,1,13.3393,-0.5032,-1.9721,0.0,0,0,0,0,0,0,0,0.0,runner_trail,3
927e0929-858d-4eb5-a40b-4ec2b2d88289,PENDLEUSDT,2026-04-16T08:14:59.999000+00:00,1,54.7,0.818,1.2614,0.5202,8,13.3393,-0.5032,-1.602,0.0,0,0,0,0,0,0,0,0.0,runner_trail,8
71e91534-322e-4560-8e98-80d4708092e7,PENDLEUSDT,2026-04-16T13:59:59.999000+00:00,2,67.9,2.6626,1.2614,0.9529,13,13.3393,-0.5032,-3.2674,0.0,0,0,0,0,0,0,0,-0.0933,unconfirmed_cut,10
e231985b-690a-477a-bfc3-4b5665af1923,PENDLEUSDT,2026-04-17T05:04:59.999000+00:00,1,62.0,1.5091,1.7336,0.4619,5,37.7482,-0.4896,-3.8695,0.0,0,0,0,0,0,0,0,-0.5475,unconfirmed_cut,10
0c7a7275-8c02-4c91-baad-e5ae25cec11e,PENDLEUSDT,2026-04-17T15:39:59.999000+00:00,1,50.5,0.2932,1.7336,0.8996,15,37.7482,-0.4896,-5.2016,0.0,0,0,0,0,0,0,0,1.1383,runner_trail,30
b7e0173b-e69b-42e8-9083-8017dd133727,PENDLEUSDT,2026-05-01T09:59:59.999000+00:00,1,57.5,0.6505,4.5777,0.859,9,17.8165,-0.3465,-2.7182,0.0,0,0,0,0,0,0,0,-0.5603,unconfirmed_cut,10
11c12e64-34fd-411e-ab45-83dc1d0c6225,PENDLEUSDT,2026-05-01T19:19:59.999000+00:00,10,90.7,5.147,4.5777,1.0686,19,17.8165,-0.3465,-2.3801,0.0,0,0,0,0,0,0,0,-0.3966,unconfirmed_cut,10
eb5462c8-7fe8-4aac-99c4-10c4ae23c4fe,PENDLEUSDT,2026-05-04T00:04:59.999000+00:00,1,59.1,1.4562,6.9049,0.4297,0,43.0934,-0.8283,-2.3908,0.0,0,0,0,0,0,0,0,-0.4407,unconfirmed_cut,10
4803be72-d7e6-4f36-bc5b-e49604656387,PENDLEUSDT,2026-05-05T04:44:59.999000+00:00,1,62.6,1.3369,1.1708,0.6276,4,38.0201,-0.4134,-4.6875,0.0,0,0,0,0,0,0,0,0.2333,unconfirmed_cut,10
fe14d252-3be1-4fb4-a003-80f8f385f554,PENDLEUSDT,2026-05-06T13:09:59.999000+00:00,1,65.4,1.2177,1.4375,0.5917,13,23.5376,-0.2131,-2.4061,0.0,0,0,0,0,0,0,0,-1.0,stop_loss,9
c4bbd8eb-ea31-4f8d-acd5-bf565e47fcf4,PENDLEUSDT,2026-05-10T14:24:59.999000+00:00,1,60.9,1.3276,1.2716,0.6947,14,0.4778,0.8186,-3.1336,0.0,0,0,0,0,0,0,0,0.1755,unconfirmed_cut,10
2294dedc-335e-4a2e-8a6c-be2bdfe9edd9,PENDLEUSDT,2026-05-12T00:29:59.999000+00:00,10,91.5,3.3349,1.8053,0.8841,0,8.4523,0.7627,-2.8077,0.0,0,0,0,0,0,0,0,0.0,runner_trail,4
96cdc201-396f-4047-9bf9-38525b12a78f,PENDLEUSDT,2026-05-12T16:04:59.999000+00:00,1,60.1,0.8304,1.8053,0.9495,16,8.4523,0.7627,-3.1402,0.0,0,0,0,0,0,0,0,-1.0,stop_loss,9
3d9750ab-5f36-46bb-b6e9-25211d4b6f81,DASHUSDT,2026-04-10T04:24:59.999000+00:00,1,55.2,0.4067,1.4211,1.1179,4,50.1644,-0.3149,-4.2456,0.0,0,0,0,0,0,0,0,-0.2644,unconfirmed_cut,10
94c48414-cbe9-41a3-ac7d-89a321d9a4db,DASHUSDT,2026-04-10T13:39:59.999000+00:00,2,69.4,3.5127,1.4211,1.7089,13,50.1644,-0.3149,-5.1677,0.0,0,0,0,0,0,0,0,0.0,runner_trail,1
b95cbaa4-9b52-4e49-997d-cc6944eb4b03,DASHUSDT,2026-05-04T10:14:59.999000+00:00,1,55.9,1.384,2.8979,2.0364,10,37.4964,-0.3213,-8.1349,0.0,0,0,0,0,0,0,0,0.0042,unconfirmed_cut,10
d89c422f-ff6b-4478-b61b-b613a1ca9c6e,DASHUSDT,2026-05-04T20:34:59.999000+00:00,9,84.7,1.4499,2.8979,0.9095,20,37.4964,-0.3213,-3.8367,0.0,0,0,0,0,0,0,0,0.0,runner_trail,5
d47190dc-c1c9-4f62-a7c3-a5befe6f6dc8,DASHUSDT,2026-05-06T02:09:59.999000+00:00,1,57.3,0.7502,2.2188,1.1888,2,36.6321,-0.2833,-6.1324,0.0,0,0,0,0,0,0,0,-0.0278,unconfirmed_cut,10
abb53d03-bdaa-4dc8-b356-de3f05352c17,DASHUSDT,2026-05-06T13:49:59.999000+00:00,1,56.8,0.176,2.2188,1.5544,13,36.6321,-0.2833,-5.6292,0.0,0,0,0,0,0,0,0,-0.1455,unconfirmed_cut,10
e66cf4fb-0ed3-40ce-904f-e54461e7c81c,DASHUSDT,2026-05-06T22:09:59.999000+00:00,1,59.1,0.0689,2.2188,0.7594,22,36.6321,-0.2833,-3.9964,0.0,0,0,0,0,0,0,0,-0.158,unconfirmed_cut,10
783e3b71-40d5-4b0b-9a8b-2b7ba6f3fcb3,WLDUSDT,2026-03-12T01:09:59.999000+00:00,2,68.7,5.023,2.576,0.329,1,-4.7972,0.9824,-1.3931,0.0,0,0,0,0,0,0,0,-0.3092,unconfirmed_cut,10
014dc17f-e976-4afd-a36a-6f4202ddc8ce,WLDUSDT,2026-03-12T13:49:59.999000+00:00,1,60.7,2.1034,2.576,0.7885,13,-4.7972,0.9824,-4.9653,0.0,0,0,0,0,0,0,0,-1.0,stop_loss,8
dd3fdb7c-04c4-4c7b-82cd-3e94fd8c9cf8,WLDUSDT,2026-04-13T15:44:59.999000+00:00,1,55.0,1.8991,1.0022,0.9878,15,21.3645,-0.2419,-6.244,0.0,0,0,0,0,0,0,0,0.048,runner_trail,26
31e95690-ef6a-41b0-ae3c-8eb04fa76c1d,WLDUSDT,2026-04-17T05:14:59.999000+00:00,1,65.1,1.0077,3.1273,0.3783,5,-3.046,0.8936,-2.9846,0.0,0,0,0,0,0,0,0,-1.0,stop_loss,4
4f4081d1-3151-4f3e-99fb-82b8f037766e,WLDUSDT,2026-04-27T05:34:59.999000+00:00,4,74.5,2.4279,1.2869,0.4671,5,-3.4208,0.9196,-2.9101,0.0,0,0,0,0,0,0,0,-0.1667,unconfirmed_cut,10
26500e19-d19b-4a87-89b3-5114b54cddcf,WLDUSDT,2026-04-27T13:54:59.999000+00:00,10,96.3,3.4728,1.2869,0.3058,13,-3.4208,0.9196,-0.6302,0.0,0,0,0,0,0,0,0,0.7537,runner_trail,9
74014fe6-ba64-48c2-b490-a43348f16717,WLDUSDT,2026-04-27T19:34:59.999000+00:00,7,79.7,0.2025,1.2869,0.2581,19,-3.4208,0.9196,-2.4667,0.0,0,0,0,0,0,0,0,2.3611,runner_trail,59
bc687574-6af0-461b-a438-a5bf621923ea,WLDUSDT,2026-05-10T01:04:59.999000+00:00,2,68.3,3.5789,2.5649,0.3723,1,15.4976,0.4574,-2.5219,0.0,0,0,0,0,0,0,0,-0.282,unconfirmed_cut,10
52f1468e-4740-4bb9-bb3d-5360fc614c19,WLDUSDT,2026-05-10T12:14:59.999000+00:00,2,67.9,3.654,2.5649,0.3179,12,15.4976,0.4574,-1.8208,0.0,0,0,0,0,0,0,0,0.93,runner_trail,25
a6b13867-4900-4107-9f85-fe0f824d83db,TONUSDT,2026-04-11T20:09:59.999000+00:00,1,57.7,1.8876,1.6451,0.8177,20,17.7776,-0.0784,-4.638,0.0,0,0,0,0,0,0,0,0.0,runner_trail,1
e1e154a2-2fee-4fab-ba94-dcb9e615923a,TONUSDT,2026-04-13T02:34:59.999000+00:00,5,75.7,3.5901,1.1882,0.2394,2,16.3355,-0.0009,-1.2086,0.0,0,0,0,0,0,0,0,0.0,runner_trail,5
96662619-bd5c-440a-9e4d-2caf2abe9790,TONUSDT,2026-04-13T11:44:59.999000+00:00,1,61.1,0.6053,1.1882,0.2983,11,16.3355,-0.0009,-1.7228,0.0,0,0,0,0,0,0,0,1.5722,runner_trail,24
b6701990-c477-4787-907d-28a8636b969e,TONUSDT,2026-05-04T10:14:59.999000+00:00,2,70.0,1.5978,3.7918,0.3567,10,25.1042,-0.4773,-1.947,0.0,0,0,0,0,0,0,0,0.0,runner_trail,7
0c118448-4838-48c2-ba01-73ba983ca5a0,TONUSDT,2026-05-05T04:39:59.999000+00:00,1,61.4,0.2053,15.5612,1.3862,4,46.1562,-0.4267,-8.4474,0.0,0,0,0,0,0,0,0,2.0059,runner_trail,50
7e781fb3-5475-4f4d-92a8-fea18520faa5,TONUSDT,2026-05-05T13:49:59.999000+00:00,1,65.8,0.6386,15.5612,1.3866,13,46.1562,-0.4267,-3.6962,0.0,0,0,0,0,0,0,0,-1.0,stop_loss,5
50ade36b-89ab-4ad3-87fe-fc709088cb43,CHZUSDT,2026-03-28T17:19:59.999000+00:00,1,60.2,2.3548,1.059,1.0044,17,12.2802,-0.3269,-3.5671,0.0,0,0,0,0,0,0,0,1.6716,runner_trail,55
71d0894f-ad2f-42e1-92ce-5fbc81bf329e,CHZUSDT,2026-03-29T17:24:59.999000+00:00,1,57.2,0.1235,1.0625,0.4761,17,11.6337,0.1895,-2.3774,0.0,0,0,0,0,0,0,0,0.9946,runner_trail,19
d2a81513-bda6-46f8-a479-45f48e6cf458,CHZUSDT,2026-03-29T22:44:59.999000+00:00,10,89.9,3.7491,1.0625,0.3479,22,11.6337,0.1895,-1.302,0.0,0,0,0,0,0,0,0,-1.0,stop_loss,1
824ec326-33d4-49ac-be24-a34492963138,CHZUSDT,2026-04-20T12:29:59.999000+00:00,1,60.6,0.8041,1.0061,0.7888,12,10.4474,-0.3302,-2.8534,0.0,0,0,0,0,0,0,0,0.0,runner_trail,6
f8a60a94-fbcf-4546-b08a-573eada6d2d1,CHZUSDT,2026-04-20T20:04:59.999000+00:00,1,61.5,1.1935,1.0061,0.849,20,10.4474,-0.3302,-2.3674,0.0,0,0,0,0,0,0,0,0.0,runner_trail,3
0ba66035-9e71-4be0-a43b-18c123ba63bd,CHZUSDT,2026-05-15T05:09:59.999000+00:00,2,70.1,1.9551,1.3443,0.4845,5,-0.022,0.4342,-1.531,0.0,0,0,0,0,0,0,0,-1.0,stop_loss,5
1f7d04aa-7d72-4d1d-8436-e5dc4a08c0c2,QNTUSDT,2026-03-19T06:39:59.999000+00:00,3,71.3,1.2497,1.8134,0.6481,6,10.9384,0.0012,-2.7104,0.0,0,0,0,0,0,0,0,-1.0,stop_loss,9
ef9b58cc-a526-4d1a-9c4e-9c416f6385d7,QNTUSDT,2026-05-14T12:04:59.999000+00:00,2,67.9,2.072,1.001,0.6569,12,6.7667,-0.379,-1.8535,0.0,0,0,0,0,0,0,0,0.6992,runner_trail,46
22d20629-324d-43d8-8abc-c0c61d8c7499,QNTUSDT,2026-05-16T09:24:59.999000+00:00,1,64.6,2.0053,5.8939,0.6354,9,10.9405,-0.0832,-3.3995,0.0,0,0,0,0,0,0,0,0.985,runner_trail,30
e79e313b-1b75-419a-88c0-68295bd4bfb8,QNTUSDT,2026-05-17T02:09:59.999000+00:00,1,61.5,2.4934,4.0388,0.474,2,2.0669,0.9141,-3.1642,0.0,0,0,0,0,0,0,0,0.0955,unconfirmed_cut,10
4c9f1f86-e9e2-44c7-ac07-ed69af787808,NMRUSDT,2026-01-31T05:14:59.999000+00:00,10,100,8.7071,2.4299,0.6777,5,1.9029,0.841,-3.1272,0.0,0,0,0,0,0,0,0,-0.213,unconfirmed_cut,10
df83d3d6-2e36-4c2c-8675-6228b8a10bbe,NMRUSDT,2026-01-31T14:29:59.999000+00:00,10,96.5,10.2808,2.4299,0.7011,14,1.9029,0.841,-1.7515,0.0,0,0,0,0,0,0,0,-1.0,stop_loss,4
6c03ad14-2940-4e79-8d9e-9100dffc788b,NMRUSDT,2026-02-23T14:44:59.999000+00:00,3,72.2,1.2688,1.5937,0.3539,14,-4.9951,1.0,-1.2109,0.0,0,0,0,0,0,0,0,-0.4186,unconfirmed_cut,10
0e4b1a99-a6a8-4a5c-9d4c-ba16b7b53d59,NMRUSDT,2026-04-02T04:04:59.999000+00:00,1,66.7,0.6028,5.7176,0.4868,4,15.394,0.1057,-4.6627,0.0,0,0,0,0,0,0,0,0.0,runner_trail,7
20f47284-9c81-4539-922f-94e0646c8e63,NMRUSDT,2026-04-02T08:39:59.999000+00:00,1,52.0,0.3399,5.7176,0.9095,8,15.394,0.1057,-3.2361,0.0,0,0,0,0,0,0,0,1.0102,runner_trail,26
644fe641-ad28-4e20-89f6-2ef71e476ffb,NMRUSDT,2026-04-02T18:14:59.999000+00:00,1,56.0,1.7194,5.7176,4.1807,18,15.394,0.1057,-13.0326,0.0,0,0,0,0,0,0,0,0.0,runner_trail,14
741beb2c-e432-44bc-bbcc-af759cd69d85,NMRUSDT,2026-04-03T15:59:59.999000+00:00,1,60.3,0.1914,1.0947,0.4173,15,14.4971,0.4855,-2.7853,0.0,0,0,0,0,0,0,0,0.6701,runner_trail,17
ce014a21-d249-41f4-b8e6-d783566b2c4a,NMRUSDT,2026-04-05T12:04:59.999000+00:00,1,56.9,0.9571,1.191,0.965,12,15.9204,0.3136,-5.1893,0.0,0,0,0,0,0,0,0,-1.0,stop_loss,8
482a2dff-3201-48fb-86ba-8a2437a6a8a0,NMRUSDT,2026-04-11T06:04:59.999000+00:00,1,59.8,1.4971,1.1507,0.4496,6,9.2263,0.8011,-2.6267,0.0,0,0,0,0,0,0,0,0.192,unconfirmed_cut,10
3478f148-447f-4e58-b14b-c214d558f3bd,NMRUSDT,2026-04-11T14:14:59.999000+00:00,2,68.5,0.6088,1.1507,0.8547,14,9.2263,0.8011,-11.1478,0.0,0,0,0,0,0,0,0,0.9425,runner_trail,21
acd2fea1-297f-4dfc-a4e3-5625c29cae74,NMRUSDT,2026-04-11T19:34:59.999000+00:00,3,73.1,0.0714,1.1507,0.3776,19,9.2263,0.8011,-3.419,0.0,0,0,0,0,0,0,0,-1.0,stop_loss,6
348b4fff-10ed-497e-81c2-e5a2f3bc060a,NMRUSDT,2026-05-16T07:09:59.999000+00:00,2,68.1,0.201,6.0522,0.4799,7,8.3051,-0.4168,-2.2075,0.0,0,0,0,0,0,0,0,-1.0,stop_loss,2
90540374-1d58-465b-b227-7d732ea5cc7a,UNIUSDT,2026-04-29T13:39:59.999000+00:00,1,61.1,2.0686,1.1512,0.2539,13,-1.8462,0.9843,-2.7653,0.0,0,0,0,0,0,0,0,0.1948,unconfirmed_cut,10
d5c5b8e5-ae07-457f-b514-30906a7fbe7a,UNIUSDT,2026-04-29T18:14:59.999000+00:00,10,88.2,6.7883,1.1512,0.5203,18,-1.8462,0.9843,-4.1934,0.0,0,0,0,0,0,0,0,1.4605,runner_trail,100
c70c5b6a-0113-4c5c-b848-482857944dca,UNIUSDT,2026-05-10T01:14:59.999000+00:00,1,50.5,0.341,1.3587,0.5677,1,18.9213,0.3269,-2.5896,0.0,0,0,0,0,0,0,0,-0.4541,unconfirmed_cut,10
abab31c7-e59d-4201-94e5-17217085cd79,UNIUSDT,2026-05-10T10:09:59.999000+00:00,2,68.0,0.7925,1.3587,0.7512,10,18.9213,0.3269,-2.7839,0.0,0,0,0,0,0,0,0,-0.3643,unconfirmed_cut,10
777e9be4-a598-4b27-97d4-16f20bfb1ccc,UNIUSDT,2026-05-10T14:54:59.999000+00:00,1,57.3,2.1609,1.3587,0.7958,14,18.9213,0.3269,-2.6865,0.0,0,0,0,0,0,0,0,0.0,runner_trail,2
ca450b31-bf0c-4680-8461-188375977b57,UNIUSDT,2026-05-10T20:59:59.999000+00:00,8,81.5,3.5704,1.3587,0.8395,20,18.9213,0.3269,-4.1391,0.0,0,0,0,0,0,0,0,0.0,runner_trail,13
85181733-bdda-4177-941c-1366d514693c,BNBUSDT,2026-04-02T01:09:59.999000+00:00,10,100,7.461,1.2687,0.2356,1,-4.4361,0.953,-0.7122,0.0,0,0,0,0,0,0,0,-1.0,stop_loss,2
31030b2c-2a7e-4662-8252-91b7e1115691,BNBUSDT,2026-05-06T13:34:59.999000+00:00,1,65.2,2.2666,2.3466,0.3678,13,5.2621,-0.8803,-2.067,0.0,0,0,0,0,0,0,0,-1.0,stop_loss,7
857bd590-48ef-47a0-96b2-6924d2b49678,BNBUSDT,2026-05-13T14:04:59.999000+00:00,2,68.6,3.1851,1.3235,0.2671,14,3.4042,-0.1269,-2.4208,0.0,0,0,0,0,0,0,0,0.12,runner_trail,14
732a6445-d1b2-437d-8b58-02069a8ad302,BNBUSDT,2026-05-17T01:04:59.999000+00:00,9,83.6,8.6503,1.3947,0.1891,1,-2.327,0.974,-0.7964,0.0,0,0,0,0,0,0,0,0.0,runner_trail,1
8d9ce88e-b285-4ae1-b339-55ad9ce60213,1000LUNCUSDT,2026-02-01T06:39:59.999000+00:00,1,62.4,0.2677,1.1294,0.335,6,-2.8421,0.4018,-1.4013,0.0,0,0,0,0,0,0,0,-1.0,stop_loss,9
d3eca131-614d-4c13-9de3-802d0044d1d5,1000LUNCUSDT,2026-02-27T07:39:59.999000+00:00,1,49.2,0.0381,3.6599,1.9873,7,21.5758,-0.1742,-15.0374,0.0,0,0,0,0,0,0,0,-0.2397,unconfirmed_cut,10
19220fec-c7bd-4bb4-a706-74f6da224c3d,1000LUNCUSDT,2026-02-27T15:39:59.999000+00:00,5,75.5,3.8911,3.6599,1.6282,15,21.5758,-0.1742,-6.215,0.0,0,0,0,0,0,0,0,0.0211,runner_trail,15
1a33f54f-722d-4442-bbbf-8793b4f072ae,1000LUNCUSDT,2026-02-28T00:29:59.999000+00:00,1,61.4,0.2334,1.9206,1.1156,0,30.046,0.1461,-4.5424,0.0,0,0,0,0,0,0,0,0.0,runner_trail,5
e1cf5c10-9c16-4090-b860-7d000fb8056a,1000LUNCUSDT,2026-02-28T07:04:59.999000+00:00,3,70.8,3.2335,1.9206,1.7961,7,30.046,0.1461,-6.7301,0.0,0,0,0,0,0,0,0,-0.7034,unconfirmed_cut,10
3d08dd13-5e72-44a8-919d-1c040802fc66,1000LUNCUSDT,2026-04-26T03:44:59.999000+00:00,10,88.9,7.3296,1.4989,0.4381,3,37.759,-0.7579,-1.8969,0.0,0,0,0,0,0,0,0,0.0,runner_trail,9
9599f642-558d-4911-88fa-d194fdda5437,1000LUNCUSDT,2026-04-27T07:34:59.999000+00:00,1,60.5,1.5012,4.6293,1.2711,7,48.7326,-0.1894,-12.3554,0.0,0,0,0,0,0,0,0,0.7743,runner_trail,22
b40c8ed1-4130-4586-9aaa-4e2fafd3e636,1000LUNCUSDT,2026-04-27T14:09:59.999000+00:00,2,67.5,3.5021,4.6293,1.4843,14,48.7326,-0.1894,-2.9775,0.0,0,0,0,0,0,0,0,0.4201,runner_trail,15
4cf9116b-e624-4d41-8d79-d23e258b69d7,1000LUNCUSDT,2026-04-28T01:24:59.999000+00:00,1,64.9,1.4081,4.2104,2.0065,1,23.795,-0.0598,-7.3673,0.0,0,0,0,0,0,0,0,0.0,runner_trail,1
030173d2-641e-47bc-b0fe-38eb25bf49da,1000LUNCUSDT,2026-04-28T10:19:59.999000+00:00,1,61.5,0.7801,4.2104,1.5459,10,23.795,-0.0598,-5.8889,0.0,0,0,0,0,0,0,0,-0.7273,unconfirmed_cut,10
8d52e366-f122-4b97-ac18-75d10b837208,1000LUNCUSDT,2026-04-29T01:44:59.999000+00:00,1,50.7,0.3409,2.2036,0.9793,1,38.3211,-0.2812,-5.7139,0.0,0,0,0,0,0,0,0,0.0,runner_trail,1
bb74c169-a883-45b8-8df5-8d9a9a2e44f6,1000LUNCUSDT,2026-04-29T12:54:59.999000+00:00,5,76.2,4.5259,2.2036,1.2251,12,38.3211,-0.2812,-2.0646,0.0,0,0,0,0,0,0,0,-0.5385,unconfirmed_cut,10
e188df4b-1a33-4cdd-a0b0-0b4aaf369b1a,1000LUNCUSDT,2026-04-29T18:14:59.999000+00:00,2,70.0,1.1853,2.2036,0.8849,18,38.3211,-0.2812,-4.39,0.0,0,0,0,0,0,0,0,-0.2696,unconfirmed_cut,10
4189a3b6-21ab-4759-9958-b2109e234327,1000LUNCUSDT,2026-04-29T22:44:59.999000+00:00,1,58.7,1.0946,2.2036,1.004,22,38.3211,-0.2812,-3.2805,0.0,0,0,0,0,0,0,0,0.1947,unconfirmed_cut,10
7da160bb-6436-4dde-8328-db2f7272b670,1000LUNCUSDT,2026-05-01T06:09:59.999000+00:00,1,64.5,1.0236,1.29,0.8323,6,12.7911,0.2909,-3.8422,0.0,0,0,0,0,0,0,0,0.0233,runner_trail,16
deb04605-cf07-40f7-a90a-38d22a023690,1000LUNCUSDT,2026-05-01T12:34:59.999000+00:00,1,58.8,0.5005,1.29,0.7121,12,12.7911,0.2909,-3.6531,0.0,0,0,0,0,0,0,0,-1.0,stop_loss,4
760c271d-8455-4cbd-a274-5afba64d41a4,ZECUSDT,2026-02-14T09:19:59.999000+00:00,1,64.7,1.8244,1.7203,0.6819,9,34.6503,-0.7573,-2.0724,0.0,0,0,0,0,0,0,0,-0.3512,unconfirmed_cut,10
4d09e355-7e6d-40f4-800a-cffd8a578e60,ZECUSDT,2026-03-16T14:34:59.999000+00:00,2,67.1,4.0985,1.5878,0.6549,14,30.1684,-0.6666,-1.7532,0.0,0,0,0,0,0,0,0,0.0,runner_trail,5
7ae7646c-1b00-4570-a429-35fdf14de1f0,ZECUSDT,2026-03-17T00:09:59.999000+00:00,5,75.5,2.193,1.0426,1.0593,0,30.8283,-0.2492,-4.5764,0.0,0,0,0,0,0,0,0,0.0,runner_trail,7
52841638-2dc0-409a-a7f8-778a3f4c1568,ZECUSDT,2026-03-17T03:49:59.999000+00:00,1,64.0,0.4241,1.0426,0.715,3,30.8283,-0.2492,-5.6298,0.0,0,0,0,0,0,0,0,-1.0,stop_loss,9
08dc5e74-39fa-4189-88f7-d6e829f95105,ZECUSDT,2026-04-07T10:09:59.999000+00:00,1,64.8,0.5398,1.5044,0.6483,10,33.0535,-0.7316,-2.4583,0.0,0,0,0,0,0,0,0,0.0,runner_trail,1
5aa257e3-e407-4bee-a687-2fc83b4ef4e1,ZECUSDT,2026-04-08T11:34:59.999000+00:00,1,64.1,2.1621,1.057,0.7955,11,37.9578,-0.2379,-2.4416,0.0,0,0,0,0,0,0,0,0.0,runner_trail,4
4ae7f91f-7a41-4de0-84df-ebca86bf5229,ZECUSDT,2026-04-08T15:14:59.999000+00:00,1,55.2,0.9212,1.057,0.9401,15,37.9578,-0.2379,-3.0366,0.0,0,0,0,0,0,0,0,0.0,runner_trail,11
3a0b9309-52a3-44fa-8f4c-b8cac55defc9,ZECUSDT,2026-04-08T19:19:59.999000+00:00,2,70.2,1.3067,1.057,0.6646,19,37.9578,-0.2379,-4.0412,0.0,0,0,0,0,0,0,0,-0.2956,unconfirmed_cut,10
2e42ebec-cb2a-463c-b68f-924370936da6,ZECUSDT,2026-04-14T10:34:59.999000+00:00,1,60.5,2.0375,1.0817,0.6413,10,-3.4296,0.807,-2.2391,0.0,0,0,0,0,0,0,0,-0.0855,unconfirmed_cut,10
ddb30efd-7fe8-407f-8b5b-30df46690c9e,ZECUSDT,2026-04-14T14:54:59.999000+00:00,1,63.5,1.3165,1.0817,0.6977,14,-3.4296,0.807,-4.5018,0.0,0,0,0,0,0,0,0,0.1505,unconfirmed_cut,10
fb03bbf5-213a-40d2-96b5-5913549d82c9,ZECUSDT,2026-05-01T14:39:59.999000+00:00,5,76.3,5.4245,1.7227,0.4308,14,8.4075,-0.7791,-1.5279,0.0,0,0,0,0,0,0,0,0.0,runner_trail,2
9ca3f87b-5c42-4c06-b048-4c6512f7a802,ZECUSDT,2026-05-03T01:19:59.999000+00:00,1,61.8,0.4547,1.404,0.4892,1,22.8528,-0.7633,-2.8874,0.0,0,0,0,0,0,0,0,0.0021,unconfirmed_cut,10
b5dc4564-3b29-4ff8-9e67-837b7927f9bc,ZECUSDT,2026-05-03T14:19:59.999000+00:00,1,49.7,0.0977,1.404,0.7341,14,22.8528,-0.7633,-3.2655,0.0,0,0,0,0,0,0,0,0.8187,runner_trail,26
22c8cc46-5796-4d28-8070-78a7360b648e,ZECUSDT,2026-05-04T00:24:59.999000+00:00,1,66.2,0.9927,1.1718,0.6352,0,29.0458,-0.533,-1.6989,0.0,0,0,0,0,0,0,0,0.0,runner_trail,1
d1e1fc56-82d4-497f-b558-36450d367a39,ZECUSDT,2026-05-04T10:09:59.999000+00:00,4,75.2,8.0612,1.1718,0.537,10,29.0458,-0.533,-1.9569,0.0,0,0,0,0,0,0,0,-1.0,stop_loss,3
11d96261-53fb-4079-bc1b-be97bcbfa551,1000PEPEUSDT,2026-04-16T06:09:59.999000+00:00,1,65.7,1.6013,2.0572,0.6227,6,9.2793,-0.5921,-3.6336,0.0,0,0,0,0,0,0,0,0.0,runner_trail,2
e571ad89-fba7-451a-a539-4ff8c07cc1c0,1000PEPEUSDT,2026-04-16T10:04:59.999000+00:00,1,61.1,0.5275,2.0572,0.4919,10,9.2793,-0.5921,-5.0595,0.0,0,0,0,0,0,0,0,-1.0,stop_loss,3
4876dc95-f0e8-40ef-9659-18fa9673b88a,1000PEPEUSDT,2026-04-29T12:19:59.999000+00:00,1,57.7,1.6225,1.565,0.7872,12,-0.2718,0.3607,-3.6425,0.0,0,0,0,0,0,0,0,-0.8881,unconfirmed_cut,10
aed752d8-2f11-4225-9c9a-bb233d7cc9f7,1000PEPEUSDT,2026-05-10T01:24:59.999000+00:00,1,62.8,2.4508,1.4981,0.2582,1,7.1939,-0.2078,-1.7831,0.0,0,0,0,0,0,0,0,0.0,runner_trail,6
6121065e-2acb-4d25-8bcb-c57f5ea47f2f,1000PEPEUSDT,2026-05-10T19:54:59.999000+00:00,1,57.8,0.031,1.4981,0.5051,19,7.1939,-0.2078,-2.4098,0.0,0,0,0,0,0,0,0,0.0,runner_trail,4
9700c552-bc6a-4f3b-9e6c-e51af7fb8f9a,ETHUSDT,2026-04-14T01:04:59.999000+00:00,1,57.6,0.1852,1.3386,0.2349,1,6.0418,-0.3356,-1.5143,0.0,0,0,0,0,0,0,0,0.3159,runner_trail,27
8c338c3a-62cd-4939-8877-74ee45b76ada,ETHUSDT,2026-04-14T19:29:59.999000+00:00,1,65.3,0.377,1.3386,0.4003,19,6.0418,-0.3356,-4.2915,0.0,0,0,0,0,0,0,0,0.0,runner_trail,11
2aac4f69-20fc-4408-bbc4-6d4caeb80abc,ETHUSDT,2026-04-16T01:09:59.999000+00:00,10,85.1,1.6118,1.5662,0.2276,1,2.7616,0.193,-1.2732,0.0,0,0,0,0,0,0,0,0.0,runner_trail,10
4c877499-aafc-4e95-ad90-29c2112565cd,ETHUSDT,2026-04-16T13:59:59.999000+00:00,10,90.6,5.717,1.5662,0.3946,13,2.7616,0.193,-1.9073,0.0,0,0,0,0,0,0,0,-1.0,stop_loss,5
24fbda7f-9427-46b5-a45b-ad396cb6683e,ETHUSDT,2026-04-27T05:39:59.999000+00:00,6,77.8,2.2904,1.4988,0.3549,5,-2.9818,0.1951,-3.1377,0.0,0,0,0,0,0,0,0,-0.2105,unconfirmed_cut,10
713e250c-433f-47fb-8304-de9d74704243,ETHUSDT,2026-04-27T19:34:59.999000+00:00,10,87.6,0.5017,1.4988,0.1531,19,-2.9818,0.1951,-2.0758,0.0,0,0,0,0,0,0,0,0.6534,runner_trail,20
898bf519-1822-4f7a-8ba1-49f27c0364ec,ETHUSDT,2026-04-29T13:49:59.999000+00:00,2,68.2,2.0057,1.5028,0.2179,13,-2.695,0.1814,-2.1334,0.0,0,0,0,0,0,0,0,0.0,runner_trail,1
10c23d4d-cce2-41db-8045-964a941be37e,ETHUSDT,2026-05-07T01:09:59.999000+00:00,10,90.2,3.8423,1.0382,0.2547,1,-1.1222,0.8822,-1.2661,0.0,0,0,0,0,0,0,0,0.0,runner_trail,4
756f3aba-4be4-4d2f-ba35-cfc9530dedcc,ETHUSDT,2026-05-07T14:39:59.999000+00:00,1,64.4,4.0089,1.0382,0.3404,14,-1.1222,0.8822,-1.8892,0.0,0,0,0,0,0,0,0,0.0,runner_trail,9
6e5de61e-1c7c-429a-b6fb-c145dbdbdd71,ETHUSDT,2026-05-10T20:19:59.999000+00:00,6,78.3,2.8295,1.053,0.2087,20,0.4552,-0.4559,-0.7922,0.0,0,0,0,0,0,0,0,-1.0,stop_loss,5
7925c6e7-2a0a-42f9-8916-2ef4cc89b363,FILUSDT,2026-02-28T04:34:59.999000+00:00,7,79.1,3.0279,1.0373,0.3353,4,12.9213,0.7178,-1.4085,0.0,0,0,0,0,0,0,0,-0.1217,unconfirmed_cut,10
02f7894c-e892-4502-98cb-2d0086d036ec,FILUSDT,2026-04-18T08:19:59.999000+00:00,10,86.7,6.1031,1.2933,0.3553,8,2.3939,0.9934,-0.9054,0.0,0,0,0,0,0,0,0,-1.0,stop_loss,3
1272162a-bd9c-4050-8aaf-791c78dde000,FILUSDT,2026-04-29T12:24:59.999000+00:00,1,59.2,1.8171,2.2865,0.876,12,-2.5559,0.9466,-3.7336,0.0,0,0,0,0,0,0,0,0.0,unconfirmed_cut,10
523843de-1ce3-4e12-9f70-a839a1de4a93,FILUSDT,2026-04-29T16:39:59.999000+00:00,1,63.4,1.7541,2.2865,0.7653,16,-2.5559,0.9466,-9.3117,0.0,0,0,0,0,0,0,0,0.0,runner_trail,18
1fd114d6-8b10-4b90-971e-4b0bb687bcfc,FILUSDT,2026-05-06T06:19:59.999000+00:00,1,50.0,0.4555,3.5252,1.4875,6,21.3508,0.2827,-6.0345,0.0,0,0,0,0,0,0,0,0.0,unconfirmed_cut,10
a0cc28e4-86e6-4e06-96e1-338887920cfb,FILUSDT,2026-05-06T12:59:59.999000+00:00,1,61.5,0.0471,3.5252,0.7937,12,21.3508,0.2827,-3.7135,0.0,0,0,0,0,0,0,0,-1.0,stop_loss,10
b86264c7-dadb-418f-99f8-ef2267378df9,LDOUSDT,2026-02-28T07:04:59.999000+00:00,2,68.0,4.621,2.1523,1.0642,7,2.5787,0.924,-5.9795,0.0,0,0,0,0,0,0,0,0.0,runner_trail,6
0e96f2d8-a882-4697-a8ce-1b5d5f9ac328,LDOUSDT,2026-03-13T14:49:59.999000+00:00,1,56.1,1.457,1.0373,0.5051,14,6.6857,-0.2687,-1.7291,0.0,0,0,0,0,0,0,0,0.0,runner_trail,4
dc4e9121-78d2-4dbb-8ae1-6234e071e583,LDOUSDT,2026-03-27T13:39:59.999000+00:00,10,100,1.7472,1.2548,0.3391,13,6.0241,0.5071,-3.7334,0.0,0,0,0,0,0,0,0,-0.855,unconfirmed_cut,10
8e0d2240-8076-415f-a89e-c14c7494cfdf,LDOUSDT,2026-04-14T01:54:59.999000+00:00,1,51.3,0.0275,1.486,0.5712,1,10.1039,0.2532,-3.0564,0.0,0,0,0,0,0,0,0,3.3848,runner_trail,40
37af5ec8-6589-42cd-bd2b-d0310a44db41,LDOUSDT,2026-04-14T15:34:59.999000+00:00,1,54.8,1.298,1.486,1.063,15,10.1039,0.2532,-5.0811,0.0,0,0,0,0,0,0,0,-1.0,stop_loss,10
2ca9f073-e85d-44fd-8acf-b6d31a84fbae,LDOUSDT,2026-04-26T03:39:59.999000+00:00,9,84.0,1.7441,3.8011,0.2276,3,17.4153,-0.3034,-1.9754,0.0,0,0,0,0,0,0,0,-0.2872,unconfirmed_cut,10
92d2ceb2-802b-41e6-b0e5-63d5be3f600f,LDOUSDT,2026-04-26T12:34:59.999000+00:00,1,65.9,0.3261,3.8011,0.3564,12,17.4153,-0.3034,-1.2574,0.0,0,0,0,0,0,0,0,0.8542,runner_trail,1
b73b35fd-8b64-4389-9bae-44a42041bb77,LDOUSDT,2026-04-26T20:14:59.999000+00:00,3,71.2,1.0991,3.8011,2.514,20,17.4153,-0.3034,-7.6089,0.0,0,0,0,0,0,0,0,-0.0842,unconfirmed_cut,10
7d2d466b-3aed-46f9-8ea2-193b6e75b618,LDOUSDT,2026-04-27T03:49:59.999000+00:00,10,100,5.3727,4.3048,1.3285,3,8.0952,0.7394,-1.3778,0.0,0,0,0,0,0,0,0,-1.0,stop_loss,8
fdcd758e-bfce-4feb-b7a6-d57ecea56d02,LDOUSDT,2026-05-11T00:24:59.999000+00:00,3,71.1,0.094,3.6226,0.4371,0,4.7412,0.4531,-3.1515,0.0,0,0,0,0,0,0,0,-1.0,stop_loss,6
0fc5d0bc-166c-4078-bc85-f01bb0824de9,SEIUSDT,2026-04-02T00:19:59.999000+00:00,5,76.0,2.6982,1.1189,0.5161,0,-3.9333,0.9508,-1.5762,0.0,0,0,0,0,0,0,0,0.0,runner_trail,4
7c9f647a-6d95-404c-abcb-401a08c3f532,SEIUSDT,2026-04-02T10:14:59.999000+00:00,2,67.2,1.5084,1.1189,0.3029,10,-3.9333,0.9508,-2.3711,0.0,0,0,0,0,0,0,0,0.0,unconfirmed_cut,10
b5dbe550-ad5e-4018-9b88-08c75590baac,SEIUSDT,2026-04-02T18:29:59.999000+00:00,1,55.1,0.7953,1.1189,0.2895,18,-3.9333,0.9508,-2.4381,0.0,0,0,0,0,0,0,0,0.0272,unconfirmed_cut,10
e824b139-38c3-4ab6-8692-ab9e5a74d869,SEIUSDT,2026-04-14T04:04:59.999000+00:00,5,75.8,0.2557,1.5013,0.1604,4,-2.7693,0.9982,-1.9204,0.0,0,0,0,0,0,0,0,-0.5376,unconfirmed_cut,10
b7732f1e-61f4-4f4f-8efd-c4017fbc18bf,SEIUSDT,2026-04-14T19:29:59.999000+00:00,10,85.5,7.8949,1.5013,0.3575,19,-2.7693,0.9982,-2.9984,0.0,0,0,0,0,0,0,0,0.0,runner_trail,14
6965a259-4741-4c6e-99e8-ef3213209a21,SEIUSDT,2026-05-10T00:49:59.999000+00:00,1,51.7,0.3338,6.5168,0.6725,0,27.262,-0.612,-2.3168,0.0,0,0,0,0,0,0,0,-1.0,stop_loss,7
b5a350fc-ce5b-48c5-af56-716841089223,1000BONKUSDT,2026-02-15T02:34:59.999000+00:00,1,60.5,1.1533,1.3496,0.6371,2,9.476,0.8284,-5.8712,0.0,0,0,0,0,0,0,0,0.0,runner_trail,12
747e678f-6037-441d-b268-e96ae1cfccbe,1000BONKUSDT,2026-02-15T10:19:59.999000+00:00,1,61.4,0.2532,1.3496,0.518,10,9.476,0.8284,-4.7095,0.0,0,0,0,0,0,0,0,0.1694,unconfirmed_cut,10
a64ad8fe-8cf1-4069-b440-02bd69ffd358,1000BONKUSDT,2026-02-28T04:34:59.999000+00:00,4,75.1,0.1876,1.0958,0.2549,4,2.6469,-0.1357,-0.9338,0.0,0,0,0,0,0,0,0,0.0,runner_trail,10
3d24c8d3-2a9b-4e29-8f60-ebc23524a5e5,1000BONKUSDT,2026-05-06T04:54:59.999000+00:00,2,69.5,1.5045,1.5812,0.4082,4,9.3042,0.2182,-1.1271,0.0,0,0,0,0,0,0,0,0.0,runner_trail,2
c5ec7b50-cec3-458e-ab89-5daf3081d50f,1000BONKUSDT,2026-05-06T11:19:59.999000+00:00,1,55.7,0.6555,1.5812,0.4415,11,9.3042,0.2182,-2.385,0.0,0,0,0,0,0,0,0,0.0,runner_trail,1
6f7c1060-4e7f-49af-b8c4-445d2c1a5508,1000BONKUSDT,2026-05-08T13:44:59.999000+00:00,1,56.4,1.8217,2.8257,0.5186,13,15.4266,-0.8441,-2.3999,0.0,0,0,0,0,0,0,0,1.2813,runner_trail,19
efc00977-a481-4c24-8d1b-0d38fa826c04,1000BONKUSDT,2026-05-08T19:54:59.999000+00:00,3,72.3,7.9913,2.8257,1.0354,19,15.4266,-0.8441,-3.9935,0.0,0,0,0,0,0,0,0,0.0703,unconfirmed_cut,10
4c23cc49-5350-49a8-b425-cc4c13b1d571,1000BONKUSDT,2026-05-10T20:34:59.999000+00:00,1,54.3,0.5264,4.1381,1.0445,20,18.8386,-0.7548,-7.4964,0.0,0,0,0,0,0,0,0,-1.0,stop_loss,3
282960f8-c95d-47a1-97d4-9e4d7887341f,ENAUSDT,2026-02-28T06:09:59.999000+00:00,1,55.8,0.3141,1.4981,0.3304,6,5.7927,0.6829,-2.5887,0.0,0,0,0,0,0,0,0,-1.0,stop_loss,2
700480b8-1f7e-4dfa-8ada-c4d3df40f73b,ENAUSDT,2026-03-26T05:59:59.999000+00:00,1,57.2,0.5841,1.153,0.7626,5,-2.4242,0.5665,-7.0974,0.0,0,0,0,0,0,0,0,-0.3083,unconfirmed_cut,10
176f1717-9db1-4e41-921c-9fe6dda16b7e,ENAUSDT,2026-03-26T15:19:59.999000+00:00,4,74.5,1.958,1.153,0.658,15,-2.4242,0.5665,-2.006,0.0,0,0,0,0,0,0,0,-0.4978,unconfirmed_cut,10
de6d78d0-2c16-4f28-b9fe-416e6cd06465,ENAUSDT,2026-04-13T07:29:59.999000+00:00,1,64.4,2.4519,1.073,0.6321,7,14.6136,-0.344,-4.0506,0.0,0,0,0,0,0,0,0,0.0,runner_trail,6
c475cfcd-874c-4c5f-b1b8-b5f69de6f15a,ENAUSDT,2026-04-13T13:39:59.999000+00:00,1,57.5,1.9649,1.073,0.653,13,14.6136,-0.344,-2.8441,0.0,0,0,0,0,0,0,0,0.6349,runner_trail,2
825dba77-b5b3-4619-9722-d69ba09ae9a0,ENAUSDT,2026-04-16T01:09:59.999000+00:00,2,70.5,0.8407,1.6156,0.3464,1,18.2083,-0.8899,-1.8445,0.0,0,0,0,0,0,0,0,0.0,runner_trail,3
79424baf-2438-44e2-8ba9-bf1dbebd9aad,ENAUSDT,2026-04-16T09:04:59.999000+00:00,1,53.2,0.5334,1.6156,0.4506,9,18.2083,-0.8899,-1.675,0.0,0,0,0,0,0,0,0,0.0,runner_trail,5
549c2538-b605-4e58-a6b5-f5c1dfbe1407,ENAUSDT,2026-04-16T13:59:59.999000+00:00,3,71.8,4.354,1.6156,0.8786,13,18.2083,-0.8899,-2.848,0.0,0,0,0,0,0,0,0,-0.1463,unconfirmed_cut,10
25a64718-7e50-4b44-8d0a-2eee85a092b5,ENAUSDT,2026-04-17T00:09:59.999000+00:00,1,64.8,1.3688,2.2925,0.5074,0,37.124,-0.6819,-2.7665,0.0,0,0,0,0,0,0,0,0.035,runner_trail,14
fdc69174-f4b4-45af-a34d-0581f38e9fbe,ENAUSDT,2026-04-17T04:39:59.999000+00:00,1,64.6,0.3033,2.2925,0.3779,4,37.124,-0.6819,-3.8671,0.0,0,0,0,0,0,0,0,-0.7338,unconfirmed_cut,10
8ff45bcc-fd00-4c16-98a2-2dcfa045894e,ENAUSDT,2026-04-19T00:04:59.999000+00:00,1,66.6,0.2855,1.016,0.2944,0,16.8174,0.9379,-1.4846,0.0,0,0,0,0,0,0,0,-1.0,stop_loss,3
6f336a19-641d-4038-b9fa-3e76060722a4,ENAUSDT,2026-04-29T12:24:59.999000+00:00,3,72.8,4.0186,1.3142,0.4085,12,-4.3198,0.9686,-2.8592,0.0,0,0,0,0,0,0,0,-0.2288,unconfirmed_cut,10
5c2247d2-ad54-4849-8be5-f6f3823ad49d,ENAUSDT,2026-04-29T18:14:59.999000+00:00,10,87.5,5.1633,1.3142,0.6608,18,-4.3198,0.9686,-5.5888,0.0,0,0,0,0,0,0,0,0.0,runner_trail,2
e6ed9a32-71a5-49b4-8a69-2f21a6fe4c68,ENAUSDT,2026-05-07T00:44:59.999000+00:00,1,63.5,1.7804,1.4158,0.6117,0,16.5691,0.2652,-2.2547,0.0,0,0,0,0,0,0,0,-1.0,stop_loss,8
