symbol,entry_time,exit_time,entry_price,exit_price,pnl_r,pnl_usd,exit_reason,decile,aggression,candles_held,mae,mfe,risk_pct,entry_atr,equity_after
ZKUSDT,2026-02-01T01:29:59.999000+00:00,2026-02-01T01:49:59.999000+00:00,0.02390478,0.0255273935,1.9034,761.38,vol_trail,8,80.8,4,0.0,3.0008,0.04,0.0003385714285714291,10756.29
ZKUSDT,2026-02-01T10:09:59.999000+00:00,2026-02-01T11:14:59.999000+00:00,0.031046208000000002,0.028539648071428572,-1.0099,-434.52,stop_loss,3,71.1,13,-0.9621,0.0,0.04,0.000997857142857143,10319.36
OPENUSDT,2026-02-02T01:29:59.999000+00:00,2026-02-02T03:19:59.999000+00:00,0.15663132,0.1531229407142857,-1.038,-428.45,stop_loss,1,64.1,22,-1.1316,0.2031,0.04,0.0013785714285714334,9882.47
MUSDT,2026-02-02T11:44:59.999000+00:00,2026-02-02T14:54:59.999000+00:00,1.39957986,1.4778972185714285,2.5535,1009.38,vol_trail,1,66.3,38,-0.5623,3.9295,0.04,0.012164285714285707,10883.66
MUSDT,2026-02-02T23:39:59.999000+00:00,2026-02-03T00:04:59.999000+00:00,1.5248049,1.502985057142857,-1.0604,-461.65,stop_loss,1,63.7,5,-0.4949,0.0,0.04,0.008485714285714303,10407.93
SIRENUSDT,2026-02-06T01:54:59.999000+00:00,2026-02-06T03:24:59.999000+00:00,0.091258248,0.08837053664285716,-1.0265,-427.12,stop_loss,1,61.0,18,-1.0204,0.0,0.04,0.0011407142857142855,9968.73
HBARUSDT,2026-02-06T01:49:59.999000+00:00,2026-02-06T03:44:59.999000+00:00,0.08082616200000001,0.08083740071428572,-0.0101,-4.21,vol_trail,1,55.8,23,-0.5789,0.4704,0.04,0.0009949999999999998,9964.53
BERAUSDT,2026-02-06T05:54:59.999000+00:00,2026-02-06T06:29:59.999000+00:00,0.39377874,0.3945282214285714,0.0807,32.16,vol_trail,9,84.0,7,-0.0705,0.6489,0.04,0.0028357142857142865,9976.96
MUSDT,2026-02-06T06:24:59.999000+00:00,2026-02-06T06:59:59.999000+00:00,1.5997198799999999,1.5697288485714285,-1.0457,-416.36,stop_loss,2,69.3,7,-1.165,0.0,0.04,0.01174285714285715,9560.59
HBARUSDT,2026-02-06T09:29:59.999000+00:00,2026-02-06T12:09:59.999000+00:00,0.083956788,0.08468877314285715,0.4693,179.47,vol_trail,1,65.7,32,-0.514,1.17,0.04,0.0005914285714285741,9730.29
BERAUSDT,2026-02-06T14:34:59.999000+00:00,2026-02-06T14:39:59.999000+00:00,0.4075815,0.41017866214285714,0.3784,147.29,vol_trail,9,84.2,1,0.0,0.5647,0.04,0.002549999999999993,9866.39
HBARUSDT,2026-02-06T15:34:59.999000+00:00,2026-02-06T17:59:59.999000+00:00,0.090728142,0.09478675314285714,1.7167,677.52,vol_trail,1,61.1,29,-0.1197,2.7872,0.04,0.0009357142857142878,10528.52
BERAUSDT,2026-02-06T17:44:59.999000+00:00,2026-02-06T18:29:59.999000+00:00,0.43778754,0.5638800585714286,13.7636,5428.09,vol_trail,2,69.3,9,-0.5359,10.5219,0.04,0.003657142857142851,15956.62
MUSDT,2026-02-10T00:49:59.999000+00:00,2026-02-10T04:04:59.999000+00:00,1.46119218,1.4381480271428573,-1.0546,-673.13,stop_loss,2,67.6,39,-0.9927,1.4423,0.04,0.00898571428571428,15264.81
KAITOUSDT,2026-02-10T22:39:59.999000+00:00,2026-02-10T23:09:59.999000+00:00,0.30786156000000003,0.30439982214285716,-1.0777,-658.03,stop_loss,3,72.9,6,-0.9583,0.0,0.04,0.0013357142857142892,14581.45
BERAUSDT,2026-02-11T15:19:59.999000+00:00,2026-02-11T15:24:59.999000+00:00,0.5571114,0.5820157164285714,1.4791,862.68,vol_trail,8,81.7,1,0.0,2.1188,0.04,0.00666428571428571,15435.35
BERAUSDT,2026-02-11T19:04:59.999000+00:00,2026-02-11T19:34:59.999000+00:00,0.6683336400000001,0.6833954364285715,0.4246,262.14,vol_trail,9,83.2,6,0.0,0.8086,0.04,0.013900000000000015,15692.15
KITEUSDT,2026-02-13T02:49:59.999000+00:00,2026-02-13T05:39:59.999000+00:00,0.201000192,0.20449087935714286,0.7209,451.78,vol_trail,8,81.5,34,-0.6406,1.6715,0.04,0.0018857142857142842,16106.23
UNIUSDT,2026-02-13T01:49:59.999000+00:00,2026-02-13T07:44:59.999000+00:00,3.2786556,3.292912714285715,0.3542,222.31,vol_trail,1,59.2,71,-0.7208,1.3861,0.04,0.01442857142857133,16328.54
UNIUSDT,2026-02-13T13:04:59.999000+00:00,2026-02-13T13:29:59.999000+00:00,3.3436686,3.3562214785714284,0.3914,255.43,vol_trail,9,82.8,5,-0.1772,0.7443,0.04,0.011285714285714375,16536.18
BNBUSDT,2026-02-13T14:29:59.999000+00:00,2026-02-13T18:19:59.999000+00:00,598.739724,614.0200285714285,2.9627,1959.67,vol_trail,2,68.6,46,0.0,3.7478,0.04,2.0257142857142867,18460.67
KITEUSDT,2026-02-13T11:04:59.999000+00:00,2026-02-13T20:39:59.999000+00:00,0.204920976,0.23117875499999999,5.6331,3679.22,vol_trail,2,69.7,115,-0.1529,6.6123,0.04,0.0018571428571428608,22139.89
BERAUSDT,2026-02-13T23:04:59.999000+00:00,2026-02-13T23:09:59.999000+00:00,0.70424082,0.7046697521428571,0.0072,6.36,vol_trail,9,84.2,1,0.0,0.3725,0.04,0.00622857142857144,22128.23
SIRENUSDT,2026-02-14T00:29:59.999000+00:00,2026-02-14T02:04:59.999000+00:00,0.127085412,0.12725740057142856,0.051,45.13,vol_trail,3,70.6,19,-0.4,0.7778,0.04,0.000900000000000002,22150.86
SIRENUSDT,2026-02-14T05:04:59.999000+00:00,2026-02-14T05:19:59.999000+00:00,0.13150629600000002,0.12861498614285716,-1.0387,-920.33,stop_loss,7,80.5,3,-0.8101,0.0,0.04,0.0011357142857142855,21212.06
APRUSDT,2026-02-14T06:29:59.999000+00:00,2026-02-14T06:34:59.999000+00:00,0.088937784,0.09240223014285714,1.385,1175.13,vol_trail,1,63.9,1,0.0,1.8855,0.04,0.00098857142857143,22373.45
APRUSDT,2026-02-14T16:59:59.999000+00:00,2026-02-14T18:54:59.999000+00:00,0.101760348,0.10441768371428571,0.4955,443.46,vol_trail,5,76.0,23,-0.3303,1.1997,0.04,0.002107142857142861,22809.13
ZECUSDT,2026-02-14T19:19:59.999000+00:00,2026-02-14T20:09:59.999000+00:00,298.51969199999996,308.63254685714287,1.6022,1461.83,vol_trail,1,61.6,10,-0.0771,3.2177,0.04,2.489999999999997,24251.27
TAOUSDT,2026-02-16T00:44:59.999000+00:00,2026-02-16T03:29:59.999000+00:00,186.307254,189.93379135714287,2.1392,2075.09,vol_trail,8,82.1,33,-0.1329,2.8272,0.04,0.6621428571428579,26277.23
SIRENUSDT,2026-02-16T03:49:59.999000+00:00,2026-02-16T06:54:59.999000+00:00,0.150220038,0.20850400514285714,15.3637,16148.66,vol_trail,1,66.5,37,-0.2086,16.5017,0.04,0.0015150000000000005,42407.13
ZECUSDT,2026-02-16T12:29:59.999000+00:00,2026-02-16T13:04:59.999000+00:00,299.019792,302.42807371428574,0.5633,955.52,vol_trail,3,72.8,7,-0.272,1.1534,0.04,2.3235714285714346,43323.36
TAOUSDT,2026-02-16T19:34:59.999000+00:00,2026-02-16T19:49:59.999000+00:00,192.698532,193.09851542857143,0.1188,205.85,vol_trail,3,72.0,3,-0.0493,0.7626,0.04,1.0542857142857156,43472.2
SIRENUSDT,2026-02-17T01:14:59.999000+00:00,2026-02-17T03:19:59.999000+00:00,0.223934778,0.2096605595,-1.0128,-1761.08,stop_loss,5,75.6,25,-0.9297,0.0677,0.04,0.005674999999999995,41698.77
KITEUSDT,2026-02-22T00:34:59.999000+00:00,2026-02-22T01:09:59.999000+00:00,0.22879575000000002,0.22038270035714286,-1.0227,-1705.83,stop_loss,1,65.6,7,-1.3456,0.0,0.04,0.0033292857142857173,39972.31
DEXEUSDT,2026-02-23T05:39:59.999000+00:00,2026-02-23T09:54:59.999000+00:00,2.6615322,2.7424513999999998,1.6967,2712.87,vol_trail,6,77.5,51,-0.6175,2.619,0.04,0.018785714285714277,42644.4
DEXEUSDT,2026-02-23T15:19:59.999000+00:00,2026-02-23T15:34:59.999000+00:00,2.9015801999999997,2.8195431214285707,-1.0298,-1756.66,stop_loss,1,66.3,3,-0.6675,0.0,0.04,0.03235714285714294,40860.21
KITEUSDT,2026-02-24T00:19:59.999000+00:00,2026-02-24T01:09:59.999000+00:00,0.24581915399999998,0.24953151228571427,0.5995,979.79,vol_trail,1,64.7,10,0.0,1.5503,0.04,0.0024021428571428627,41809.89
KITEUSDT,2026-02-24T09:59:59.999000+00:00,2026-02-24T12:04:59.999000+00:00,0.24274854,0.24482745328571429,0.2137,357.4,vol_trail,1,61.6,25,0.0,1.0008,0.04,0.003685000000000004,42147.46
KITEUSDT,2026-02-24T16:59:59.999000+00:00,2026-02-24T20:19:59.999000+00:00,0.255281046,0.2575063455714286,0.3268,550.9,vol_trail,1,62.7,40,-0.6537,1.1882,0.04,0.0025821428571428545,42668.36
DOTUSDT,2026-02-25T01:09:59.999000+00:00,2026-02-25T01:14:59.999000+00:00,1.2442488,1.264318514285714,2.1001,3584.28,vol_trail,5,75.8,1,0.0,3.1231,0.04,0.0037142857142857494,46032.07
APTUSDT,2026-02-25T01:09:59.999000+00:00,2026-02-25T01:14:59.999000+00:00,0.8336667,0.8417030542857143,1.4106,2401.73,vol_trail,2,70.4,1,0.0,3.1132,0.04,0.0021714285714285702,48433.79
ARBUSDT,2026-02-25T01:19:59.999000+00:00,2026-02-25T02:29:59.999000+00:00,0.09511902,0.09513097,-0.0243,-47.15,vol_trail,9,84.0,14,-0.3155,0.1577,0.04,0.0005071428571428538,48260.32
NEIROUSDT,2026-02-25T01:19:59.999000+00:00,2026-02-25T02:34:59.999000+00:00,6.871374e-05,6.872910857142857e-05,-0.0158,-30.65,vol_trail,6,78.3,15,-0.5091,0.1018,0.04,3.928571428571466e-07,48229.67
DOTUSDT,2026-02-25T08:54:59.999000+00:00,2026-02-25T10:14:59.999000+00:00,1.2852569999999999,1.3152369,2.5715,4950.41,vol_trail,1,66.2,16,0.0,3.675,0.04,0.004571428571428575,52851.01
APTUSDT,2026-02-25T08:54:59.999000+00:00,2026-02-25T10:54:59.999000+00:00,0.8544708599999999,0.8575963035714285,0.484,929.79,vol_trail,7,80.3,24,-0.1767,1.3779,0.04,0.002264285714285711,53780.81
NEIROUSDT,2026-02-25T12:24:59.999000+00:00,2026-02-25T12:54:59.999000+00:00,6.941388e-05,6.959322142857142e-05,0.2072,445.81,vol_trail,9,83.7,6,-0.14,0.56,0.04,2.857142857142859e-07,54132.54
DOTUSDT,2026-02-25T13:39:59.999000+00:00,2026-02-25T15:54:59.999000+00:00,1.4792958,1.5126974,0.5854,1267.61,vol_trail,3,71.6,27,-0.3399,1.0019,0.04,0.02235714285714287,55306.62
APTUSDT,2026-02-25T13:59:59.999000+00:00,2026-02-25T17:59:59.999000+00:00,0.8905780799999999,0.9860241842857143,7.42,16058.87,vol_trail,1,54.9,48,0.0,9.06,0.04,0.005121428571428547,71307.26
NEIROUSDT,2026-02-25T16:24:59.999000+00:00,2026-02-25T18:29:59.999000+00:00,7.311462000000001e-05,7.319964285714285e-05,0.0417,92.18,vol_trail,3,72.7,25,-0.64,0.64,0.04,5.000000000000005e-07,71399.44
ARBUSDT,2026-02-25T08:54:59.999000+00:00,2026-02-25T19:14:59.999000+00:00,0.09361872,0.10202959,10.4097,20082.3,vol_trail,1,66.5,124,-0.1244,12.0711,0.04,0.0003214285714285727,91481.74
DOTUSDT,2026-02-25T19:49:59.999000+00:00,2026-02-25T20:04:59.999000+00:00,1.6183236,1.6224968642857143,0.0807,295.22,vol_trail,9,83.0,3,0.0,0.3983,0.04,0.017071428571428564,91714.52
NEIROUSDT,2026-02-25T22:04:59.999000+00:00,2026-02-25T22:34:59.999000+00:00,7.631526e-05,7.501713642857143e-05,-1.0505,-3853.84,stop_loss,3,72.1,6,-0.8676,0.0,0.04,5.071428571428569e-07,87761.31
SIRENUSDT,2026-02-26T04:04:59.999000+00:00,2026-02-26T05:39:59.999000+00:00,0.380966178,0.38451093957142857,0.2293,805.0,vol_trail,2,67.1,19,-0.0524,1.0929,0.04,0.005881428571428585,88525.38
1000LUNCUSDT,2026-02-27T01:34:59.999000+00:00,2026-02-27T02:29:59.999000+00:00,0.039197838000000006,0.040956449928571434,1.9568,6929.17,vol_trail,8,81.0,11,-0.4273,2.1365,0.04,0.0003557142857142851,95384.31
1000LUNCUSDT,2026-02-27T15:29:59.999000+00:00,2026-02-27T15:39:59.999000+00:00,0.041468292,0.03997343228571428,-1.0232,-3903.82,stop_loss,5,76.2,2,-0.8928,0.0,0.04,0.0005914285714285707,91432.33
MEGAUSDT,2026-02-28T00:44:59.999000+00:00,2026-02-28T01:59:59.999000+00:00,0.13142627999999998,0.13210357400000003,0.6745,2466.67,vol_trail,6,77.8,15,-0.0437,1.4955,0.04,0.00036642857142856714,93662.89
MEGAUSDT,2026-02-28T11:24:59.999000+00:00,2026-02-28T11:29:59.999000+00:00,0.132406476,0.13106449614285715,-1.0866,-4071.02,stop_loss,7,79.7,1,-0.2172,0.0,0.04,0.00051571428571429,89418.72
KAITOUSDT,2026-02-28T14:39:59.999000+00:00,2026-02-28T18:09:59.999000+00:00,0.32786556,0.33838945142857135,1.5406,5510.38,vol_trail,1,62.1,42,-0.3416,2.7926,0.04,0.0026928571428571518,94850.72
1000BONKUSDT,2026-02-28T19:34:59.999000+00:00,2026-02-28T21:04:59.999000+00:00,0.0057921582000000004,0.005892535542857143,1.1191,4241.86,vol_trail,6,78.2,18,0.0,1.9468,0.04,3.492857142857148e-05,98885.15
DOTUSDT,2026-02-28T18:14:59.999000+00:00,2026-02-28T22:04:59.999000+00:00,1.5583116000000001,1.6302453142857145,2.5235,9574.41,vol_trail,2,67.1,46,-0.4962,3.8633,0.04,0.01128571428571428,108459.56
PENDLEUSDT,2026-03-01T02:09:59.999000+00:00,2026-03-01T02:24:59.999000+00:00,1.38157626,1.3510475935714286,-1.0385,-4505.44,stop_loss,8,82.1,3,-0.9839,0.0,0.04,0.011992857142857123,103864.16
NEARUSDT,2026-03-02T00:19:59.999000+00:00,2026-03-02T01:24:59.999000+00:00,1.1662332,1.1701944857142856,0.1943,807.17,vol_trail,2,67.2,13,-0.3394,1.1313,0.04,0.00707142857142857,103846.21
XLMUSDT,2026-03-02T01:09:59.999000+00:00,2026-03-02T02:14:59.999000+00:00,0.156511296,0.15488473114285714,-1.0844,-4477.36,stop_loss,3,71.6,13,-1.0037,0.3068,0.04,0.000625714285714287,99368.85
ARBUSDT,2026-03-02T00:39:59.999000+00:00,2026-03-02T02:29:59.999000+00:00,0.10112022,0.10117976,0.0107,44.59,vol_trail,2,67.0,22,-0.537,0.9205,0.04,0.0005214285714285705,99413.45
KAITOUSDT,2026-03-02T00:44:59.999000+00:00,2026-03-02T04:14:59.999000+00:00,0.33316662,0.33426884714285715,0.3417,1413.81,vol_trail,2,67.6,42,-0.6462,1.2205,0.04,0.0011142857142857224,100643.07
1000LUNCUSDT,2026-03-02T03:49:59.999000+00:00,2026-03-02T04:49:59.999000+00:00,0.043378674,0.04293998171428571,-1.0868,-4321.76,stop_loss,1,66.8,12,-0.7593,0.0,0.04,0.00016857142857142865,96182.02
NEARUSDT,2026-03-02T04:29:59.999000+00:00,2026-03-02T04:54:59.999000+00:00,1.2082416,1.192047257142857,-1.0647,-4286.13,stop_loss,1,63.0,5,-1.3364,0.5091,0.04,0.006285714285714307,91895.89
ENAUSDT,2026-03-02T00:44:59.999000+00:00,2026-03-02T04:54:59.999000+00:00,0.10512102,0.10588596142857144,0.5428,2249.34,vol_trail,1,66.8,50,-0.3784,1.4378,0.04,0.0005285714285714288,94145.23
SIRENUSDT,2026-03-02T05:49:59.999000+00:00,2026-03-02T08:24:59.999000+00:00,0.267443478,0.2744079645714286,0.5519,2078.47,vol_trail,8,82.1,31,-0.6261,1.2239,0.04,0.004957857142857145,96187.14
SIRENUSDT,2026-03-02T11:39:59.999000+00:00,2026-03-02T13:24:59.999000+00:00,0.32907580200000003,0.349275131,0.87,3347.49,vol_trail,2,69.3,21,0.0,1.5841,0.04,0.009214285714285711,99509.9
ARBUSDT,2026-03-02T14:44:59.999000+00:00,2026-03-02T15:34:59.999000+00:00,0.10422084,0.10591095642857143,0.8844,3520.26,vol_trail,7,79.2,10,0.0,1.9923,0.04,0.0007428571428571423,102518.08
ENAUSDT,2026-03-02T15:09:59.999000+00:00,2026-03-02T15:54:59.999000+00:00,0.10762152,0.10860684571428572,0.437,1732.09,vol_trail,3,72.6,9,0.0,1.26,0.04,0.0008571428571428569,104250.17
KAITOUSDT,2026-03-02T14:44:59.999000+00:00,2026-03-02T16:39:59.999000+00:00,0.3360672,0.33947494857142857,0.8065,3201.54,vol_trail,7,80.1,23,0.0,2.0566,0.04,0.001614285714285707,107451.71
XRPUSDT,2026-03-02T14:44:59.999000+00:00,2026-03-02T17:14:59.999000+00:00,1.3657731,1.4012482657142857,2.47,9821.64,vol_trail,7,79.7,30,0.0,3.6365,0.04,0.005642857142857172,117273.35
SIRENUSDT,2026-03-03T01:34:59.999000+00:00,2026-03-03T02:09:59.999000+00:00,0.453150612,0.4330590851428572,-1.0187,-4771.67,stop_loss,5,77.1,7,-1.2971,0.6864,0.04,0.00796571428571429,112283.83
KAITOUSDT,2026-03-03T01:09:59.999000+00:00,2026-03-03T05:39:59.999000+00:00,0.33916782,0.34517380857142854,1.3883,6512.39,vol_trail,1,59.8,54,0.0,2.3492,0.04,0.0016857142857142904,118796.22
KAITOUSDT,2026-03-03T16:04:59.999000+00:00,2026-03-03T16:44:59.999000+00:00,0.34666932,0.3481732085714286,0.2245,1065.8,vol_trail,1,66.8,8,0.0,1.6,0.04,0.0024000000000000054,119609.33
SOLUSDT,2026-03-03T16:04:59.999000+00:00,2026-03-03T17:44:59.999000+00:00,85.387074,85.52074957142857,0.0674,320.24,vol_trail,1,60.7,20,-0.715,1.3097,0.04,0.5649999999999997,119929.57
KAITOUSDT,2026-03-03T22:34:59.999000+00:00,2026-03-03T23:04:59.999000+00:00,0.36577314000000005,0.36822634000000004,0.2866,1374.76,vol_trail,5,75.5,6,-0.2004,1.0273,0.04,0.003192857142857144,121205.41
SOLUSDT,2026-03-03T23:09:59.999000+00:00,2026-03-04T02:59:59.999000+00:00,86.977392,87.03973142857143,0.0231,111.94,vol_trail,2,69.0,46,-0.6278,0.6776,0.04,0.40142857142857274,121128.27
KITEUSDT,2026-03-04T08:49:59.999000+00:00,2026-03-04T09:24:59.999000+00:00,0.23226644400000002,0.2326520317142857,0.047,227.41,vol_trail,3,71.6,7,0.0,0.6912,0.04,0.0023899999999999993,120841.88
SOLUSDT,2026-03-04T08:44:59.999000+00:00,2026-03-04T10:29:59.999000+00:00,87.91758,89.85059771428571,1.9305,9353.55,vol_trail,2,66.9,21,0.0,3.1111,0.04,0.39214285714285985,130195.44
TAGUSDT,2026-03-04T08:49:59.999000+00:00,2026-03-04T10:29:59.999000+00:00,0.0004245849,0.0004130780821428572,-1.0312,-4984.59,stop_loss,1,64.1,20,-1.0935,0.732,0.04,4.535714285714287e-06,125210.85
1000BONKUSDT,2026-03-04T09:19:59.999000+00:00,2026-03-04T11:39:59.999000+00:00,0.006201239999999999,0.0061102062857142855,-1.0588,-5114.92,stop_loss,1,62.7,28,-1.4113,0.5532,0.04,3.542857142857136e-05,120095.93
SOLUSDT,2026-03-04T15:29:59.999000+00:00,2026-03-04T19:29:59.999000+00:00,92.608518,92.59861942857142,-0.0247,-118.57,vol_trail,3,72.5,48,-0.8185,0.3015,0.04,0.8357142857142849,119881.54
KITEUSDT,2026-03-05T01:19:59.999000+00:00,2026-03-05T02:09:59.999000+00:00,0.225175026,0.22679177542857143,0.3053,1464.17,vol_trail,8,81.2,10,-0.4737,1.526,0.04,0.001984285714285714,121247.76
KITEUSDT,2026-03-05T09:04:59.999000+00:00,2026-03-05T12:09:59.999000+00:00,0.245959182,0.252134563,0.9823,4763.85,vol_trail,1,65.8,37,0.0,2.1,0.04,0.002468571428571427,125924.64
KITEUSDT,2026-03-05T19:04:59.999000+00:00,2026-03-05T19:39:59.999000+00:00,0.278915772,0.27422300157142854,-1.0511,-5294.24,stop_loss,7,80.3,7,-1.1698,0.5412,0.04,0.00183285714285714,120492.42
DEXEUSDT,2026-03-09T01:44:59.999000+00:00,2026-03-09T05:34:59.999000+00:00,4.1418282,4.396477671428572,2.3349,11253.58,vol_trail,1,61.2,46,0.0,3.3083,0.04,0.04328571428571437,131662.99
DEXEUSDT,2026-03-10T00:19:59.999000+00:00,2026-03-10T01:39:59.999000+00:00,4.70094,4.730482285714285,0.2732,1438.6,vol_trail,3,71.4,16,-0.548,0.6577,0.04,0.0401428571428571,132990.58
BLUAIUSDT,2026-03-11T07:29:59.999000+00:00,2026-03-11T08:24:59.999000+00:00,0.006881376,0.007046019085714286,0.6413,3411.52,vol_trail,2,67.6,11,0.0,1.958,0.04,0.00010071428571428589,136336.67
DEXEUSDT,2026-03-12T00:44:59.999000+00:00,2026-03-12T01:09:59.999000+00:00,4.2538506,4.254291828571429,-0.0331,-180.69,vol_trail,9,83.7,5,0.0,0.8096,0.04,0.017785714285714134,135921.21
BLUAIUSDT,2026-03-12T15:34:59.999000+00:00,2026-03-12T17:24:59.999000+00:00,0.007531506,0.0072187345357142855,-1.02,-5545.62,stop_loss,1,58.1,22,-0.4745,0.1388,0.04,0.00012392857142857157,130316.12
LDOUSDT,2026-03-13T00:34:59.999000+00:00,2026-03-13T00:49:59.999000+00:00,0.3080616,0.30401061428571424,-1.066,-5540.77,stop_loss,7,79.8,3,-1.0691,0.0,0.04,0.0015714285714285728,124220.83
RENDERUSDT,2026-03-13T00:19:59.999000+00:00,2026-03-13T02:19:59.999000+00:00,1.715343,1.7212271142857143,0.149,776.25,vol_trail,7,80.3,24,-0.4375,0.8167,0.04,0.013714285714285743,124997.08
FETUSDT,2026-03-13T00:14:59.999000+00:00,2026-03-13T02:39:59.999000+00:00,0.17923584,0.1845595092857143,1.2228,6374.08,vol_trail,7,80.7,29,0.0,2.0067,0.04,0.0017142857142857099,131371.16
TAOUSDT,2026-03-13T00:19:59.999000+00:00,2026-03-13T02:59:59.999000+00:00,220.164024,229.5633638571429,2.8079,14612.21,vol_trail,8,81.9,32,-0.1238,3.6457,0.04,1.3242857142857116,145983.37
RENDERUSDT,2026-03-13T05:19:59.999000+00:00,2026-03-13T07:24:59.999000+00:00,1.8073614,1.8543076357142856,1.3958,8150.64,vol_trail,8,81.7,25,-0.3027,2.5427,0.04,0.013214285714285734,153990.25
TAOUSDT,2026-03-13T08:09:59.999000+00:00,2026-03-13T10:04:59.999000+00:00,235.707132,241.82591085714287,1.5119,9312.95,vol_trail,5,76.9,23,-0.3069,2.2465,0.04,1.5900000000000034,163138.84
RENDERUSDT,2026-03-13T14:14:59.999000+00:00,2026-03-13T14:39:59.999000+00:00,1.9423884,1.8812665285714285,-1.0267,-6699.76,stop_loss,1,55.4,5,-1.4249,0.0,0.04,0.024142857142857115,156344.58
TAOUSDT,2026-03-13T23:19:59.999000+00:00,2026-03-13T23:49:59.999000+00:00,236.177226,236.62409428571428,0.1085,678.47,vol_trail,5,75.5,6,-0.1371,0.7044,0.04,1.2549999999999955,156811.21
APRUSDT,2026-03-14T00:29:59.999000+00:00,2026-03-14T01:24:59.999000+00:00,0.136387272,0.13349936621428574,-1.0402,-6524.88,stop_loss,2,68.8,11,-0.8081,0.0635,0.04,0.0011335714285714243,149963.77
DEXEUSDT,2026-03-14T00:54:59.999000+00:00,2026-03-14T02:04:59.999000+00:00,4.6699338,4.678635514285714,0.0935,586.08,vol_trail,3,71.5,14,-0.241,0.723,0.04,0.02821428571428581,150549.85
TAOUSDT,2026-03-14T03:09:59.999000+00:00,2026-03-14T04:14:59.999000+00:00,242.12841600000002,242.106569,-0.0348,-209.34,vol_trail,2,69.9,13,0.0,0.8159,0.04,1.5050000000000014,150166.12
TAGUSDT,2026-03-14T05:09:59.999000+00:00,2026-03-14T05:19:59.999000+00:00,0.0005936187,0.0005972983735714286,0.3351,2012.86,vol_trail,7,80.0,2,0.0,1.5326,0.04,4.07142857142857e-06,152021.33
DEXEUSDT,2026-03-14T08:14:59.999000+00:00,2026-03-14T08:39:59.999000+00:00,4.770954,4.690311749999999,-1.0508,-6389.95,stop_loss,1,61.9,5,-0.7873,0.0,0.04,0.031499999999999986,145465.61
TAOUSDT,2026-03-15T00:19:59.999000+00:00,2026-03-15T00:29:59.999000+00:00,253.80075,248.98412178571428,-1.0451,-6080.93,stop_loss,3,73.1,2,-0.9648,0.0,0.04,1.8864285714285773,139243.77
FETUSDT,2026-03-15T01:04:59.999000+00:00,2026-03-15T03:19:59.999000+00:00,0.18133626,0.19124745714285712,4.9126,27361.78,vol_trail,3,72.8,27,-0.1,5.9,0.04,0.0007999999999999952,165804.79
RENDERUSDT,2026-03-15T01:24:59.999000+00:00,2026-03-15T03:34:59.999000+00:00,1.9083816,1.9087610285714287,-0.0145,-80.62,vol_trail,1,65.8,26,0.0,0.9989,0.04,0.013214285714285703,165724.17
LDOUSDT,2026-03-15T02:44:59.999000+00:00,2026-03-15T03:49:59.999000+00:00,0.30696138,0.3039463414285714,-1.0895,-6044.98,stop_loss,1,61.6,13,-0.8988,1.0025,0.04,0.0011571428571428527,159679.19
TAGUSDT,2026-03-15T01:09:59.999000+00:00,2026-03-15T06:04:59.999000+00:00,0.00058471692,0.0005993229685714286,1.6089,8946.49,vol_trail,2,68.2,59,-0.8641,2.7271,0.04,3.564285714285712e-06,168625.68
FETUSDT,2026-03-15T09:59:59.999000+00:00,2026-03-15T12:29:59.999000+00:00,0.19173834,0.19681777142857143,1.6249,10960.21,vol_trail,3,72.1,30,-0.6512,2.3767,0.04,0.001228571428571432,179396.41
TAGUSDT,2026-03-15T13:49:59.999000+00:00,2026-03-15T16:29:59.999000+00:00,0.0006344268599999999,0.0006415645185714286,0.3324,2384.96,vol_trail,2,68.4,32,0.0,1.0045,0.04,8.242857142857127e-06,181681.95
RENDERUSDT,2026-03-15T21:44:59.999000+00:00,2026-03-15T22:09:59.999000+00:00,1.9073814,1.8809094571428573,-1.0624,-7720.61,stop_loss,7,80.4,5,-1.0111,0.0,0.04,0.010285714285714247,173718.76
NEARUSDT,2026-03-16T01:54:59.999000+00:00,2026-03-16T02:29:59.999000+00:00,1.3692738,1.3551574857142856,-1.0851,-7539.98,stop_loss,1,64.8,7,-0.8842,0.1474,0.04,0.005428571428571434,165863.3
ZECUSDT,2026-03-16T04:49:59.999000+00:00,2026-03-16T06:09:59.999000+00:00,237.917574,233.99640564285716,-1.0522,-6980.72,stop_loss,1,61.0,16,-1.0113,0.1855,0.04,1.5307142857142821,158517.64
FETUSDT,2026-03-16T05:49:59.999000+00:00,2026-03-16T07:54:59.999000+00:00,0.20294058,0.20623731571428572,0.9493,6291.19,vol_trail,2,68.4,25,-0.3259,2.5185,0.04,0.001350000000000004,164808.84
FETUSDT,2026-03-16T12:04:59.999000+00:00,2026-03-16T12:19:59.999000+00:00,0.2215443,0.22248406571428572,0.134,883.12,vol_trail,6,77.6,3,-0.0798,1.037,0.04,0.0025071428571428528,165587.1
APRUSDT,2026-03-16T12:44:59.999000+00:00,2026-03-16T13:19:59.999000+00:00,0.173824758,0.17475361371428572,0.1981,1312.35,vol_trail,8,81.9,7,0.0,1.2794,0.04,0.001716428571428569,166778.71
FETUSDT,2026-03-16T16:14:59.999000+00:00,2026-03-16T18:14:59.999000+00:00,0.23644728,0.24459392857142856,0.9784,6526.83,vol_trail,2,68.5,24,0.0,2.3739,0.04,0.0032857142857142846,173219.13
APRUSDT,2026-03-17T02:44:59.999000+00:00,2026-03-17T05:24:59.999000+00:00,0.175855164,0.17637328971428576,0.0868,601.35,vol_trail,2,68.6,32,-0.0198,0.811,0.04,0.0020221428571428612,173569.67
MUSDT,2026-03-17T05:24:59.999000+00:00,2026-03-17T06:19:59.999000+00:00,1.7106420599999999,1.7364383571428572,0.668,4625.64,vol_trail,7,79.1,11,0.0,1.2738,0.04,0.014978571428571428,178195.32
MUSDT,2026-03-17T15:14:59.999000+00:00,2026-03-17T15:24:59.999000+00:00,1.7508500999999999,1.7304574107142858,-1.0749,-7661.58,stop_loss,2,67.9,2,-0.0812,0.0305,0.04,0.007878571428571433,170248.61
ENJUSDT,2026-03-18T04:09:59.999000+00:00,2026-03-18T04:14:59.999000+00:00,0.021194238,0.021340016857142857,0.3972,2704.77,vol_trail,3,72.9,1,0.0,0.4375,0.04,0.00013714285714285724,172763.95
APRUSDT,2026-03-18T04:29:59.999000+00:00,2026-03-18T07:09:59.999000+00:00,0.17338467,0.17669536814285716,1.2351,8535.43,vol_trail,2,67.2,32,-0.516,2.9433,0.04,0.0010464285714285692,181093.28
ENJUSDT,2026-03-18T07:29:59.999000+00:00,2026-03-18T07:59:59.999000+00:00,0.02460492,0.025628801785714285,0.7372,5340.16,vol_trail,9,83.8,6,0.0,1.0705,0.04,0.0005492857142857142,186375.03
ENJUSDT,2026-03-19T00:44:59.999000+00:00,2026-03-19T00:49:59.999000+00:00,0.024614922,0.024954293857142856,0.3147,2345.77,vol_trail,9,82.7,1,0.0,0.7479,0.04,0.0004171428571428575,188641.61
DEXEUSDT,2026-03-19T02:19:59.999000+00:00,2026-03-19T06:04:59.999000+00:00,5.75115,6.174479142857143,6.47,48820.52,vol_trail,1,55.7,45,-0.3077,8.6615,0.04,0.026000000000000054,237161.7
ENJUSDT,2026-03-19T06:49:59.999000+00:00,2026-03-19T07:29:59.999000+00:00,0.027025404,0.025661295285714283,-1.0163,-9641.25,stop_loss,2,67.9,8,-1.0343,0.0,0.04,0.0005414285714285717,227435.22
DEXEUSDT,2026-03-20T00:09:59.999000+00:00,2026-03-20T03:29:59.999000+00:00,6.2162429999999995,6.215042457142857,-0.0408,-371.61,vol_trail,3,71.9,40,-0.7051,0.3577,0.04,0.039142857142857146,226567.41
TAOUSDT,2026-03-20T04:29:59.999000+00:00,2026-03-20T04:44:59.999000+00:00,297.60951,289.4331732142857,-1.0307,-9341.2,stop_loss,3,70.6,3,-1.1193,0.0,0.04,3.2235714285714323,217075.61
FETUSDT,2026-03-20T01:39:59.999000+00:00,2026-03-20T07:04:59.999000+00:00,0.21964392,0.23612419428571427,4.3049,39118.71,vol_trail,1,64.1,65,-0.5521,5.5737,0.04,0.0015214285714285664,256194.32
DEXEUSDT,2026-03-20T08:59:59.999000+00:00,2026-03-20T13:14:59.999000+00:00,6.1952388,6.0945665571428576,-1.053,-10790.4,stop_loss,1,59.6,51,-1.2218,0.224,0.04,0.039285714285714146,245113.04
FETUSDT,2026-03-20T21:54:59.999000+00:00,2026-03-20T21:59:59.999000+00:00,0.2260452,0.22651183142857143,0.0991,972.04,vol_trail,5,76.3,1,0.0,0.9515,0.04,0.0014714285714285719,245813.96
BLUAIUSDT,2026-03-22T00:09:59.999000+00:00,2026-03-22T03:04:59.999000+00:00,0.0062542506,0.006260033457142857,0.03,295.31,vol_trail,6,78.1,35,-0.1215,0.3646,0.04,3.9499999999999917e-05,245829.04
MEGAUSDT,2026-03-22T07:49:59.999000+00:00,2026-03-22T08:04:59.999000+00:00,0.135307056,0.13534721085714288,-0.0257,-252.81,vol_trail,5,76.9,3,-0.2106,0.8796,0.04,0.00032285714285714063,244834.45
BLUAIUSDT,2026-03-22T15:54:59.999000+00:00,2026-03-22T15:59:59.999000+00:00,0.007486497,0.007797154542857143,0.9593,9394.83,vol_trail,3,72.6,1,0.0,1.3992,0.04,0.00012807142857142848,254126.24
ONTUSDT,2026-03-24T00:04:59.999000+00:00,2026-03-24T01:04:59.999000+00:00,0.041808359999999996,0.041791640000000005,-0.0829,-842.63,vol_trail,2,67.5,12,-0.2333,1.1667,0.04,0.00017142857142857088,252837.38
TAOUSDT,2026-03-24T02:04:59.999000+00:00,2026-03-24T03:49:59.999000+00:00,301.90036799999996,308.3511745714286,0.8152,8244.61,vol_trail,5,76.0,21,-0.1899,1.4065,0.04,3.09714285714285,260904.54
ONTUSDT,2026-03-24T10:34:59.999000+00:00,2026-03-24T11:29:59.999000+00:00,0.04920984,0.05273945000000001,1.3089,13659.51,vol_trail,2,69.0,11,0.0,2.4267,0.04,0.001071428571428572,274477.77
TAOUSDT,2026-03-24T16:14:59.999000+00:00,2026-03-24T20:49:59.999000+00:00,315.933174,329.65691257142856,2.358,25888.84,vol_trail,1,66.8,55,-0.5628,3.9968,0.04,2.3028571428571394,300095.49
ONTUSDT,2026-03-25T00:34:59.999000+00:00,2026-03-25T00:44:59.999000+00:00,0.06481296,0.06868626000000001,1.2657,15193.58,vol_trail,6,78.2,2,-0.0329,2.0424,0.04,0.0012142857142857144,315173.74
MUSDT,2026-03-25T02:24:59.999000+00:00,2026-03-25T04:59:59.999000+00:00,1.7349469199999998,1.7177028192857142,-1.0884,-13721.53,stop_loss,8,82.4,31,-0.9424,0.6222,0.04,0.006621428571428556,300857.63
TAOUSDT,2026-03-25T07:14:59.999000+00:00,2026-03-25T08:59:59.999000+00:00,343.878762,345.9600798571429,0.3521,4236.78,vol_trail,8,82.3,21,-0.4498,1.0074,0.04,2.1878571428571507,304753.94
ENJUSDT,2026-03-26T12:24:59.999000+00:00,2026-03-26T12:54:59.999000+00:00,0.020674134,0.02070871457142857,0.1064,1296.6,vol_trail,1,63.9,6,-0.2105,1.2211,0.04,9.500000000000059e-05,305573.03
ENJUSDT,2026-03-26T16:19:59.999000+00:00,2026-03-26T22:04:59.999000+00:00,0.022714542,0.022711171142857145,-0.011,-133.85,vol_trail,1,63.2,69,-0.3948,0.2417,0.04,0.0004964285714285718,305168.11
BLUAIUSDT,2026-03-26T18:54:59.999000+00:00,2026-03-26T22:59:59.999000+00:00,0.0086497296,0.010428342485714285,6.3557,77659.58,vol_trail,2,68.2,49,0.0,4.844,0.04,0.00011164285714285753,382827.68
CHZUSDT,2026-03-28T03:19:59.999000+00:00,2026-03-28T04:09:59.999000+00:00,0.036027204,0.03602422228571428,-0.0594,-909.3,vol_trail,3,71.9,10,0.0,0.8354,0.04,0.00012928571428571421,381150.29
ONTUSDT,2026-03-28T04:59:59.999000+00:00,2026-03-28T07:09:59.999000+00:00,0.054110820000000004,0.06228182685714286,4.5149,68834.52,decay,8,81.8,26,-0.1663,5.1564,0.04,0.0007214285714285713,449061.17
LDOUSDT,2026-03-28T05:59:59.999000+00:00,2026-03-28T07:44:59.999000+00:00,0.30096018,0.3011040528571428,0.0029,44.39,vol_trail,1,62.5,21,-0.0696,1.5304,0.04,0.0011500000000000082,449105.56
CHZUSDT,2026-03-28T07:59:59.999000+00:00,2026-03-28T08:59:59.999000+00:00,0.036697338,0.037001169714285714,0.9516,17094.87,vol_trail,1,63.1,12,0.0,2.6178,0.04,0.0001207142857142865,465217.42
MUSDT,2026-03-28T10:04:59.999000+00:00,2026-03-28T10:14:59.999000+00:00,2.2545508200000004,2.220584365714286,-1.0573,-19674.58,stop_loss,2,67.9,2,-0.8194,0.0,0.04,0.013228571428571525,444971.97
CHZUSDT,2026-03-28T13:19:59.999000+00:00,2026-03-28T13:44:59.999000+00:00,0.038397678,0.038594422428571425,0.3179,5657.96,vol_trail,2,67.2,5,-0.0886,1.5772,0.04,0.00022571428571428544,449128.61
LDOUSDT,2026-03-28T13:19:59.999000+00:00,2026-03-28T13:44:59.999000+00:00,0.30526104000000004,0.30809551142857144,1.0557,18767.42,vol_trail,3,71.4,5,-0.4308,1.9189,0.04,0.0010214285714285779,467896.04
CHZUSDT,2026-03-28T16:44:59.999000+00:00,2026-03-28T17:14:59.999000+00:00,0.040778154000000004,0.039787040999999995,-1.0349,-19368.83,stop_loss,1,54.2,6,-1.0359,0.1231,0.04,0.0003900000000000005,447597.39
LDOUSDT,2026-03-28T17:04:59.999000+00:00,2026-03-28T18:09:59.999000+00:00,0.31496298,0.3102486521428572,-1.0577,-19780.24,stop_loss,6,78.6,13,-0.9152,0.1525,0.04,0.0018357142857142778,427817.15
ONTUSDT,2026-03-28T23:34:59.999000+00:00,2026-03-29T00:24:59.999000+00:00,0.0620124,0.05997014642857143,-1.0255,-17548.45,stop_loss,1,64.9,10,-0.892,0.5451,0.04,0.000807142857142857,410032.05
AIAUSDT,2026-03-29T06:04:59.999000+00:00,2026-03-29T06:29:59.999000+00:00,0.10699139399999999,0.10428485314285714,-1.0335,-16950.29,stop_loss,7,80.1,5,-0.822,0.0676,0.04,0.0010657142857142849,392785.37
CHZUSDT,2026-03-30T00:09:59.999000+00:00,2026-03-30T00:39:59.999000+00:00,0.04045809,0.04067400642857143,0.3284,5159.28,vol_trail,1,60.8,6,-0.1163,1.4955,0.04,0.00024071428571428556,397469.32
CHZUSDT,2026-03-30T04:19:59.999000+00:00,2026-03-30T08:04:59.999000+00:00,0.042328464,0.04367983371428571,1.9523,31038.39,vol_trail,6,78.7,45,-0.4984,2.6094,0.04,0.00027285714285714413,428063.76
CHZUSDT,2026-03-30T11:14:59.999000+00:00,2026-03-30T12:04:59.999000+00:00,0.044488896,0.04341238721428571,-1.0351,-17722.7,stop_loss,2,70.3,10,-0.8121,0.2455,0.04,0.0004235714285714274,410017.34
EDGEUSDT,2026-03-31T00:29:59.999000+00:00,2026-03-31T01:04:59.999000+00:00,0.55831164,0.5599308485714286,0.1701,2790.5,vol_trail,6,78.0,7,0.0,1.008,0.04,0.003214285714285709,412295.07
EDGEUSDT,2026-03-31T13:44:59.999000+00:00,2026-03-31T15:59:59.999000+00:00,0.73834764,0.6425357528571428,-1.0059,-16589.39,stop_loss,1,55.9,27,-1.0331,0.0094,0.04,0.03821428571428571,395648.33
SEIUSDT,2026-04-01T05:09:59.999000+00:00,2026-04-01T05:49:59.999000+00:00,0.052620521999999996,0.05310651942857143,0.707,11189.53,vol_trail,3,72.2,8,0.0,1.5148,0.04,0.0002614285714285707,406146.21
ONTUSDT,2026-04-01T05:19:59.999000+00:00,2026-04-01T07:39:59.999000+00:00,0.09621924,0.10370782571428572,1.2863,20326.72,vol_trail,7,79.2,28,-0.3802,1.9531,0.04,0.002314285714285713,426472.93
ONTUSDT,2026-04-01T15:49:59.999000+00:00,2026-04-01T15:54:59.999000+00:00,0.1210242,0.12151854857142858,0.063,1074.2,vol_trail,9,84.7,1,0.0,0.4726,0.04,0.0027928571428571408,427414.07
ONTUSDT,2026-04-01T22:39:59.999000+00:00,2026-04-01T23:04:59.999000+00:00,0.12962592,0.12548561214285714,-1.0263,-17545.96,stop_loss,2,68.8,5,-1.1004,0.7825,0.04,0.001635714285714285,409624.23
TAGUSDT,2026-04-02T18:24:59.999000+00:00,2026-04-02T21:09:59.999000+00:00,0.00077535504,0.0008284128557142857,1.8949,31047.9,vol_trail,1,59.7,33,-0.1223,2.8342,0.04,1.1121428571428567e-05,440466.52
SEIUSDT,2026-04-03T02:14:59.999000+00:00,2026-04-03T07:34:59.999000+00:00,0.051690335999999996,0.05316579328571428,3.6948,65097.61,vol_trail,2,68.1,64,-0.4327,5.1673,0.04,0.00015714285714285816,504520.95
SEIUSDT,2026-04-03T10:44:59.999000+00:00,2026-04-03T11:34:59.999000+00:00,0.054020802,0.053540361214285716,-1.0994,-22186.28,stop_loss,5,76.6,10,-1.1984,0.2179,0.04,0.00018357142857142978,481265.69
BNBUSDT,2026-04-04T06:19:59.999000+00:00,2026-04-04T07:34:59.999000+00:00,592.138404,590.7000506428571,-1.418,-27297.97,stop_loss,7,80.4,15,-1.2731,0.0,0.04,0.48071428571429514,449699.43
APRUSDT,2026-04-06T00:59:59.999000+00:00,2026-04-06T01:19:59.999000+00:00,0.204200832,0.20696716971428572,0.4972,8943.17,vol_trail,5,76.8,4,0.0,1.3502,0.04,0.0021507142857142897,458335.19
SIRENUSDT,2026-04-06T03:59:59.999000+00:00,2026-04-06T05:59:59.999000+00:00,0.61387275,0.5646816839285714,-1.01,-18516.84,stop_loss,6,77.4,24,-0.8553,0.3485,0.04,0.019582142857142843,439714.89
EDGEUSDT,2026-04-06T08:49:59.999000+00:00,2026-04-06T09:44:59.999000+00:00,0.9016803,0.94271142,2.1017,36965.09,vol_trail,2,69.0,11,-0.1553,2.6292,0.04,0.007728571428571434,476310.62
APRUSDT,2026-04-06T15:14:59.999000+00:00,2026-04-06T16:54:59.999000+00:00,0.228955782,0.2289513434285714,-0.0081,-154.65,vol_trail,3,71.1,20,-0.6073,0.4079,0.04,0.005295714285714291,476007.7
MUSDT,2026-04-07T02:19:59.999000+00:00,2026-04-07T03:19:59.999000+00:00,2.73814752,2.7434512,0.111,2113.36,vol_trail,5,76.8,12,-0.2919,0.7201,0.04,0.014664285714285765,477175.45
APRUSDT,2026-04-07T03:14:59.999000+00:00,2026-04-07T07:04:59.999000+00:00,0.233406672,0.23337902914285716,-0.0203,-386.07,vol_trail,3,72.9,46,-0.7209,0.5464,0.04,0.0026135714285714295,476789.38
ZECUSDT,2026-04-07T09:04:59.999000+00:00,2026-04-07T10:09:59.999000+00:00,268.27364400000005,264.94378635714287,-1.0701,-20408.02,stop_loss,2,69.4,13,-0.7353,0.7601,0.04,1.289285714285707,455667.05
BLUAIUSDT,2026-04-07T12:04:59.999000+00:00,2026-04-07T14:19:59.999000+00:00,0.0071354268,0.008222212371428573,10.368,188974.21,vol_trail,2,70.0,27,0.0,15.0674,0.04,4.178571428571432e-05,644081.02
WLDUSDT,2026-04-07T18:24:59.999000+00:00,2026-04-07T18:59:59.999000+00:00,0.25395078,0.24983216642857142,-1.0531,-27130.2,stop_loss,7,79.1,7,-0.9458,0.3236,0.04,0.0016071428571428664,616218.06
DOTUSDT,2026-04-07T21:39:59.999000+00:00,2026-04-07T22:39:59.999000+00:00,1.2642528,1.2957408000000001,2.1106,52023.09,vol_trail,5,76.5,12,0.0,2.8683,0.04,0.005857142857142815,667283.48
MUSDT,2026-04-07T23:59:59.999000+00:00,2026-04-08T00:09:59.999000+00:00,2.7449488800000004,2.6776679307142857,-1.0346,-27614.49,stop_loss,1,66.5,2,-1.4412,0.0,0.04,0.026478571428571445,639170.93
APRUSDT,2026-04-08T00:29:59.999000+00:00,2026-04-08T01:24:59.999000+00:00,0.2225445,0.21692267821428574,-1.0335,-26423.89,stop_loss,6,78.7,11,-1.0282,0.2512,0.04,0.002213571428571426,612284.37
ENJUSDT,2026-04-08T03:04:59.999000+00:00,2026-04-08T04:39:59.999000+00:00,0.020184036,0.020305223857142857,0.6972,17075.46,vol_trail,1,65.7,19,-0.8089,1.4933,0.04,6.428571428571414e-05,627975.7
ENJUSDT,2026-04-08T13:49:59.999000+00:00,2026-04-08T14:34:59.999000+00:00,0.020684136,0.020422343285714285,-1.0687,-26843.81,stop_loss,1,60.7,9,-0.9465,0.0,0.04,0.00010142857142857126,600209.84
RAVEUSDT,2026-04-09T05:39:59.999000+00:00,2026-04-09T07:49:59.999000+00:00,0.33467692200000004,0.3525155542142857,1.8223,43751.58,vol_trail,7,80.3,26,0.0,3.1922,0.04,0.003880714285714293,643588.73
DOTUSDT,2026-04-09T15:14:59.999000+00:00,2026-04-09T15:34:59.999000+00:00,1.2612522,1.2673893285714286,0.4584,11796.9,vol_trail,7,79.4,4,0.0,1.8118,0.04,0.00485714285714283,653907.96
RAVEUSDT,2026-04-09T14:34:59.999000+00:00,2026-04-09T15:39:59.999000+00:00,0.385237032,0.4303314165,2.7659,71202.99,vol_trail,7,80.0,13,-0.0216,3.6301,0.04,0.006493571428571424,725110.96
RAVEUSDT,2026-04-09T18:54:59.999000+00:00,2026-04-09T19:34:59.999000+00:00,0.5881176,0.6031721985714286,0.3678,10666.58,vol_trail,6,78.5,8,-0.2525,1.2724,0.04,0.016079285714285702,734368.47
DOTUSDT,2026-04-09T19:09:59.999000+00:00,2026-04-09T22:19:59.999000+00:00,1.30026,1.3355185571428572,2.4882,72150.88,vol_trail,1,66.0,38,-0.5026,3.0154,0.04,0.0055714285714285605,806519.36
DASHUSDT,2026-04-10T02:04:59.999000+00:00,2026-04-10T03:14:59.999000+00:00,37.767551999999995,38.54086171428571,0.9183,29625.41,vol_trail,3,72.0,14,0.0,2.0894,0.04,0.32928571428571524,835478.74
DASHUSDT,2026-04-10T08:39:59.999000+00:00,2026-04-10T10:09:59.999000+00:00,40.648128,41.889120500000004,0.8587,28697.69,vol_trail,7,79.8,18,-0.5199,1.7777,0.04,0.5692857142857152,863746.91
RAVEUSDT,2026-04-10T12:39:59.999000+00:00,2026-04-10T13:54:59.999000+00:00,1.429155774,1.5138985882857143,0.6614,22851.93,vol_trail,6,77.4,15,0.0,1.7748,0.04,0.05083714285714282,886424.0
DASHUSDT,2026-04-10T21:59:59.999000+00:00,2026-04-11T00:29:59.999000+00:00,45.929184,46.80777942857143,0.8004,28378.44,vol_trail,6,77.3,30,-0.784,1.4373,0.04,0.42857142857142755,914118.47
RAVEUSDT,2026-04-11T02:29:59.999000+00:00,2026-04-11T05:04:59.999000+00:00,1.966433208,1.9658688904285713,-0.0065,-236.46,vol_trail,1,66.0,31,-0.2812,0.2497,0.04,0.08962499999999998,913737.61
TONUSDT,2026-04-11T07:24:59.999000+00:00,2026-04-11T07:54:59.999000+00:00,1.31516298,1.3207072342857145,0.6777,24771.13,vol_trail,5,76.6,6,0.0,1.4787,0.04,0.002921428571428567,935547.06
ENJUSDT,2026-04-11T08:09:59.999000+00:00,2026-04-11T08:14:59.999000+00:00,0.02895579,0.028971347428571433,0.0038,141.22,vol_trail,6,77.5,1,0.0,0.4193,0.04,0.0002671428571428564,934958.17
RAVEUSDT,2026-04-11T08:29:59.999000+00:00,2026-04-11T08:44:59.999000+00:00,2.19623916,2.107780145357143,-1.0207,-38170.77,stop_loss,3,71.8,3,-0.7162,0.0,0.04,0.03503928571428567,896365.46
DASHUSDT,2026-04-11T08:54:59.999000+00:00,2026-04-11T09:14:59.999000+00:00,46.229244,45.114546714285716,-1.0352,-37115.92,stop_loss,3,72.6,4,-0.9212,0.0,0.04,0.4385714285714281,858569.25
TONUSDT,2026-04-11T11:14:59.999000+00:00,2026-04-11T12:59:59.999000+00:00,1.38387672,1.3900147985714286,0.309,10612.36,vol_trail,1,60.0,21,0.0,1.6368,0.04,0.007135714285714293,867982.76
ENJUSDT,2026-04-11T15:39:59.999000+00:00,2026-04-11T16:04:59.999000+00:00,0.029935985999999998,0.030838116857142855,1.2405,43067.71,vol_trail,9,84.8,5,-0.5446,2.2344,0.04,0.0002864285714285719,910397.3
TONUSDT,2026-04-11T17:24:59.999000+00:00,2026-04-11T19:54:59.999000+00:00,1.4383876199999999,1.4883736942857144,2.5524,92948.47,vol_trail,1,62.0,30,0.0,3.7316,0.04,0.00772857142857145,1002125.83
ENJUSDT,2026-04-11T21:29:59.999000+00:00,2026-04-11T23:09:59.999000+00:00,0.032196438,0.03219641657142857,-0.012,-479.69,vol_trail,2,69.8,20,-0.668,0.5773,0.04,0.0004850000000000003,1001167.16
ENJUSDT,2026-04-12T11:04:59.999000+00:00,2026-04-12T12:34:59.999000+00:00,0.035947188,0.03949138585714286,1.743,69800.67,vol_trail,1,65.8,18,-0.0692,3.3659,0.04,0.0008092857142857143,1070647.64
GIGGLEUSDT,2026-04-13T00:14:59.999000+00:00,2026-04-13T00:24:59.999000+00:00,30.826164,30.893819999999998,0.0863,3693.84,vol_trail,6,78.8,2,0.0,1.0751,0.04,0.24928571428571442,1073388.24
WLDUSDT,2026-04-13T01:14:59.999000+00:00,2026-04-13T01:44:59.999000+00:00,0.29515902,0.2978689857142857,0.6469,27773.66,vol_trail,9,84.7,6,0.0,1.13,0.04,0.001592857142857142,1099729.82
SEIUSDT,2026-04-13T06:04:59.999000+00:00,2026-04-13T07:14:59.999000+00:00,0.054500898,0.05411310378571429,-1.1259,-49525.66,stop_loss,8,81.3,14,-0.8195,0.3551,0.04,0.00014642857142857065,1047257.04
ENJUSDT,2026-04-13T09:14:59.999000+00:00,2026-04-13T09:24:59.999000+00:00,0.03635727,0.03697188985714286,0.7525,31523.16,vol_trail,8,81.1,2,0.0,1.3213,0.04,0.00031785714285714154,1077917.73
APTUSDT,2026-04-13T12:49:59.999000+00:00,2026-04-13T13:49:59.999000+00:00,0.830166,0.8344545042857142,0.8364,36006.72,vol_trail,7,79.6,12,0.0,2.9282,0.04,0.0018714285714285714,1107881.64
WLDUSDT,2026-04-13T11:44:59.999000+00:00,2026-04-13T14:24:59.999000+00:00,0.29765951999999996,0.3044962314285714,1.8949,81700.18,vol_trail,2,69.1,32,0.0,4.3273,0.04,0.0014142857142857052,1187356.54
GIGGLEUSDT,2026-04-13T14:14:59.999000+00:00,2026-04-13T14:29:59.999000+00:00,41.348268000000004,42.39009171428572,0.4899,21675.91,vol_trail,9,84.2,3,-0.3401,0.6946,0.04,0.8349999999999989,1209032.44
ENAUSDT,2026-04-13T13:49:59.999000+00:00,2026-04-13T14:59:59.999000+00:00,0.09363872399999999,0.09426257228571429,0.3125,13409.59,vol_trail,9,84.9,14,-0.3923,0.8491,0.04,0.0007442857142857141,1222231.64
TONUSDT,2026-04-13T14:09:59.999000+00:00,2026-04-13T16:09:59.999000+00:00,1.43458686,1.418391265,-1.0774,-47743.84,stop_loss,2,69.6,24,-0.9024,0.7488,0.04,0.00625000000000001,1174487.8
ENJUSDT,2026-04-13T14:49:59.999000+00:00,2026-04-13T17:44:59.999000+00:00,0.04505901,0.04515311042857143,0.0158,765.58,vol_trail,7,80.2,35,-0.7595,0.2832,0.04,0.0018642857142857137,1175253.38
ENAUSDT,2026-04-13T18:34:59.999000+00:00,2026-04-13T19:14:59.999000+00:00,0.094828962,0.09518060292857143,0.2192,10303.7,vol_trail,8,81.9,8,0.0,1.1995,0.04,0.0005635714285714312,1184133.27
WLDUSDT,2026-04-13T21:24:59.999000+00:00,2026-04-13T22:19:59.999000+00:00,0.30186036,0.30481759571428574,0.987,46750.71,vol_trail,1,58.9,11,-0.315,2.1,0.04,0.0011428571428571438,1227240.2
ENAUSDT,2026-04-13T22:14:59.999000+00:00,2026-04-13T22:19:59.999000+00:00,0.097789554,0.0983189037142857,0.3246,15343.81,vol_trail,9,84.5,1,0.0,0.9568,0.04,0.000597857142857146,1242584.01
APTUSDT,2026-04-13T22:19:59.999000+00:00,2026-04-13T22:39:59.999000+00:00,0.8684736599999999,0.8702330614285715,0.1765,8772.14,vol_trail,9,82.7,4,0.0,0.7355,0.04,0.003099999999999984,1248849.74
WLDUSDT,2026-04-14T02:04:59.999000+00:00,2026-04-14T02:19:59.999000+00:00,0.31346268,0.3154226171428572,0.5851,29228.2,vol_trail,3,72.2,3,0.0,1.3195,0.04,0.0012428571428571486,1275810.13
APRUSDT,2026-04-14T03:09:59.999000+00:00,2026-04-14T03:49:59.999000+00:00,0.205561104,0.2116305225714286,0.9037,46118.62,vol_trail,9,84.3,8,-0.4069,1.5036,0.04,0.002644285714285714,1321214.66
WLDUSDT,2026-04-14T07:09:59.999000+00:00,2026-04-14T08:34:59.999000+00:00,0.32366472,0.31914330142857145,-1.062,-56123.02,stop_loss,2,69.8,17,-0.9333,0.7057,0.04,0.001757142857142854,1262911.99
ENJUSDT,2026-04-14T08:14:59.999000+00:00,2026-04-14T09:59:59.999000+00:00,0.048139626,0.04906697035714286,0.3384,17861.12,vol_trail,7,79.0,21,-0.0037,1.0879,0.04,0.0010699999999999996,1276104.49
ETHUSDT,2026-04-14T08:34:59.999000+00:00,2026-04-14T10:39:59.999000+00:00,2390.3879819999997,2377.795060142857,-1.1739,-59299.44,stop_loss,6,78.4,25,-1.1255,0.1641,0.04,4.655714285714274,1216805.05
APRUSDT,2026-04-14T12:24:59.999000+00:00,2026-04-14T12:54:59.999000+00:00,0.24275854200000002,0.2488137987142857,0.6562,31913.62,vol_trail,2,69.7,6,0.0,1.9973,0.04,0.0036228571428571477,1247177.87
EDGEUSDT,2026-04-14T11:44:59.999000+00:00,2026-04-14T14:34:59.999000+00:00,0.91878372,0.9508883557142858,1.502,73107.1,vol_trail,2,67.0,34,-0.2466,2.4467,0.04,0.008435714285714293,1320284.97
ENJUSDT,2026-04-14T15:24:59.999000+00:00,2026-04-14T15:29:59.999000+00:00,0.049769952,0.050565599142857146,0.3211,16956.84,vol_trail,5,76.6,1,0.0,1.1009,0.04,0.0009628571428571432,1336750.44
APRUSDT,2026-04-14T16:34:59.999000+00:00,2026-04-14T16:49:59.999000+00:00,0.289977984,0.2647134752857143,-1.0091,-53959.06,stop_loss,2,68.8,3,-1.0193,0.5315,0.04,0.010061428571428563,1282513.99
ENJUSDT,2026-04-14T22:49:59.999000+00:00,2026-04-14T23:24:59.999000+00:00,0.06066213,0.05770988428571429,-1.017,-52170.18,stop_loss,9,82.7,7,-0.799,0.0,0.04,0.0011714285714285709,1229865.62
DEXEUSDT,2026-04-15T01:09:59.999000+00:00,2026-04-15T01:14:59.999000+00:00,10.319063400000001,10.426914200000002,0.6225,30564.78,vol_trail,5,75.6,1,0.0,1.4362,0.04,0.06628571428571396,1256671.69
BASEDUSDT,2026-04-15T01:29:59.999000+00:00,2026-04-15T02:09:59.999000+00:00,0.080736144,0.07662967100000001,-1.0162,-50983.4,stop_loss,8,81.2,8,-0.989,0.0025,0.04,0.0016299999999999995,1202852.86
LDOUSDT,2026-04-15T00:09:59.999000+00:00,2026-04-15T02:34:59.999000+00:00,0.35367072000000005,0.3502442228571429,-1.0908,-53662.24,stop_loss,5,75.6,29,-1.2174,0.0,0.04,0.0013142857142857123,1149190.62
NEIROUSDT,2026-04-15T01:29:59.999000+00:00,2026-04-15T03:59:59.999000+00:00,6.6883374e-05,6.688447757142858e-05,-0.0256,-1286.27,vol_trail,1,60.4,30,-0.3091,0.7685,0.04,4.528571428571436e-07,1147904.35
EDGEUSDT,2026-04-15T01:19:59.999000+00:00,2026-04-15T05:34:59.999000+00:00,1.00660128,1.011212002857143,0.1922,9659.79,vol_trail,2,67.4,51,-0.6751,1.1145,0.04,0.00865,1157564.14
IRYSUSDT,2026-04-15T09:04:59.999000+00:00,2026-04-15T09:44:59.999000+00:00,0.030106019999999997,0.030372495714285713,0.3196,14797.23,vol_trail,3,71.9,8,-0.1517,1.0871,0.04,0.0003164285714285714,1171568.4
NEIROUSDT,2026-04-15T11:49:59.999000+00:00,2026-04-15T13:19:59.999000+00:00,6.734346599999999e-05,6.793533878571429e-05,0.5563,26071.36,vol_trail,9,84.0,18,-0.674,1.0804,0.04,4.035714285714287e-07,1195318.63
EDGEUSDT,2026-04-15T13:09:59.999000+00:00,2026-04-15T15:09:59.999000+00:00,1.03550706,1.0357071028571427,-0.0111,-521.54,vol_trail,3,72.9,24,-0.5445,0.4105,0.04,0.009550000000000043,1194797.1
SEIUSDT,2026-04-15T17:29:59.999000+00:00,2026-04-15T20:19:59.999000+00:00,0.055751148,0.055912386714285715,0.2876,13743.1,vol_trail,2,69.5,34,-0.486,1.0777,0.04,0.00018928571428571426,1204158.48
EDGEUSDT,2026-04-15T18:39:59.999000+00:00,2026-04-15T20:54:59.999000+00:00,1.05641124,1.0560173257142855,-0.0464,-2212.72,vol_trail,2,67.4,27,-0.5819,0.8008,0.04,0.007492857142857127,1201945.76
NEIROUSDT,2026-04-15T19:39:59.999000+00:00,2026-04-15T20:54:59.999000+00:00,7.5635124e-05,7.651897885714287e-05,0.334,15914.47,vol_trail,3,71.3,15,-0.0157,1.1601,0.04,1.017142857142857e-06,1217860.24
EDGEUSDT,2026-04-16T00:29:59.999000+00:00,2026-04-16T00:34:59.999000+00:00,1.06001196,1.1729367942857143,7.6386,372111.44,vol_trail,9,82.6,1,0.0,1.3932,0.04,0.0058857142857142875,1588392.46
1000PEPEUSDT,2026-04-16T02:09:59.999000+00:00,2026-04-16T02:29:59.999000+00:00,0.00379365858,0.0038178077142857142,0.5115,32495.89,vol_trail,2,68.6,4,0.0,2.2094,0.04,1.7542857142857135e-05,1618415.22
XLMUSDT,2026-04-16T02:29:59.999000+00:00,2026-04-16T03:34:59.999000+00:00,0.159021798,0.15954022842857143,0.5322,34450.47,vol_trail,7,79.6,13,0.0,2.097,0.04,0.0003357142857142864,1639845.18
MUSDT,2026-04-16T03:09:59.999000+00:00,2026-04-16T03:44:59.999000+00:00,2.8994797799999996,2.8617203985714283,-1.0667,-68691.21,stop_loss,7,80.2,7,-0.978,0.0,0.04,0.014642857142857148,1571153.97
EDGEUSDT,2026-04-16T04:09:59.999000+00:00,2026-04-16T04:19:59.999000+00:00,1.2495498600000001,1.1928828042857145,-1.0183,-63882.06,stop_loss,6,78.4,2,-0.9594,0.0,0.04,0.022471428571428604,1503917.16
PENDLEUSDT,2026-04-16T02:34:59.999000+00:00,2026-04-16T08:04:59.999000+00:00,1.1123224200000001,1.1571113885714284,4.0114,258796.46,vol_trail,1,66.4,66,0.0,5.3735,0.04,0.004414285714285672,1758797.59
DOTUSDT,2026-04-16T04:09:59.999000+00:00,2026-04-16T08:34:59.999000+00:00,1.205241,1.2493929285714287,3.4872,219155.63,vol_trail,1,66.1,53,0.0,5.44,0.04,0.0050000000000000044,1977953.22
ENAUSDT,2026-04-16T03:24:59.999000+00:00,2026-04-16T08:39:59.999000+00:00,0.10141027799999999,0.10301939199999999,1.2138,78055.18,vol_trail,1,63.8,63,-0.0155,2.2524,0.04,0.0005149999999999986,2056008.4
ARBUSDT,2026-04-16T04:39:59.999000+00:00,2026-04-16T08:54:59.999000+00:00,0.11722344,0.11801924857142858,0.7171,43137.73,vol_trail,1,65.8,51,-0.3862,2.3172,0.04,0.00041428571428571626,2099146.13
DYDXUSDT,2026-04-16T05:44:59.999000+00:00,2026-04-16T08:54:59.999000+00:00,0.1070214,0.10737851999999999,0.091,5463.98,vol_trail,3,72.9,38,-0.5895,0.5011,0.04,0.0013571428571428584,2104610.12
HBARUSDT,2026-04-16T09:19:59.999000+00:00,2026-04-16T09:59:59.999000+00:00,0.088607718,0.08807773807142857,-1.1516,-96944.07,stop_loss,1,61.2,8,-0.9502,0.1415,0.04,0.00019785714285714247,2000879.89
ARBUSDT,2026-04-16T12:04:59.999000+00:00,2026-04-16T13:09:59.999000+00:00,0.12002399999999999,0.12154711428571428,1.0964,87504.18,vol_trail,8,81.8,13,-0.2987,2.5387,0.04,0.0005357142857142842,2074208.44
SOLUSDT,2026-04-16T13:09:59.999000+00:00,2026-04-16T13:19:59.999000+00:00,85.627122,85.82568857142857,0.3717,30835.72,vol_trail,5,75.8,2,0.0,1.1618,0.04,0.17214285714285488,2086073.87
DYDXUSDT,2026-04-16T12:04:59.999000+00:00,2026-04-16T13:29:59.999000+00:00,0.11412282,0.114977,0.3566,28417.21,vol_trail,7,79.4,17,-0.1778,1.7333,0.04,0.000899999999999999,2105757.47
PENDLEUSDT,2026-04-16T12:39:59.999000+00:00,2026-04-16T13:34:59.999000+00:00,1.1762352,1.1901690614285716,1.1083,88227.31,vol_trail,2,68.2,11,-0.1241,2.3988,0.04,0.0048357142857142765,2193984.79
ENAUSDT,2026-04-16T13:19:59.999000+00:00,2026-04-16T13:44:59.999000+00:00,0.105581112,0.10422129442857142,-1.0674,-89069.32,stop_loss,6,78.7,5,-0.7588,0.0,0.04,0.000527142857142858,2104915.47
ADAUSDT,2026-04-16T12:04:59.999000+00:00,2026-04-16T13:54:59.999000+00:00,0.24944988,0.24776115214285716,-1.1327,-90657.7,stop_loss,8,80.9,22,-1.0697,2.8944,0.04,0.0006357142857142851,2014257.77
DOTUSDT,2026-04-16T13:14:59.999000+00:00,2026-04-16T13:54:59.999000+00:00,1.2962592,1.2777086928571428,-1.0604,-87538.82,stop_loss,8,81.1,8,-0.998,0.3881,0.04,0.007214285714285744,1926718.95
1000PEPEUSDT,2026-04-16T13:09:59.999000+00:00,2026-04-16T13:54:59.999000+00:00,0.00387037392,0.0038209606550000004,-1.068,-88296.63,stop_loss,3,71.3,9,-2.6736,0.3718,0.04,1.9149999999999957e-05,1838422.32
XRPUSDT,2026-04-16T13:29:59.999000+00:00,2026-04-16T13:54:59.999000+00:00,1.4287857000000002,1.4188590285714286,-1.1291,-94079.65,stop_loss,7,80.5,5,-2.9817,0.1817,0.04,0.003742857142857143,1744342.68
SEIUSDT,2026-04-16T13:14:59.999000+00:00,2026-04-16T13:54:59.999000+00:00,0.057581514,0.05719427314285714,-1.1337,-93464.06,stop_loss,3,71.1,8,-2.8549,0.4118,0.04,0.00014571428571428672,1650878.62
XLMUSDT,2026-04-16T15:54:59.999000+00:00,2026-04-16T15:59:59.999000+00:00,0.16339267200000002,0.16377438142857143,0.1851,12221.19,vol_trail,3,70.7,1,0.0,0.5768,0.04,0.0006657142857142874,1660182.43
BNBUSDT,2026-04-16T16:19:59.999000+00:00,2026-04-16T16:54:59.999000+00:00,628.295634,624.1772824285714,-1.1374,-75530.47,stop_loss,2,69.4,7,-0.7886,0.0,0.04,1.5471428571428467,1579797.71
SOLUSDT,2026-04-16T18:19:59.999000+00:00,2026-04-16T18:49:59.999000+00:00,87.537504,88.07166785714287,0.5409,34143.95,vol_trail,9,85.0,6,-0.3828,0.9406,0.04,0.36571428571428705,1607870.63
ARBUSDT,2026-04-16T18:49:59.999000+00:00,2026-04-16T20:19:59.999000+00:00,0.12692538,0.13181291785714286,2.2532,141986.35,vol_trail,9,82.8,18,0.0,2.8467,0.04,0.0008571428571428589,1748743.27
PENDLEUSDT,2026-04-16T18:19:59.999000+00:00,2026-04-16T20:34:59.999000+00:00,1.2334466400000001,1.2748592628571427,1.9464,122994.6,vol_trail,1,53.8,27,0.0,3.2647,0.04,0.008392857142857138,1871737.87
DYDXUSDT,2026-04-16T19:04:59.999000+00:00,2026-04-16T20:34:59.999000+00:00,0.12712542,0.13095951714285717,1.1428,73495.94,vol_trail,2,69.2,18,0.0,2.9059,0.04,0.0013214285714285717,1945233.82
DEXEUSDT,2026-04-17T00:09:59.999000+00:00,2026-04-17T03:04:59.999000+00:00,11.180235600000001,11.180513450000001,-0.0411,-3196.3,vol_trail,7,80.8,35,-0.7086,0.4753,0.04,0.04628571428571439,1938654.47
ARBUSDT,2026-04-17T06:14:59.999000+00:00,2026-04-17T06:29:59.999000+00:00,0.130026,0.13063101142857142,0.3254,25234.47,vol_trail,9,83.3,3,0.0,0.9532,0.04,0.0006714285714285688,1961185.83
PENDLEUSDT,2026-04-17T06:59:59.999000+00:00,2026-04-17T09:19:59.999000+00:00,1.27845564,1.3109163357142857,2.0121,157846.84,vol_trail,2,68.2,28,0.0,3.8007,0.04,0.00633571428571427,2110382.08
XLMUSDT,2026-04-17T08:34:59.999000+00:00,2026-04-17T10:29:59.999000+00:00,0.16751349599999998,0.1680206748571429,0.424,33213.24,vol_trail,2,69.0,23,-0.1179,2.0042,0.04,0.00040714285714285196,2135270.47
DEXEUSDT,2026-04-17T10:19:59.999000+00:00,2026-04-17T10:34:59.999000+00:00,12.1034202,11.88201597857143,-1.0468,-88206.84,stop_loss,9,83.8,3,-0.8956,0.0,0.04,0.08664285714285722,2047063.63
ETHUSDT,2026-04-17T09:34:59.999000+00:00,2026-04-17T12:29:59.999000+00:00,2354.340774,2354.8232268571423,-0.0249,-2104.15,vol_trail,3,72.2,35,-0.697,0.2043,0.04,9.262857142857131,2042334.03
PENDLEUSDT,2026-04-17T12:44:59.999000+00:00,2026-04-17T12:59:59.999000+00:00,1.36197234,1.3655839714285714,0.1158,9456.07,vol_trail,3,72.5,3,0.0,0.8651,0.04,0.010357142857142843,2049856.4
MEGAUSDT,2026-04-17T10:24:59.999000+00:00,2026-04-17T13:09:59.999000+00:00,0.14177835,0.16356870828571426,9.4789,797893.27,vol_trail,2,67.5,33,-0.742,7.8217,0.04,0.000916428571428572,2847749.68
SOLUSDT,2026-04-17T13:14:59.999000+00:00,2026-04-17T13:34:59.999000+00:00,89.777952,88.86008157142858,-1.0858,-123686.92,stop_loss,7,79.0,4,-0.4421,0.6688,0.04,0.3528571428571427,2718845.95
ARBUSDT,2026-04-17T11:24:59.999000+00:00,2026-04-17T13:59:59.999000+00:00,0.13232646,0.13358756285714285,0.6467,52952.3,vol_trail,1,64.8,31,0.0,2.1538,0.04,0.0007428571428571423,2771798.25
XLMUSDT,2026-04-17T14:44:59.999000+00:00,2026-04-17T17:24:59.999000+00:00,0.174804954,0.17493714842857144,0.0307,3405.16,vol_trail,1,61.1,32,-0.6146,1.1774,0.04,0.0006964285714285741,2770194.17
PENDLEUSDT,2026-04-17T22:34:59.999000+00:00,2026-04-17T23:24:59.999000+00:00,1.4652930000000002,1.436123432142857,-1.0429,-115561.64,stop_loss,2,70.4,10,-1.0738,0.4057,0.04,0.011435714285714311,2652076.87
XLMUSDT,2026-04-18T04:09:59.999000+00:00,2026-04-18T04:14:59.999000+00:00,0.175955184,0.17451901778571427,-1.1088,-117624.9,stop_loss,9,83.4,1,-0.7906,0.0,0.04,0.0005464285714285648,2528303.22
CHZUSDT,2026-04-20T00:59:59.999000+00:00,2026-04-20T03:19:59.999000+00:00,0.042018401999999996,0.04289142,1.3354,135054.17,vol_trail,6,78.4,28,-0.7039,2.0961,0.04,0.0002557142857142857,2660366.18
DYDXUSDT,2026-04-20T03:54:59.999000+00:00,2026-04-20T04:19:59.999000+00:00,0.13892778,0.13633701285714286,-1.0459,-111299.72,stop_loss,8,82.1,5,-0.9859,0.0,0.04,0.0010142857142857176,2546442.83
1000PEPEUSDT,2026-04-20T04:49:59.999000+00:00,2026-04-20T05:09:59.999000+00:00,0.0037275453600000004,0.0036998098900000004,-1.12,-114082.13,stop_loss,1,65.4,4,-0.941,0.1105,0.04,1.0499999999999938e-05,2425851.92
TONUSDT,2026-04-20T12:24:59.999000+00:00,2026-04-20T13:09:59.999000+00:00,1.30666128,1.310123637142857,0.4313,41851.31,vol_trail,3,72.7,9,-0.4054,1.4413,0.04,0.0026642857142857063,2459137.21
ADAUSDT,2026-04-20T14:24:59.999000+00:00,2026-04-20T14:44:59.999000+00:00,0.2490498,0.24686133214285716,-1.1006,-108265.18,stop_loss,3,71.4,4,-0.7658,0.0,0.04,0.0008357142857142869,2345595.56
CHZUSDT,2026-04-20T17:34:59.999000+00:00,2026-04-20T19:09:59.999000+00:00,0.045639125999999995,0.04659353657142857,1.0497,98482.67,vol_trail,3,72.4,19,-0.2474,1.8442,0.04,0.0003557142857142856,2437216.28
FILUSDT,2026-04-20T18:09:59.999000+00:00,2026-04-20T19:49:59.999000+00:00,0.9341868000000001,0.9254220214285714,-1.0939,-102542.11,stop_loss,3,71.7,20,-1.0723,0.0,0.04,0.00335714285714286,2334674.18
TONUSDT,2026-04-20T20:49:59.999000+00:00,2026-04-20T21:14:59.999000+00:00,1.34866968,1.3401140664285713,-1.1423,-106674.38,stop_loss,7,79.0,5,-0.7608,0.0,0.04,0.0032071428571428845,2220930.99
SAPIENUSDT,2026-04-21T22:39:59.999000+00:00,2026-04-21T23:19:59.999000+00:00,0.088097616,0.08837946342857142,0.2897,25732.98,vol_trail,6,77.5,8,-0.0838,1.065,0.04,0.0003342857142857155,2242449.79
ETHUSDT,2026-04-22T02:29:59.999000+00:00,2026-04-22T03:39:59.999000+00:00,2354.7108479999997,2357.314871285714,0.0836,7493.06,vol_trail,8,82.0,14,-0.1886,1.0502,0.04,7.3814285714285495,2242351.64
RUNEUSDT,2026-04-22T00:39:59.999000+00:00,2026-04-22T08:24:59.999000+00:00,0.46969392000000004,0.4984645728571429,3.6834,330393.51,vol_trail,2,68.9,93,-0.8903,5.1097,0.04,0.0031000000000000034,2572745.15
IRYSUSDT,2026-04-22T15:39:59.999000+00:00,2026-04-22T16:29:59.999000+00:00,0.035007,0.035791411714285716,0.8274,84987.38,vol_trail,3,71.8,10,-0.3877,1.6369,0.04,0.00037142857142857214,2651131.14
ETHUSDT,2026-04-22T15:39:59.999000+00:00,2026-04-22T16:54:59.999000+00:00,2409.0617159999997,2385.142161857143,-1.0885,-112017.91,stop_loss,3,73.0,15,-1.0191,0.0993,0.04,9.184285714285547,2536252.63
RUNEUSDT,2026-04-22T16:34:59.999000+00:00,2026-04-22T17:44:59.999000+00:00,0.49989996000000003,0.49136242214285714,-1.0503,-111378.04,stop_loss,2,69.6,14,-0.8994,0.5636,0.04,0.003335714285714283,2424874.59
RUNEUSDT,2026-04-24T06:09:59.999000+00:00,2026-04-24T06:29:59.999000+00:00,0.47779554,0.47478359571428574,-1.1432,-110889.47,stop_loss,2,68.3,4,-1.2405,0.2481,0.04,0.0011285714285714193,2306593.58
DYDXUSDT,2026-04-25T01:54:59.999000+00:00,2026-04-25T03:34:59.999000+00:00,0.17143428,0.17211557,0.1127,10399.64,vol_trail,1,55.0,20,-0.0747,1.1573,0.04,0.002142857142857143,2315664.58
DYDXUSDT,2026-04-25T22:29:59.999000+00:00,2026-04-25T23:04:59.999000+00:00,0.16283256,0.16132130071428571,-1.095,-101427.04,stop_loss,7,79.0,7,-1.1062,0.0,0.04,0.0005785714285714283,2209545.16
AVNTUSDT,2026-04-26T00:34:59.999000+00:00,2026-04-26T01:39:59.999000+00:00,0.14752949999999998,0.14869168428571428,0.7667,67761.55,vol_trail,2,67.4,13,0.0,2.45,0.04,0.000571428571428568,2273199.45
LDOUSDT,2026-04-26T06:39:59.999000+00:00,2026-04-26T07:19:59.999000+00:00,0.37477494,0.37901703857142854,1.5725,142801.21,vol_trail,2,70.2,8,-0.309,2.9738,0.04,0.0010357142857142906,2407237.47
AVNTUSDT,2026-04-26T05:04:59.999000+00:00,2026-04-26T07:29:59.999000+00:00,0.15413081999999997,0.1542905642857143,0.0408,3708.66,vol_trail,2,69.8,29,-0.4065,1.6258,0.04,0.0008857142857142833,2410946.12
LDOUSDT,2026-04-26T13:34:59.999000+00:00,2026-04-26T13:59:59.999000+00:00,0.40178034,0.3863191492857143,-1.0217,-98526.61,stop_loss,1,65.4,5,-0.9736,0.281,0.04,0.006121428571428571,2311280.17
AVNTUSDT,2026-04-26T16:54:59.999000+00:00,2026-04-26T17:59:59.999000+00:00,0.1625325,0.16747364142857143,1.8166,167540.14,vol_trail,1,64.3,13,-0.1867,3.3973,0.04,0.0010714285714285743,2470758.9
RUNEUSDT,2026-04-26T15:24:59.999000+00:00,2026-04-26T19:09:59.999000+00:00,0.49249848,0.5066058014285715,3.7548,347135.76,vol_trail,8,81.3,45,-0.1082,4.8696,0.04,0.0014785714285714205,2816018.73
AVNTUSDT,2026-04-26T23:19:59.999000+00:00,2026-04-27T00:04:59.999000+00:00,0.17693538,0.17086582,-1.0244,-115390.11,stop_loss,6,77.2,9,-0.8167,0.25,0.04,0.0024000000000000015,2699133.85
1000LUNCUSDT,2026-04-26T18:49:59.999000+00:00,2026-04-27T00:09:59.999000+00:00,0.05506101,0.060133685142857135,3.8653,382010.34,vol_trail,1,63.9,64,-0.3524,5.2016,0.04,0.0005221428571428559,3081144.19
1000LUNCUSDT,2026-04-27T03:09:59.999000+00:00,2026-04-27T03:44:59.999000+00:00,0.064602918,0.06235788307142857,-1.0241,-126213.75,stop_loss,1,66.2,7,-0.9461,0.0,0.04,0.0008878571428571426,2953316.25
RUNEUSDT,2026-04-29T01:04:59.999000+00:00,2026-04-29T02:04:59.999000+00:00,0.5126025,0.5178535514285715,1.4636,172897.57,vol_trail,6,78.7,12,-0.6417,3.0042,0.04,0.0013714285714285632,3118265.97
RUNEUSDT,2026-04-29T23:09:59.999000+00:00,2026-04-30T00:34:59.999000+00:00,0.4965993,0.49760045999999997,0.4226,52708.3,vol_trail,3,70.8,17,-0.6524,0.7612,0.04,0.0007357142857142721,3155819.73
TAGUSDT,2026-04-30T00:39:59.999000+00:00,2026-04-30T02:14:59.999000+00:00,0.0005469093599999999,0.0005411381792857142,-1.083,-136714.09,stop_loss,1,64.9,19,-1.6566,0.1981,0.04,2.221428571428575e-06,3013511.58
ZECUSDT,2026-04-30T16:44:59.999000+00:00,2026-04-30T16:54:59.999000+00:00,339.177822,340.18980557142856,0.3426,41294.81,vol_trail,1,65.1,2,0.0,1.2524,0.04,1.0028571428571564,3047468.11
ZECUSDT,2026-04-30T20:39:59.999000+00:00,2026-04-30T21:49:59.999000+00:00,354.62091000000004,349.17836464285716,-1.0562,-128747.81,stop_loss,1,60.3,14,-0.9223,0.2641,0.04,2.1207142857142895,2915051.25
PENDLEUSDT,2026-05-01T00:14:59.999000+00:00,2026-05-01T00:59:59.999000+00:00,1.44788952,1.4179056478571428,-1.0412,-121404.05,stop_loss,2,69.1,9,-1.4927,0.391,0.04,0.011764285714285718,2791064.06
SOLUSDT,2026-05-01T02:49:59.999000+00:00,2026-05-01T03:19:59.999000+00:00,83.71674,83.76610057142857,0.0416,4645.51,vol_trail,6,78.7,6,-0.6064,1.3197,0.04,0.11214285714285767,2780707.78
XVGUSDT,2026-05-01T03:24:59.999000+00:00,2026-05-01T04:59:59.999000+00:00,0.003095619,0.0030686718571428574,-1.1016,-122534.25,stop_loss,3,73.1,19,-0.9722,0.0389,0.04,1.0285714285714258e-05,2652147.93
TAOUSDT,2026-05-01T08:39:59.999000+00:00,2026-05-01T11:34:59.999000+00:00,259.421874,263.0459517142857,1.6346,173411.69,vol_trail,5,77.1,35,-0.6854,2.4107,0.04,0.8578571428571442,2819785.02
ETHUSDT,2026-05-01T12:29:59.999000+00:00,2026-05-01T13:44:59.999000+00:00,2304.4608,2305.178872,-0.0277,-3107.71,vol_trail,6,77.6,15,-0.3425,0.606,0.04,4.613571428571471,2768116.34
SOLUSDT,2026-05-01T12:24:59.999000+00:00,2026-05-01T13:54:59.999000+00:00,84.33686399999999,84.34277092857144,-0.097,-10941.68,vol_trail,7,80.1,18,-0.2422,0.9989,0.04,0.13214285714285776,2757174.66
RUNEUSDT,2026-05-01T13:04:59.999000+00:00,2026-05-01T14:34:59.999000+00:00,0.50840166,0.5097480300000001,0.34,38030.14,vol_trail,2,69.9,18,-0.1522,1.5522,0.04,0.0013142857142857043,2795204.81
1000PEPEUSDT,2026-05-01T13:04:59.999000+00:00,2026-05-01T15:49:59.999000+00:00,0.003970794,0.003997686017142857,0.8095,90300.81,vol_trail,3,72.8,33,-0.3903,1.6129,0.04,1.2400000000000085e-05,2881731.45
XRPUSDT,2026-05-01T13:34:59.999000+00:00,2026-05-01T15:54:59.999000+00:00,1.39267848,1.393396265,0.0147,1634.89,vol_trail,8,81.7,28,-0.4694,0.9064,0.04,0.002471428571428569,2883366.33
TAOUSDT,2026-05-01T14:59:59.999000+00:00,2026-05-01T16:29:59.999000+00:00,266.56330199999996,270.18023885714285,0.9836,109976.52,vol_trail,2,68.3,18,-0.0507,2.2991,0.04,1.421428571428574,2993342.85
1000LUNCUSDT,2026-05-02T05:04:59.999000+00:00,2026-05-02T05:49:59.999000+00:00,0.07167433200000001,0.07058695121428571,-1.0569,-126542.41,stop_loss,1,65.4,9,-1.0388,0.2455,0.04,0.0004235714285714289,2863153.52
TAOUSDT,2026-05-02T06:54:59.999000+00:00,2026-05-02T06:59:59.999000+00:00,275.365062,275.93480199999993,0.2361,27035.41,vol_trail,9,84.5,1,0.0,0.943,0.04,0.7550000000000036,2882670.29
TAOUSDT,2026-05-02T18:34:59.999000+00:00,2026-05-02T18:49:59.999000+00:00,280.486086,283.18692271428574,1.1232,129516.19,vol_trail,1,64.3,3,0.0,2.7193,0.04,0.9164285714285663,3005834.05
TAOUSDT,2026-05-03T05:04:59.999000+00:00,2026-05-03T05:44:59.999000+00:00,287.567502,288.38945342857136,0.34,40881.31,vol_trail,3,71.4,8,-0.2751,1.2281,0.04,0.8142857142857167,3039072.42
TAOUSDT,2026-05-03T15:14:59.999000+00:00,2026-05-03T17:44:59.999000+00:00,290.288046,287.86170185714286,-1.1061,-134460.76,stop_loss,5,76.9,30,-0.8439,0.4198,0.04,0.9242857142857182,2897739.45
DASHUSDT,2026-05-04T00:44:59.999000+00:00,2026-05-04T00:54:59.999000+00:00,39.66793199999999,40.66757914285714,1.4773,171232.77,vol_trail,2,67.1,2,0.0,2.6946,0.04,0.2657142857142851,3065857.52
ETHUSDT,2026-05-04T01:59:59.999000+00:00,2026-05-04T03:39:59.999000+00:00,2350.950096,2376.030413142857,1.24,152062.66,vol_trail,6,77.8,20,0.0,1.7222,0.04,7.745714285714322,3193400.78
TONUSDT,2026-05-04T02:29:59.999000+00:00,2026-05-04T04:04:59.999000+00:00,1.3748749200000001,1.3661481442857142,-1.1422,-139766.47,stop_loss,2,67.4,19,-0.9537,0.379,0.04,0.003271428571428608,3052155.04
BNBUSDT,2026-05-04T02:44:59.999000+00:00,2026-05-04T04:09:59.999000+00:00,626.685312,629.4940759999998,0.6286,76682.66,vol_trail,2,67.7,17,-0.5028,1.5307,0.04,1.607142857142849,3128837.7
DASHUSDT,2026-05-04T03:59:59.999000+00:00,2026-05-04T04:14:59.999000+00:00,47.60952,47.77829957142857,0.0796,10169.12,vol_trail,1,58.1,3,0.0,1.2541,0.04,0.740000000000001,3139006.82
FOGOUSDT,2026-05-04T08:49:59.999000+00:00,2026-05-04T10:09:59.999000+00:00,0.019523903999999998,0.019551803142857146,0.0938,11781.15,vol_trail,6,77.3,16,-0.2947,0.786,0.04,8.142857142857134e-05,3145369.03
ETHUSDT,2026-05-04T14:54:59.999000+00:00,2026-05-04T15:19:59.999000+00:00,2377.015308,2354.6600452142857,-1.0937,-137434.27,stop_loss,7,79.2,5,-1.4279,0.0,0.04,8.563571428571484,2997797.16
FOGOUSDT,2026-05-04T13:14:59.999000+00:00,2026-05-04T15:34:59.999000+00:00,0.020084016,0.019781400071428572,-1.0573,-133020.39,stop_loss,1,62.9,28,-1.2897,0.6788,0.04,0.000117857142857143,2864776.77
DASHUSDT,2026-05-04T21:29:59.999000+00:00,2026-05-04T23:04:59.999000+00:00,48.929784000000005,49.24086414285715,0.2386,27345.72,vol_trail,1,63.0,19,0.0,1.5032,0.04,0.4842857142857149,2890038.51
MUSDT,2026-05-05T05:04:59.999000+00:00,2026-05-05T05:09:59.999000+00:00,2.69723934,2.7000420264285716,0.0437,5055.61,vol_trail,8,81.2,1,0.0,1.201,0.04,0.014521428571428479,2891229.15
TAGUSDT,2026-05-05T05:29:59.999000+00:00,2026-05-05T08:04:59.999000+00:00,0.00141708336,0.0014816036199999999,0.8743,101109.55,vol_trail,6,77.8,31,-0.7517,1.7088,0.04,2.9214285714285705e-05,2991328.95
MUSDT,2026-05-05T16:19:59.999000+00:00,2026-05-05T16:54:59.999000+00:00,3.5082014999999998,3.3583460535714282,-1.0194,-121977.66,stop_loss,7,79.5,7,-1.0587,0.0,0.04,0.05939285714285715,2868079.12
WIFUSDT,2026-05-06T00:54:59.999000+00:00,2026-05-06T03:09:59.999000+00:00,0.20134026,0.21514267714285715,7.8318,898485.8,vol_trail,3,71.5,27,-0.0571,10.0571,0.04,0.0007000000000000002,3760625.33
WLDUSDT,2026-05-06T03:24:59.999000+00:00,2026-05-06T05:19:59.999000+00:00,0.25085016000000004,0.2508283957142857,-0.0594,-8930.36,vol_trail,1,64.4,23,-0.2205,1.1465,0.04,0.0009071428571428623,3744207.56
DASHUSDT,2026-05-06T07:09:59.999000+00:00,2026-05-06T08:04:59.999000+00:00,52.46049,53.577853714285716,0.5127,76650.93,vol_trail,9,83.6,11,-0.7832,1.1256,0.04,0.8528571428571422,3790442.45
BNBUSDT,2026-05-06T07:44:59.999000+00:00,2026-05-06T08:34:59.999000+00:00,639.987972,641.491676,0.6158,92009.81,vol_trail,7,79.4,10,-0.8058,1.9157,0.04,0.7892857142857436,3882452.26
ADAUSDT,2026-05-06T08:49:59.999000+00:00,2026-05-06T08:54:59.999000+00:00,0.26975393999999997,0.26984601999999996,-0.0123,-1901.23,vol_trail,3,72.6,1,0.0,0.9194,0.04,0.0009571428571428588,3865239.14
WLDUSDT,2026-05-06T08:44:59.999000+00:00,2026-05-06T11:24:59.999000+00:00,0.25695138,0.2595409385714286,1.0257,159295.4,vol_trail,1,59.9,32,0.0,1.9496,0.04,0.0009642857142857152,4021322.97
SOLUSDT,2026-05-06T11:24:59.999000+00:00,2026-05-06T11:44:59.999000+00:00,89.957988,89.45246307142857,-1.1621,-186929.43,stop_loss,3,72.5,4,-0.9795,0.0,0.04,0.18785714285714356,3820528.75
ICPUSDT,2026-05-06T09:14:59.999000+00:00,2026-05-06T12:14:59.999000+00:00,2.835567,2.8349328999999996,-0.0311,-4806.83,vol_trail,2,68.2,36,-0.5047,0.6837,0.04,0.024571428571428595,3815721.92
NEARUSDT,2026-05-06T07:09:59.999000+00:00,2026-05-06T13:09:59.999000+00:00,1.3262652000000001,1.4696345857142858,11.0995,1662355.52,vol_trail,1,63.6,72,-0.1556,13.3,0.04,0.005142857142857163,5478077.44
ICPUSDT,2026-05-06T15:49:59.999000+00:00,2026-05-06T16:24:59.999000+00:00,2.9285856,2.933127542857143,0.047,10296.16,vol_trail,5,76.8,7,-0.3646,0.7583,0.04,0.02742857142857142,5479429.27
ADAUSDT,2026-05-06T21:49:59.999000+00:00,2026-05-06T22:24:59.999000+00:00,0.2680536,0.26637528571428576,-1.1443,-250592.9,stop_loss,2,69.7,7,-1.1455,0.3182,0.04,0.0006285714285714228,5207412.56
NEARUSDT,2026-05-06T16:14:59.999000+00:00,2026-05-06T22:54:59.999000+00:00,1.5183036,1.4860955785714287,-1.0402,-227749.8,stop_loss,1,58.7,80,-0.9492,0.7593,0.04,0.012642857142857131,4979662.77
ICPUSDT,2026-05-06T21:39:59.999000+00:00,2026-05-06T23:04:59.999000+00:00,3.040608,3.0461049428571427,0.0635,13913.35,vol_trail,9,83.6,17,-0.2769,0.7077,0.04,0.026000000000000086,4993576.12
DYDXUSDT,2026-05-07T05:54:59.999000+00:00,2026-05-07T07:59:59.999000+00:00,0.15173034,0.15173393285714284,-0.0272,-5440.36,vol_trail,7,79.0,25,-0.6316,0.4632,0.04,0.0009499999999999985,4982393.36
DYDXUSDT,2026-05-07T16:49:59.999000+00:00,2026-05-07T20:49:59.999000+00:00,0.17573513999999998,0.19080468857142857,2.017,401986.42,vol_trail,1,62.2,48,-0.2558,2.9077,0.04,0.0029714285714285654,5382258.18
1000LUNCUSDT,2026-05-08T00:09:59.999000+00:00,2026-05-08T00:39:59.999000+00:00,0.09191838,0.09059080678571428,-1.0598,-227908.45,stop_loss,9,84.2,6,-1.0302,0.4183,0.04,0.0005164285714285745,5121889.48
ICPUSDT,2026-05-08T00:09:59.999000+00:00,2026-05-08T00:44:59.999000+00:00,3.0766152,3.029322585714286,-1.0561,-226810.46,stop_loss,1,66.7,7,-1.0636,0.2605,0.04,0.0184285714285714,4895079.02
WIFUSDT,2026-05-08T00:14:59.999000+00:00,2026-05-08T00:49:59.999000+00:00,0.22074414,0.21899547785714288,-1.1123,-238593.76,stop_loss,1,66.0,7,-0.9032,0.4817,0.04,0.0006642857142857105,4656485.27
FILUSDT,2026-05-08T00:04:59.999000+00:00,2026-05-08T02:04:59.999000+00:00,1.0892178,1.0933884214285714,0.2192,47180.97,vol_trail,7,79.4,24,-0.2383,1.2511,0.04,0.006714285714285736,4694582.75
PENDLEUSDT,2026-05-08T03:09:59.999000+00:00,2026-05-08T04:49:59.999000+00:00,1.9078815,1.9252577285714287,0.5676,106577.96,vol_trail,2,67.5,20,-0.1822,1.4335,0.04,0.01163571428571424,4795618.44
ARBUSDT,2026-05-08T00:59:59.999000+00:00,2026-05-08T04:49:59.999000+00:00,0.12772554,0.12836003714285715,0.4894,91146.23,vol_trail,2,69.8,46,-0.5939,1.9515,0.04,0.0004714285714285691,4886764.67
ENAUSDT,2026-05-08T05:34:59.999000+00:00,2026-05-08T06:04:59.999000+00:00,0.120504096,0.11912938364285715,-1.0765,-210429.35,stop_loss,5,77.2,6,-0.8517,0.3542,0.04,0.0005307142857142852,4668346.27
NEARUSDT,2026-05-08T07:19:59.999000+00:00,2026-05-08T07:34:59.999000+00:00,1.4952990000000002,1.4995571714285714,0.264,49304.8,vol_trail,3,71.9,3,0.0,1.1053,0.04,0.005428571428571434,4708392.63
CRVUSDT,2026-05-08T07:49:59.999000+00:00,2026-05-08T09:34:59.999000+00:00,0.24364872,0.24529378857142856,0.6767,127449.05,vol_trail,3,70.7,21,-0.3969,1.2346,0.04,0.0009071428571428583,4790075.63
ARBUSDT,2026-05-08T09:09:59.999000+00:00,2026-05-08T09:39:59.999000+00:00,0.1330266,0.13351614857142854,0.2335,43796.92,vol_trail,7,80.1,6,0.0,1.1417,0.04,0.000735714285714288,4833872.55
1000BONKUSDT,2026-05-08T08:39:59.999000+00:00,2026-05-08T09:44:59.999000+00:00,0.0069053808,0.006908975071428571,0.0083,1566.8,vol_trail,2,69.4,13,-0.1546,1.1681,0.04,2.3285714285714277e-05,4835439.35
FILUSDT,2026-05-08T12:44:59.999000+00:00,2026-05-08T12:54:59.999000+00:00,1.1172234,1.0971376714285714,-1.0477,-202418.97,stop_loss,9,83.2,2,-1.3745,0.0,0.04,0.007857142857142849,4622804.91
RUNEUSDT,2026-05-08T09:09:59.999000+00:00,2026-05-08T13:04:59.999000+00:00,0.56081214,0.5961021842857143,15.2033,2847965.45,vol_trail,2,70.4,47,0.0,19.8822,0.04,0.000921428571428581,7470770.36
PENDLEUSDT,2026-05-08T10:49:59.999000+00:00,2026-05-08T13:14:59.999000+00:00,2.0415082200000003,2.0513896399999996,0.2657,51393.4,vol_trail,5,76.8,29,-0.5042,1.3733,0.04,0.013485714285714243,7522163.75
NEARUSDT,2026-05-08T15:44:59.999000+00:00,2026-05-08T16:09:59.999000+00:00,1.5853169999999999,1.5623660357142857,-1.0597,-318301.82,stop_loss,2,67.6,5,-0.7616,0.0,0.04,0.008928571428571428,7157521.24
ARBUSDT,2026-05-08T15:59:59.999000+00:00,2026-05-08T17:34:59.999000+00:00,0.13782756000000002,0.13989344428571426,0.8247,246875.65,vol_trail,1,59.2,19,-0.7824,1.9765,0.04,0.0009714285714285695,7378982.19
SOLUSDT,2026-05-08T17:29:59.999000+00:00,2026-05-08T17:34:59.999000+00:00,90.288054,90.95287721428572,1.0398,297451.12,vol_trail,8,81.1,1,0.0,2.1833,0.04,0.23999999999999894,7676433.31
PENDLEUSDT,2026-05-08T16:19:59.999000+00:00,2026-05-08T19:04:59.999000+00:00,2.1152229599999997,2.0692967721428572,-1.0392,-297527.56,stop_loss,3,72.7,33,-0.9226,0.244,0.04,0.018035714285714283,7368822.15
1000BONKUSDT,2026-05-08T18:24:59.999000+00:00,2026-05-08T19:39:59.999000+00:00,0.007206440999999999,0.007255548600000001,0.4642,142544.89,vol_trail,1,65.7,15,-0.3038,1.6101,0.04,3.950000000000004e-05,7511367.03
ADAUSDT,2026-05-08T15:59:59.999000+00:00,2026-05-08T19:44:59.999000+00:00,0.2695539,0.2711171942857143,0.6406,192162.99,vol_trail,1,61.8,45,-0.7111,1.3778,0.04,0.000900000000000004,7703530.02
CRVUSDT,2026-05-08T14:19:59.999000+00:00,2026-05-08T20:09:59.999000+00:00,0.24884976,0.2555274557142857,2.5172,757392.59,vol_trail,1,64.2,70,-0.0767,3.2986,0.04,0.001042857142857137,8460922.61
MITOUSDT,2026-05-09T01:04:59.999000+00:00,2026-05-09T03:39:59.999000+00:00,0.060522102,0.061504839428571434,1.5369,520136.42,vol_trail,2,68.7,31,-0.1931,3.2345,0.04,0.00024857142857142737,8966226.58
MITOUSDT,2026-05-09T06:44:59.999000+00:00,2026-05-09T07:29:59.999000+00:00,0.063972792,0.06286171085714286,-1.0494,-376373.05,stop_loss,5,77.0,9,-0.8382,0.7368,0.04,0.0004342857142857149,8580343.94
QUSDT,2026-05-09T13:04:59.999000+00:00,2026-05-09T16:59:59.999000+00:00,0.0145649124,0.01535478557142857,1.2676,435054.51,vol_trail,8,81.5,47,-0.5472,2.069,0.04,0.0002470714285714285,9011756.6
TRUTHUSDT,2026-05-10T00:39:59.999000+00:00,2026-05-10T01:09:59.999000+00:00,0.011667333,0.011213649678571429,-1.0214,-368193.5,stop_loss,1,66.2,6,-1.739,0.3963,0.04,0.0001796428571428569,8639349.01
XRPUSDT,2026-05-10T02:34:59.999000+00:00,2026-05-10T06:19:59.999000+00:00,1.41698334,1.4164345135714285,-0.2526,-87284.93,vol_trail,7,80.1,45,-0.3833,0.4471,0.04,0.0018785714285714436,8505144.89
QUSDT,2026-05-10T07:19:59.999000+00:00,2026-05-10T07:29:59.999000+00:00,0.0181166226,0.017034056792857143,-1.0137,-344854.15,stop_loss,8,81.7,2,-0.9112,0.2231,0.04,0.0004302142857142855,8111579.27
ARBUSDT,2026-05-10T07:24:59.999000+00:00,2026-05-10T08:24:59.999000+00:00,0.1410282,0.14175735714285714,0.6654,226292.85,vol_trail,5,76.9,12,-0.3,1.6,0.04,0.0004000000000000055,8252974.48
HBARUSDT,2026-05-10T07:24:59.999000+00:00,2026-05-10T09:34:59.999000+00:00,0.094188834,0.09416544885714287,-0.1123,-38087.24,vol_trail,5,77.0,26,-0.3244,0.3756,0.04,0.00023428571428571566,8133631.87
1000PEPEUSDT,2026-05-10T08:09:59.999000+00:00,2026-05-10T09:39:59.999000+00:00,0.00426245232,0.004261222585,-0.1339,-43393.04,vol_trail,7,80.8,18,-0.1489,0.7404,0.04,9.400000000000057e-06,8090238.83
ETHUSDT,2026-05-10T09:04:59.999000+00:00,2026-05-10T09:39:59.999000+00:00,2332.4664,2327.2701671428567,-1.4641,-483339.87,stop_loss,8,81.9,7,-1.0248,0.0,0.04,1.705714285714326,7606898.96
XLMUSDT,2026-05-10T08:09:59.999000+00:00,2026-05-10T10:04:59.999000+00:00,0.162952584,0.16204115671428573,-1.1629,-375568.35,stop_loss,3,72.9,23,-1.2405,0.319,0.04,0.0003385714285714262,7231330.61
APTUSDT,2026-05-10T08:09:59.999000+00:00,2026-05-10T10:04:59.999000+00:00,1.1047209,1.107292782857143,0.2465,79344.41,vol_trail,2,69.7,23,-0.0357,1.2008,0.04,0.0033642857142857246,7310675.02
ENAUSDT,2026-05-10T08:09:59.999000+00:00,2026-05-10T10:09:59.999000+00:00,0.13067613,0.12895813178571428,-1.066,-345877.2,stop_loss,2,69.5,24,-0.9003,0.5582,0.04,0.0006664285714285718,6964797.82
SEIUSDT,2026-05-10T11:04:59.999000+00:00,2026-05-10T11:44:59.999000+00:00,0.068993796,0.06840917257142858,-1.1046,-307726.4,stop_loss,6,77.8,8,-0.8795,0.4128,0.04,0.0002228571428571427,6641546.67
1000BONKUSDT,2026-05-10T13:24:59.999000+00:00,2026-05-10T14:24:59.999000+00:00,0.0073434684,0.007286256742857143,-1.1143,-296026.53,stop_loss,6,78.6,12,-0.8842,0.0,0.04,2.1714285714285685e-05,6278677.87
HBARUSDT,2026-05-10T13:54:59.999000+00:00,2026-05-10T14:29:59.999000+00:00,0.09571914,0.09494886357142858,-1.1104,-292722.42,stop_loss,2,69.7,7,-0.9698,0.0,0.04,0.0002928571428571413,5985955.45
XRPUSDT,2026-05-10T13:29:59.999000+00:00,2026-05-10T16:14:59.999000+00:00,1.43208636,1.4472105000000002,2.9797,789668.82,vol_trail,8,82.2,33,-0.3088,3.9324,0.04,0.0019428571428571192,6737444.52
1000PEPEUSDT,2026-05-10T15:49:59.999000+00:00,2026-05-10T16:29:59.999000+00:00,0.0043090616399999995,0.004322046132142858,0.3986,95438.13,vol_trail,7,79.4,8,-0.0289,1.419,0.04,1.107857142857143e-05,6832882.65
RUNEUSDT,2026-05-10T16:14:59.999000+00:00,2026-05-10T17:19:59.999000+00:00,0.6144228599999999,0.6072499542857143,-1.0747,-256092.88,stop_loss,3,71.0,13,-0.8082,0.0866,0.04,0.0027714285714285597,6548518.86
APTUSDT,2026-05-10T15:59:59.999000+00:00,2026-05-10T17:39:59.999000+00:00,1.12402476,1.1744364942857142,4.9181,1174275.13,vol_trail,2,67.3,20,0.0,7.5718,0.04,0.0040571428571428226,7722793.99
ADAUSDT,2026-05-10T16:49:59.999000+00:00,2026-05-10T19:04:59.999000+00:00,0.28485696,0.28519295,0.0497,13582.34,vol_trail,1,64.4,27,-0.0718,0.6701,0.04,0.0016714285714285618,7736376.33
SOLUSDT,2026-05-10T17:04:59.999000+00:00,2026-05-10T19:04:59.999000+00:00,95.109018,96.2593157142857,1.8842,514355.06,vol_trail,5,76.4,24,-0.2894,2.7745,0.04,0.23499999999999943,8250731.39
SAGAUSDT,2026-05-11T05:04:59.999000+00:00,2026-05-11T06:04:59.999000+00:00,0.020794158,0.020285941999999998,-1.0347,-341477.76,stop_loss,1,60.8,12,-0.94,0.46,0.04,0.00020000000000000077,7903077.22
CRVUSDT,2026-05-11T10:09:59.999000+00:00,2026-05-11T10:19:59.999000+00:00,0.26275254,0.2651612428571429,1.0865,343463.17,vol_trail,3,72.4,2,0.0,2.1831,0.04,0.0008428571428571373,8216280.92
PENDLEUSDT,2026-05-11T10:14:59.999000+00:00,2026-05-11T10:59:59.999000+00:00,1.94228838,1.9194981664285715,-1.0743,-338851.69,stop_loss,8,82.0,9,-1.1218,0.2952,0.04,0.008807142857142838,7877429.23
SOLUSDT,2026-05-11T13:44:59.999000+00:00,2026-05-11T14:34:59.999000+00:00,95.31906,94.54180214285714,-1.1089,-349414.55,stop_loss,8,81.6,10,-1.0415,0.6357,0.04,0.29571428571428576,7509732.65
CRVUSDT,2026-05-11T16:09:59.999000+00:00,2026-05-11T16:29:59.999000+00:00,0.27775554,0.27205629214285715,-1.0416,-312878.69,stop_loss,3,70.7,4,-0.9661,0.4473,0.04,0.0022357142857142775,7190136.53
MITOUSDT,2026-05-11T18:54:59.999000+00:00,2026-05-11T20:44:59.999000+00:00,0.06650329799999999,0.06664952457142857,0.1991,57249.49,vol_trail,3,70.8,22,-0.4453,1.096,0.04,0.00023357142857142823,7232646.17
IRYSUSDT,2026-05-12T00:24:59.999000+00:00,2026-05-12T01:34:59.999000+00:00,0.046119222,0.0472530475,0.9969,288300.26,vol_trail,7,79.0,14,0.0,2.1862,0.04,0.00044642857142857185,7513166.32
QUSDT,2026-05-12T00:04:59.999000+00:00,2026-05-12T03:19:59.999000+00:00,0.0149919978,0.01498714482857143,-0.0143,-4129.4,vol_trail,7,80.7,39,-0.4997,0.2917,0.04,0.0003249999999999999,7509036.92
MITOUSDT,2026-05-12T08:34:59.999000+00:00,2026-05-12T08:54:59.999000+00:00,0.072144426,0.07091402864285715,-1.0504,-315359.85,stop_loss,2,67.3,4,-1.1649,0.0,0.04,0.0004807142857142857,7182517.75
IRYSUSDT,2026-05-12T04:54:59.999000+00:00,2026-05-12T09:44:59.999000+00:00,0.050790155999999996,0.05415773771428571,1.4847,445944.61,vol_trail,1,55.1,58,-0.0844,2.4025,0.04,0.0009007142857142865,7628462.36
QUSDT,2026-05-12T16:39:59.999000+00:00,2026-05-12T18:59:59.999000+00:00,0.0150250044,0.015211671342857143,0.5055,154254.47,vol_trail,1,61.5,28,-0.6606,1.3353,0.04,0.0001422857142857141,7771638.0
IRYSUSDT,2026-05-12T18:14:59.999000+00:00,2026-05-12T19:19:59.999000+00:00,0.052420482,0.05259590728571428,0.1114,33960.91,vol_trail,1,52.7,13,-0.1394,1.4899,0.04,0.0005450000000000013,7805598.91
QUSDT,2026-05-12T22:09:59.999000+00:00,2026-05-12T22:39:59.999000+00:00,0.0156591312,0.015906246685714286,0.7904,246797.06,vol_trail,3,72.1,6,0.0,1.5351,0.04,0.00012142857142857157,8045148.51
BNBUSDT,2026-05-13T01:44:59.999000+00:00,2026-05-13T03:54:59.999000+00:00,679.5858900000001,680.2110734285715,0.0687,22116.67,vol_trail,2,68.2,26,-0.1809,0.6311,0.04,1.8571428571428652,8046068.61
QUSDT,2026-05-13T09:34:59.999000+00:00,2026-05-13T09:44:59.999000+00:00,0.0167153424,0.01689383484285714,0.3856,124092.97,vol_trail,7,79.8,2,0.0,1.4485,0.04,0.0001772857142857144,8164699.51
QUSDT,2026-05-13T14:19:59.999000+00:00,2026-05-13T16:54:59.999000+00:00,0.0203460684,0.02091117407142857,0.4306,140626.5,vol_trail,7,80.1,31,-0.0256,1.5947,0.04,0.0005162142857142858,8303009.02
BNBUSDT,2026-05-14T00:39:59.999000+00:00,2026-05-14T00:54:59.999000+00:00,677.265426,674.4593668571428,-1.2263,-407281.74,stop_loss,2,68.7,3,-0.8558,0.0079,0.04,1.0142857142857338,7855809.48
SAPIENUSDT,2026-05-14T02:14:59.999000+00:00,2026-05-14T03:24:59.999000+00:00,0.12346468799999999,0.12106042592857143,-1.0439,-328024.77,stop_loss,8,81.9,14,-0.9255,0.259,0.04,0.0009421428571428576,7520372.47
QUSDT,2026-05-14T03:44:59.999000+00:00,2026-05-14T04:44:59.999000+00:00,0.0249719934,0.023608348814285713,-1.015,-305333.97,stop_loss,2,68.4,12,-0.715,0.1935,0.04,0.0005415714285714285,7212541.77
PENDLEUSDT,2026-05-14T05:24:59.999000+00:00,2026-05-14T06:34:59.999000+00:00,1.9852969800000002,1.9904518299999998,0.1738,50153.92,vol_trail,1,64.0,14,0.0,1.4408,0.04,0.0098,7252175.58
ADAUSDT,2026-05-14T12:34:59.999000+00:00,2026-05-14T13:34:59.999000+00:00,0.26575314,0.2664752657142857,0.3876,112446.61,vol_trail,5,75.8,12,0.0,1.0299,0.04,0.0006214285714285704,7318439.53
XRPUSDT,2026-05-14T13:14:59.999000+00:00,2026-05-14T13:34:59.999000+00:00,1.4564912399999999,1.4479639207142858,-1.1551,-334047.18,stop_loss,8,81.9,4,-0.8935,0.0,0.04,0.003178571428571364,6984392.35
PENDLEUSDT,2026-05-14T14:19:59.999000+00:00,2026-05-14T17:49:59.999000+00:00,2.01280248,2.053360674285714,1.2763,356571.78,vol_trail,3,72.5,42,-0.5571,2.1543,0.04,0.012421428571428599,7332815.38
ADAUSDT,2026-05-14T18:14:59.999000+00:00,2026-05-14T19:29:59.999000+00:00,0.27385476,0.27621617428571427,0.864,253419.17,vol_trail,1,66.1,15,0.0,2.1628,0.04,0.0010357142857142826,7572274.61
TRUTHUSDT,2026-05-15T00:09:59.999000+00:00,2026-05-15T01:34:59.999000+00:00,0.0199519896,0.019157382042857142,-1.0209,-309220.96,stop_loss,6,77.3,17,-0.9164,0.6342,0.04,0.00031471428571428574,7259597.22
IRYSUSDT,2026-05-15T07:09:59.999000+00:00,2026-05-15T07:59:59.999000+00:00,0.052540506,0.050794839,-1.0252,-297710.77,stop_loss,9,83.4,10,-0.8522,0.0696,0.04,0.0006900000000000002,6957906.38
STORJUSDT,2026-05-15T16:04:59.999000+00:00,2026-05-15T16:14:59.999000+00:00,0.11512301999999999,0.1090067657142857,-1.0155,-282619.69,stop_loss,5,76.8,2,-1.0541,0.0,0.04,0.002428571428571428,6672911.92
AIAUSDT,2026-05-16T00:49:59.999000+00:00,2026-05-16T01:44:59.999000+00:00,0.056721342,0.057413515,0.5126,136812.54,vol_trail,2,68.4,11,-0.1077,1.6769,0.04,0.0005200000000000006,6804483.74
QUSDT,2026-05-16T12:19:59.999000+00:00,2026-05-16T13:04:59.999000+00:00,0.0226085208,0.022283649521428573,-1.0602,-288555.34,stop_loss,1,55.2,9,-0.7914,0.0,0.04,0.00012635714285714233,6507162.43
AIAUSDT,2026-05-16T16:24:59.999000+00:00,2026-05-16T20:34:59.999000+00:00,0.062292456,0.06567614785714287,1.6846,438475.84,vol_trail,1,65.0,50,-0.4018,2.6719,0.04,0.0007964285714285714,6941973.79
AIAUSDT,2026-05-16T23:44:59.999000+00:00,2026-05-17T00:19:59.999000+00:00,0.072024402,0.06904261728571429,-1.0201,-283252.37,stop_loss,1,64.1,7,-1.2087,0.3081,0.04,0.0011814285714285724,6655674.31
KAITOUSDT,2026-05-17T05:39:59.999000+00:00,2026-05-17T05:44:59.999000+00:00,0.4435887,0.44442538285714284,0.1783,47461.24,vol_trail,3,71.7,1,0.0,1.148,0.04,0.0014285714285714338,6688255.55
KAITOUSDT,2026-05-17T12:09:59.999000+00:00,2026-05-17T13:49:59.999000+00:00,0.47109419999999996,0.4767760542857143,1.0631,284407.93,vol_trail,3,71.8,20,-0.7972,1.5944,0.04,0.0020571428571428607,6961635.68
KAITOUSDT,2026-05-17T23:54:59.999000+00:00,2026-05-18T01:24:59.999000+00:00,0.48579714,0.4768367564285715,-1.0464,-291394.94,stop_loss,6,77.7,18,-0.901,0.5246,0.04,0.0035071428571428476,6663297.77
CHZUSDT,2026-05-18T08:59:59.999000+00:00,2026-05-18T09:29:59.999000+00:00,0.047849568,0.04713235735714286,-1.0576,-281879.86,stop_loss,3,73.2,6,-1.1171,0.0,0.04,0.00027928571428571455,6373198.3
OPENUSDT,2026-05-18T10:24:59.999000+00:00,2026-05-18T13:04:59.999000+00:00,0.1985397,0.2070442971428572,2.3435,597419.07,vol_trail,1,64.7,32,0.0,4.3741,0.04,0.0014357142857142843,6955100.75
DYDXUSDT,2026-05-18T12:34:59.999000+00:00,2026-05-18T13:34:59.999000+00:00,0.13432686,0.1325949042857143,-1.0674,-271826.44,stop_loss,1,60.6,12,-0.834,0.2979,0.04,0.0006714285714285688,6683274.31
OPENUSDT,2026-05-18T19:09:59.999000+00:00,2026-05-18T21:29:59.999000+00:00,0.2205441,0.22055587999999998,-0.0156,-4170.3,vol_trail,8,81.7,28,-0.642,0.749,0.04,0.002242857142857146,6674372.32
APRUSDT,2026-05-19T07:54:59.999000+00:00,2026-05-19T09:09:59.999000+00:00,0.169323858,0.17037163314285714,0.0699,18668.69,vol_trail,7,79.1,15,-0.3996,0.6819,0.04,0.005554999999999998,6677556.15
FOGOUSDT,2026-05-19T08:39:59.999000+00:00,2026-05-19T09:39:59.999000+00:00,0.016883376,0.01673201007142857,-1.0985,-293217.07,stop_loss,5,76.3,12,-0.8988,0.1383,0.04,5.785714285714298e-05,6384339.09
APRUSDT,2026-05-19T18:49:59.999000+00:00,2026-05-19T20:14:59.999000+00:00,0.172374468,0.17331533000000002,0.2819,71994.38,vol_trail,1,60.0,17,-0.3529,1.3036,0.04,0.0012242857142857114,6449861.46
KAITOUSDT,2026-05-20T00:09:59.999000+00:00,2026-05-20T00:29:59.999000+00:00,0.44778954,0.44879593714285715,0.2435,62823.16,vol_trail,6,78.1,4,-0.6357,1.1805,0.04,0.0013214285714285726,6496947.94
APRUSDT,2026-05-20T05:54:59.999000+00:00,2026-05-20T06:59:59.999000+00:00,0.178905774,0.17149105207142856,-1.02,-265088.11,stop_loss,3,71.1,13,-1.0103,0.7216,0.04,0.0029378571428571427,6219202.99
KAITOUSDT,2026-05-20T06:54:59.999000+00:00,2026-05-20T11:24:59.999000+00:00,0.45849167999999996,0.46608533571428573,1.3513,351020.39,vol_trail,1,62.9,54,-0.5673,2.8,0.04,0.002185714285714279,6570223.38
OPENUSDT,2026-05-20T21:59:59.999000+00:00,2026-05-20T23:09:59.999000+00:00,0.21364272,0.21860627,2.112,555056.39,vol_trail,1,61.2,14,-0.0868,3.9938,0.04,0.0009214285714285711,7114311.48
